image_path,label,source
data/PlantVillage/Potato___Late_blight/2a52ba17-febc-49b9-b5ab-52a500d387de___RS_LB 2621.JPG,Potato___Late_blight,PlantVillage external crop disease dataset
data/PlantVillage/Tomato__Tomato_mosaic_virus/c1ff629a-8390-43a4-88ed-86e462d688a7___PSU_CG 2083.JPG,Tomato__Tomato_mosaic_virus,PlantVillage external crop disease dataset
data/PlantVillage/Potato___healthy/52dd2fdd-6966-450c-a42b-ee14428d4271___RS_HL 1955.JPG,Potato___healthy,PlantVillage external crop disease dataset
data/PlantVillage/Pepper__bell___healthy/12e22bb7-46e1-4714-8139-83e3a9bfef07___JR_HL 7813.JPG,Pepper__bell___healthy,PlantVillage external crop disease dataset
data/PlantVillage/Tomato_healthy/139d2f99-d25b-440d-805e-d070a399d8f1___RS_HL 0600.JPG,Tomato_healthy,PlantVillage external crop disease dataset
data/PlantVillage/Pepper__bell___Bacterial_spot/1fca0f2b-857b-4cef-9218-42b1bdd92d00___JR_B.Spot 8969.JPG,Pepper__bell___Bacterial_spot,PlantVillage external crop disease dataset
data/PlantVillage/Tomato_healthy/0cabff41-b00b-4692-98af-6b8b0aeba7aa___RS_HL 9774.JPG,Tomato_healthy,PlantVillage external crop disease dataset
data/PlantVillage/Tomato_Bacterial_spot/137ffef0-7f3d-4610-82f5-f59f9826b926___UF.GRC_BS_Lab Leaf 9109.JPG,Tomato_Bacterial_spot,PlantVillage external crop disease dataset
data/PlantVillage/Tomato_Leaf_Mold/0adab1d4-5696-4cd8-8453-3931b70e856d___Crnl_L.Mold 8689.JPG,Tomato_Leaf_Mold,PlantVillage external crop disease dataset
data/PlantVillage/Potato___Early_blight/3613b972-6af8-4a9a-be7f-bf68e4eb4cd0___RS_Early.B 6813.JPG,Potato___Early_blight,PlantVillage external crop disease dataset
data/PlantVillage/Tomato_healthy/29d9f827-5e61-4b9b-acba-db0e7ce2016d___GH_HL Leaf 480.JPG,Tomato_healthy,PlantVillage external crop disease dataset
data/PlantVillage/Tomato_Leaf_Mold/28fc4b35-8b20-4bd0-8e41-c1ef7093ff33___Crnl_L.Mold 6755.JPG,Tomato_Leaf_Mold,PlantVillage external crop disease dataset
data/PlantVillage/Tomato_Spider_mites_Two_spotted_spider_mite/29e4107d-ab5d-462f-bfe9-d4f440e899fb___Com.G_SpM_FL 1538.JPG,Tomato_Spider_mites_Two_spotted_spider_mite,PlantVillage external crop disease dataset
data/PlantVillage/PlantVillage/Pepper__bell___Bacterial_spot/1f3b1b11-4934-4c0b-b054-8f8a977b488c___JR_B.Spot 3373.JPG,PlantVillage,PlantVillage external crop disease dataset
data/PlantVillage/Tomato_Septoria_leaf_spot/06778fed-2b98-49b1-a9d3-d57765586a3f___Matt.S_CG 2795.JPG,Tomato_Septoria_leaf_spot,PlantVillage external crop disease dataset
data/PlantVillage/Tomato_Early_blight/0a2726e0-3358-4a46-b6dc-563a5a9f2bdf___RS_Erly.B 7860.JPG,Tomato_Early_blight,PlantVillage external crop disease dataset
data/PlantVillage/Tomato_Spider_mites_Two_spotted_spider_mite/2ac9a09c-b68a-4dba-a5c9-ae740fc9b8d4___Com.G_SpM_FL 9651.JPG,Tomato_Spider_mites_Two_spotted_spider_mite,PlantVillage external crop disease dataset
data/PlantVillage/Potato___Late_blight/4bccc3ae-4246-48f8-9c07-f4a1d5856314___RS_LB 2760.JPG,Potato___Late_blight,PlantVillage external crop disease dataset
data/PlantVillage/Tomato_Spider_mites_Two_spotted_spider_mite/0c2e84df-4d41-46f6-9cf9-05aea349ce18___Com.G_SpM_FL 1142.JPG,Tomato_Spider_mites_Two_spotted_spider_mite,PlantVillage external crop disease dataset
data/PlantVillage/Tomato_Bacterial_spot/151a2e55-b8d4-4c30-b494-4aa77a2f5695___GCREC_Bact.Sp 5941.JPG,Tomato_Bacterial_spot,PlantVillage external crop disease dataset
data/PlantVillage/Tomato__Target_Spot/1078fabc-a383-469b-a3ae-6ab9688224f1___Com.G_TgS_FL 0790.JPG,Tomato__Target_Spot,PlantVillage external crop disease dataset
data/PlantVillage/Tomato_Late_blight/22a34aab-076c-4e49-a584-9377c07b45aa___RS_Late.B 4866.JPG,Tomato_Late_blight,PlantVillage external crop disease dataset
data/PlantVillage/Pepper__bell___Bacterial_spot/3ff12256-cb79-4a74-8c2f-2df51b31d646___NREC_B.Spot 9242.JPG,Pepper__bell___Bacterial_spot,PlantVillage external crop disease dataset
data/PlantVillage/Tomato_Septoria_leaf_spot/009ce7ca-77de-4e4e-9f59-bec9162df779___Matt.S_CG 7403.JPG,Tomato_Septoria_leaf_spot,PlantVillage external crop disease dataset
data/PlantVillage/Tomato_Leaf_Mold/05205449-e0d0-4d2f-a2fb-6f1fc0e2e9c5___Crnl_L.Mold 8717.JPG,Tomato_Leaf_Mold,PlantVillage external crop disease dataset
data/PlantVillage/Potato___Early_blight/275c3337-11ee-487c-9093-bcd5e310c72c___RS_Early.B 7671.JPG,Potato___Early_blight,PlantVillage external crop disease dataset
data/PlantVillage/Tomato__Target_Spot/086c833c-f885-4b46-9417-a6a3406dadbe___Com.G_TgS_FL 7985.JPG,Tomato__Target_Spot,PlantVillage external crop disease dataset
data/PlantVillage/Tomato__Tomato_YellowLeaf__Curl_Virus/07cd23b4-48dd-4ae0-be4a-dfe529e3779a___YLCV_NREC 2930.JPG,Tomato__Tomato_YellowLeaf__Curl_Virus,PlantVillage external crop disease dataset
data/PlantVillage/Tomato_Early_blight/0f03a09c-aa48-4d51-95e1-752c466c3742___RS_Erly.B 6413.JPG,Tomato_Early_blight,PlantVillage external crop disease dataset
data/PlantVillage/Tomato_Leaf_Mold/18488cdf-a5d7-43ff-8dfe-8250e1a04820___Crnl_L.Mold 6939.JPG,Tomato_Leaf_Mold,PlantVillage external crop disease dataset
data/PlantVillage/Potato___Early_blight/1769d41b-fd4c-49b1-adce-e89fee6a352e___RS_Early.B 6741.JPG,Potato___Early_blight,PlantVillage external crop disease dataset
data/PlantVillage/Pepper__bell___Bacterial_spot/14fa67ae-6059-40e9-9eca-2c5000c1d9cd___NREC_B.Spot 9225.JPG,Pepper__bell___Bacterial_spot,PlantVillage external crop disease dataset
data/PlantVillage/Tomato_Bacterial_spot/05796aef-4298-48b1-ac04-e3ba020cb8b8___GCREC_Bact.Sp 3650.JPG,Tomato_Bacterial_spot,PlantVillage external crop disease dataset
data/PlantVillage/PlantVillage/Pepper__bell___Bacterial_spot/45cfd1ee-052e-43ef-93ff-ae392eedd726___NREC_B.Spot 9084.JPG,PlantVillage,PlantVillage external crop disease dataset
data/PlantVillage/Tomato__Tomato_mosaic_virus/55117128-4dcf-4b3a-bde6-9f42a18d4b24___PSU_CG 2377.JPG,Tomato__Tomato_mosaic_virus,PlantVillage external crop disease dataset
data/PlantVillage/Potato___Early_blight/1f830d02-1fc6-41d6-99c6-851e0d2af4ad___RS_Early.B 9182.JPG,Potato___Early_blight,PlantVillage external crop disease dataset
data/PlantVillage/Potato___Late_blight/24482fe2-5139-4f73-909e-9ea4a3d8bf5d___RS_LB 4733.JPG,Potato___Late_blight,PlantVillage external crop disease dataset
data/PlantVillage/Pepper__bell___healthy/354ec641-1c12-4440-8dd5-635d169d484e___JR_HL 8139.JPG,Pepper__bell___healthy,PlantVillage external crop disease dataset
data/PlantVillage/Potato___Early_blight/02578b86-b234-4ac0-9bc3-691b5610e2bf___RS_Early.B 7562.JPG,Potato___Early_blight,PlantVillage external crop disease dataset
data/PlantVillage/Tomato_Early_blight/268590f4-68f6-4de9-968e-a7465b377db4___RS_Erly.B 7614.JPG,Tomato_Early_blight,PlantVillage external crop disease dataset
data/PlantVillage/Tomato__Tomato_mosaic_virus/186fd47c-c1a7-4384-b619-dc3c0c0e9d4b___PSU_CG 2203.JPG,Tomato__Tomato_mosaic_virus,PlantVillage external crop disease dataset
data/PlantVillage/Tomato__Tomato_mosaic_virus/382828a4-dbdf-4ddc-a75b-9a6fcc4b600e___PSU_CG 2054.JPG,Tomato__Tomato_mosaic_virus,PlantVillage external crop disease dataset
data/PlantVillage/Tomato_Spider_mites_Two_spotted_spider_mite/0315776d-6d0d-4ae2-b102-4fd0feebaa51___Com.G_SpM_FL 9375.JPG,Tomato_Spider_mites_Two_spotted_spider_mite,PlantVillage external crop disease dataset
data/PlantVillage/Tomato_Spider_mites_Two_spotted_spider_mite/29c03d6f-93d8-4dbe-b2f3-456970337a46___Com.G_SpM_FL 1485.JPG,Tomato_Spider_mites_Two_spotted_spider_mite,PlantVillage external crop disease dataset
data/PlantVillage/Pepper__bell___healthy/0c102dad-d31f-469b-89d1-6fe7bf93708c___JR_HL 7689.JPG,Pepper__bell___healthy,PlantVillage external crop disease dataset
data/PlantVillage/Potato___healthy/415ac4a2-8f16-4052-880e-1e1f208965f0___RS_HL 1884.JPG,Potato___healthy,PlantVillage external crop disease dataset
data/PlantVillage/Potato___Late_blight/37ac120b-240a-42fc-839c-90c6dea13d85___RS_LB 5214.JPG,Potato___Late_blight,PlantVillage external crop disease dataset
data/PlantVillage/Tomato__Tomato_YellowLeaf__Curl_Virus/0202eabf-19ef-4656-8ede-5d0e96906304___YLCV_GCREC 2604.JPG,Tomato__Tomato_YellowLeaf__Curl_Virus,PlantVillage external crop disease dataset
data/PlantVillage/Tomato__Tomato_mosaic_virus/7dd798aa-f748-4ac3-9f6d-d4ced4a27403___PSU_CG 2374.JPG,Tomato__Tomato_mosaic_virus,PlantVillage external crop disease dataset
data/PlantVillage/Tomato__Target_Spot/0cb83b4d-281d-4b8f-a52a-8178fa8af907___Com.G_TgS_FL 7928.JPG,Tomato__Target_Spot,PlantVillage external crop disease dataset
data/PlantVillage/PlantVillage/Pepper__bell___Bacterial_spot/11a23270-53e7-41b6-8c79-91caeaf9cfa6___JR_B.Spot 9050.JPG,PlantVillage,PlantVillage external crop disease dataset
data/PlantVillage/Potato___Late_blight/49d18379-215d-427e-8662-9cde649d4a33___RS_LB 3163.JPG,Potato___Late_blight,PlantVillage external crop disease dataset
data/PlantVillage/Tomato_Spider_mites_Two_spotted_spider_mite/2d0b5528-6c40-4881-9b9d-bd2cb06a2831___Com.G_SpM_FL 1200.JPG,Tomato_Spider_mites_Two_spotted_spider_mite,PlantVillage external crop disease dataset
data/PlantVillage/Pepper__bell___Bacterial_spot/1f3b1b11-4934-4c0b-b054-8f8a977b488c___JR_B.Spot 3373.JPG,Pepper__bell___Bacterial_spot,PlantVillage external crop disease dataset
data/PlantVillage/Pepper__bell___Bacterial_spot/146d24cd-0c7e-458b-9f82-7b27525b04e4___JR_B.Spot 3329.JPG,Pepper__bell___Bacterial_spot,PlantVillage external crop disease dataset
data/PlantVillage/Tomato__Tomato_YellowLeaf__Curl_Virus/034a033b-6c59-4a45-a159-291561c711be___UF.GRC_YLCV_Lab 01627.JPG,Tomato__Tomato_YellowLeaf__Curl_Virus,PlantVillage external crop disease dataset
data/PlantVillage/Pepper__bell___Bacterial_spot/1d89d58f-09d2-42ee-a9dc-11e51d0a1635___JR_B.Spot 8826.JPG,Pepper__bell___Bacterial_spot,PlantVillage external crop disease dataset
data/PlantVillage/Tomato_Septoria_leaf_spot/102edb0a-780d-4b7e-b31e-c06e5e85211f___Matt.S_CG 2588.JPG,Tomato_Septoria_leaf_spot,PlantVillage external crop disease dataset
data/PlantVillage/Pepper__bell___Bacterial_spot/2700e5b5-295c-4378-b829-0e5989864380___NREC_B.Spot 9091.JPG,Pepper__bell___Bacterial_spot,PlantVillage external crop disease dataset
data/PlantVillage/Tomato__Tomato_mosaic_virus/2ffd2426-1463-48aa-a3bb-622ece568219___PSU_CG 2137.JPG,Tomato__Tomato_mosaic_virus,PlantVillage external crop disease dataset
data/PlantVillage/Tomato_Leaf_Mold/00694db7-3327-45e0-b4da-a8bb7ab6a4b7___Crnl_L.Mold 6923.JPG,Tomato_Leaf_Mold,PlantVillage external crop disease dataset
data/PlantVillage/Tomato__Tomato_YellowLeaf__Curl_Virus/07621782-2709-4cfb-b4ff-1f1bad24df64___YLCV_GCREC 5494.JPG,Tomato__Tomato_YellowLeaf__Curl_Virus,PlantVillage external crop disease dataset
data/PlantVillage/PlantVillage/Pepper__bell___Bacterial_spot/08485974-1e38-4e34-b296-fadd9cc26942___NREC_B.Spot 9193.JPG,PlantVillage,PlantVillage external crop disease dataset
data/PlantVillage/Tomato_Spider_mites_Two_spotted_spider_mite/24fa8aac-1c5b-4bf4-81e1-be5d658e1838___Com.G_SpM_FL 9602.JPG,Tomato_Spider_mites_Two_spotted_spider_mite,PlantVillage external crop disease dataset
data/PlantVillage/Potato___Early_blight/05c35093-11b8-4cd0-b67a-148859754440___RS_Early.B 8939.JPG,Potato___Early_blight,PlantVillage external crop disease dataset
data/PlantVillage/PlantVillage/Pepper__bell___Bacterial_spot/33f79c51-bc4b-46dc-bb41-7f84070dde74___JR_B.Spot 3122.JPG,PlantVillage,PlantVillage external crop disease dataset
data/PlantVillage/Tomato__Tomato_YellowLeaf__Curl_Virus/036662aa-5a39-4e1a-adc7-32017654d0ef___YLCV_GCREC 2463.JPG,Tomato__Tomato_YellowLeaf__Curl_Virus,PlantVillage external crop disease dataset
data/PlantVillage/Tomato__Tomato_YellowLeaf__Curl_Virus/05fcb411-6673-4c9a-a028-6cf70a8033a6___YLCV_NREC 0197.JPG,Tomato__Tomato_YellowLeaf__Curl_Virus,PlantVillage external crop disease dataset
data/PlantVillage/Pepper__bell___Bacterial_spot/22d71c45-e246-4210-bf3a-a0ce5eeacfb5___JR_B.Spot 8888.JPG,Pepper__bell___Bacterial_spot,PlantVillage external crop disease dataset
data/PlantVillage/Tomato__Tomato_mosaic_virus/2df35be7-ba8c-4ff6-a608-f7c481c59ede___PSU_CG 2202.JPG,Tomato__Tomato_mosaic_virus,PlantVillage external crop disease dataset
data/PlantVillage/Tomato_healthy/240a9583-9e6a-446d-8850-62bc23312ce9___GH_HL Leaf 312.4.JPG,Tomato_healthy,PlantVillage external crop disease dataset
data/PlantVillage/Potato___Early_blight/48ed1384-b3c5-464d-bdc8-97b347d89a58___RS_Early.B 6744.JPG,Potato___Early_blight,PlantVillage external crop disease dataset
data/PlantVillage/Pepper__bell___healthy/1ba85df7-f8db-4da9-afe5-25dd506ee87c___JR_HL 7881.JPG,Pepper__bell___healthy,PlantVillage external crop disease dataset
data/PlantVillage/Potato___Early_blight/107827b3-faa5-457c-97fd-3e34d2657f6b___RS_Early.B 7162.JPG,Potato___Early_blight,PlantVillage external crop disease dataset
data/PlantVillage/Pepper__bell___Bacterial_spot/45de9eff-47b2-4e93-941a-11eeedbefc4f___NREC_B.Spot 1945.JPG,Pepper__bell___Bacterial_spot,PlantVillage external crop disease dataset
data/PlantVillage/Tomato__Target_Spot/1f778f17-eacb-4d7a-bf34-041955ebff8f___Com.G_TgS_FL 0694.JPG,Tomato__Target_Spot,PlantVillage external crop disease dataset
data/PlantVillage/Tomato__Tomato_mosaic_virus/73c3945a-ec2b-4e6e-ad9d-0ad6193d7136___PSU_CG 2375.JPG,Tomato__Tomato_mosaic_virus,PlantVillage external crop disease dataset
data/PlantVillage/Tomato_healthy/27ed6a35-3fb7-4d57-9cb4-b368c1f4f6eb___RS_HL 9665.JPG,Tomato_healthy,PlantVillage external crop disease dataset
data/PlantVillage/Tomato_Early_blight/47e03272-d314-4928-bf7c-eda3ba6e7371___RS_Erly.B 7380.JPG,Tomato_Early_blight,PlantVillage external crop disease dataset
data/PlantVillage/Pepper__bell___Bacterial_spot/21556c18-1833-43a9-86b2-8e7130b4dbce___JR_B.Spot 3230.JPG,Pepper__bell___Bacterial_spot,PlantVillage external crop disease dataset
data/PlantVillage/Tomato_Early_blight/4065f166-5f48-4277-9f51-7aa61dbd4b48___RS_Erly.B 8399.JPG,Tomato_Early_blight,PlantVillage external crop disease dataset
data/PlantVillage/Potato___healthy/882798ca-67c3-45a3-86cf-4aed69388145___RS_HL 1750.JPG,Potato___healthy,PlantVillage external crop disease dataset
data/PlantVillage/Pepper__bell___healthy/18cf27f2-1bd9-46b6-bcc4-98ff09ee37c1___JR_HL 8671.JPG,Pepper__bell___healthy,PlantVillage external crop disease dataset
data/PlantVillage/Tomato__Target_Spot/315fed46-d81c-4e73-9e75-b264ce20ddc6___Com.G_TgS_FL 8019.JPG,Tomato__Target_Spot,PlantVillage external crop disease dataset
data/PlantVillage/Tomato_Bacterial_spot/11a25ab9-8a55-4891-898c-ef29c0502fa2___GCREC_Bact.Sp 3531.JPG,Tomato_Bacterial_spot,PlantVillage external crop disease dataset
data/PlantVillage/Tomato__Tomato_mosaic_virus/79f7f0e7-f4c8-4cf4-9c5d-2c4c4675fc04___PSU_CG 2147.JPG,Tomato__Tomato_mosaic_virus,PlantVillage external crop disease dataset
data/PlantVillage/Tomato_Early_blight/258e6e39-d791-482c-921d-65048753770a___RS_Erly.B 9422.JPG,Tomato_Early_blight,PlantVillage external crop disease dataset
data/PlantVillage/Potato___Early_blight/4e40c113-4ab2-4a71-9ecc-5ceb67905190___RS_Early.B 7446.JPG,Potato___Early_blight,PlantVillage external crop disease dataset
data/PlantVillage/Tomato__Target_Spot/2d918628-2486-4303-8e68-07fdefe3ae6b___Com.G_TgS_FL 9729.JPG,Tomato__Target_Spot,PlantVillage external crop disease dataset
data/PlantVillage/Tomato_Bacterial_spot/0045ba29-ed1b-43b4-afde-719cc7adefdb___GCREC_Bact.Sp 6254.JPG,Tomato_Bacterial_spot,PlantVillage external crop disease dataset
data/PlantVillage/PlantVillage/Pepper__bell___Bacterial_spot/0915c9a9-25b0-4728-be01-86e5cecb57df___NREC_B.Spot 1816.JPG,PlantVillage,PlantVillage external crop disease dataset
data/PlantVillage/Potato___healthy/57e262fc-e0ba-44db-a967-5ba6f1826e49___RS_HL 1897.JPG,Potato___healthy,PlantVillage external crop disease dataset
data/PlantVillage/Tomato_Leaf_Mold/3e7616df-52d8-43ef-9824-a77e82cdbf1a___Crnl_L.Mold 8777.JPG,Tomato_Leaf_Mold,PlantVillage external crop disease dataset
data/PlantVillage/Tomato__Tomato_YellowLeaf__Curl_Virus/035aede3-e458-462b-b69e-96ed52acd6ee___YLCV_NREC 2160.JPG,Tomato__Tomato_YellowLeaf__Curl_Virus,PlantVillage external crop disease dataset
data/PlantVillage/PlantVillage/Pepper__bell___Bacterial_spot/05c6ea65-cce4-43da-b57b-a45321b0e51b___NREC_B.Spot 9048.JPG,PlantVillage,PlantVillage external crop disease dataset
data/PlantVillage/Tomato__Target_Spot/216986d3-6b5d-47e6-8ae5-876de7aac386___Com.G_TgS_FL 8199.JPG,Tomato__Target_Spot,PlantVillage external crop disease dataset
data/PlantVillage/Tomato_Late_blight/15dc06c9-506a-470b-a015-14dcb585389f___GHLB_PS Leaf 15 Day 8.jpg,Tomato_Late_blight,PlantVillage external crop disease dataset
data/PlantVillage/Tomato_Septoria_leaf_spot/267884af-5e80-43e4-bace-0c8d3dd2a23d___Matt.S_CG 6230.JPG,Tomato_Septoria_leaf_spot,PlantVillage external crop disease dataset
data/PlantVillage/Pepper__bell___Bacterial_spot/3ecf6ae1-56d9-47c0-bedb-af7954dbc3c6___JR_B.Spot 8953.JPG,Pepper__bell___Bacterial_spot,PlantVillage external crop disease dataset
data/PlantVillage/Tomato__Tomato_mosaic_virus/79894594-feb4-46ca-830c-5f1cf5b11063___PSU_CG 2063.JPG,Tomato__Tomato_mosaic_virus,PlantVillage external crop disease dataset
data/PlantVillage/Tomato_Leaf_Mold/50a47a28-bbe5-43fb-a2b9-f13c3805de0c___Crnl_L.Mold 6572.JPG,Tomato_Leaf_Mold,PlantVillage external crop disease dataset
data/PlantVillage/Tomato__Tomato_YellowLeaf__Curl_Virus/0903aa95-6e8a-4abd-a003-126fcd9a5493___YLCV_GCREC 2806.JPG,Tomato__Tomato_YellowLeaf__Curl_Virus,PlantVillage external crop disease dataset
data/PlantVillage/Tomato__Tomato_YellowLeaf__Curl_Virus/038d757b-d3ae-497b-9a96-00a1d60a8a20___UF.GRC_YLCV_Lab 01358.JPG,Tomato__Tomato_YellowLeaf__Curl_Virus,PlantVillage external crop disease dataset
data/PlantVillage/Pepper__bell___Bacterial_spot/28462e1b-741c-4949-884f-e5c35375dab4___JR_B.Spot 3111.JPG,Pepper__bell___Bacterial_spot,PlantVillage external crop disease dataset
data/PlantVillage/Tomato_Leaf_Mold/33b4ab66-9077-47b9-8525-11e4257bda01___Crnl_L.Mold 9128.JPG,Tomato_Leaf_Mold,PlantVillage external crop disease dataset
data/PlantVillage/Tomato_Bacterial_spot/21f50927-9e52-4d6b-a3bd-8238cb23153a___GCREC_Bact.Sp 3271.JPG,Tomato_Bacterial_spot,PlantVillage external crop disease dataset
data/PlantVillage/Potato___Early_blight/2c48971d-9f73-401d-a62a-f3729d08b6c2___RS_Early.B 7463.JPG,Potato___Early_blight,PlantVillage external crop disease dataset
data/PlantVillage/Tomato__Tomato_mosaic_virus/99e849b4-3c38-4a96-ba96-14a133861e06___PSU_CG 2151.JPG,Tomato__Tomato_mosaic_virus,PlantVillage external crop disease dataset
data/PlantVillage/Tomato__Tomato_mosaic_virus/9916341f-9dd9-498f-b553-476d9f2d722e___PSU_CG 2087.JPG,Tomato__Tomato_mosaic_virus,PlantVillage external crop disease dataset
data/PlantVillage/Tomato__Target_Spot/0cff721c-1c6c-439e-a71e-7bbfca6d4fb4___Com.G_TgS_FL 0655.JPG,Tomato__Target_Spot,PlantVillage external crop disease dataset
data/PlantVillage/Tomato_Septoria_leaf_spot/03b3e88f-63ad-49e1-88c2-b8bfffd6aaf6___Matt.S_CG 1226.JPG,Tomato_Septoria_leaf_spot,PlantVillage external crop disease dataset
data/PlantVillage/Tomato__Tomato_mosaic_virus/6f341314-6084-4784-a3ba-0a9bdc944366___PSU_CG 2372.JPG,Tomato__Tomato_mosaic_virus,PlantVillage external crop disease dataset
data/PlantVillage/Tomato_Septoria_leaf_spot/13c2b73b-c37e-4ff8-b581-29776346a1cc___Matt.S_CG 0911.JPG,Tomato_Septoria_leaf_spot,PlantVillage external crop disease dataset
data/PlantVillage/Tomato__Target_Spot/08b9a677-e59f-4f3b-a4ff-325d211abdd2___Com.G_TgS_FL 1126.JPG,Tomato__Target_Spot,PlantVillage external crop disease dataset
data/PlantVillage/Tomato_Spider_mites_Two_spotted_spider_mite/22372e33-7f94-48f7-b394-421d1489328a___Com.G_SpM_FL 8697.JPG,Tomato_Spider_mites_Two_spotted_spider_mite,PlantVillage external crop disease dataset
data/PlantVillage/Potato___healthy/b61b9d33-59ea-41b0-a554-c382eb6128c5___RS_HL 1919.JPG,Potato___healthy,PlantVillage external crop disease dataset
data/PlantVillage/Tomato_Bacterial_spot/23dc9572-9fab-4847-b1dd-9c63e9ee010b___GCREC_Bact.Sp 5811.JPG,Tomato_Bacterial_spot,PlantVillage external crop disease dataset
data/PlantVillage/Tomato__Target_Spot/3919bfe9-902a-439d-b3db-3027ef2f59f2___Com.G_TgS_FL 0849.JPG,Tomato__Target_Spot,PlantVillage external crop disease dataset
data/PlantVillage/Tomato__Target_Spot/10e52d38-fe13-47b5-b105-27441e4dece7___Com.G_TgS_FL 9766.JPG,Tomato__Target_Spot,PlantVillage external crop disease dataset
data/PlantVillage/Tomato_Bacterial_spot/0ab9c705-f29e-45ac-b786-9549b3c38f16___GCREC_Bact.Sp 3223.JPG,Tomato_Bacterial_spot,PlantVillage external crop disease dataset
data/PlantVillage/Potato___Late_blight/1c6412c9-45ce-4814-af8d-274f4e3c9c4e___RS_LB 2746.JPG,Potato___Late_blight,PlantVillage external crop disease dataset
data/PlantVillage/Tomato_Septoria_leaf_spot/14c04ba8-7151-4797-8e35-e3732dcab1ca___Matt.S_CG 7529.JPG,Tomato_Septoria_leaf_spot,PlantVillage external crop disease dataset
data/PlantVillage/PlantVillage/Pepper__bell___Bacterial_spot/06d752a4-d4a5-439e-b374-231a2cc64032___NREC_B.Spot 1868.JPG,PlantVillage,PlantVillage external crop disease dataset
data/PlantVillage/Tomato__Target_Spot/1618e9b6-dbf3-4d92-a9bb-0460f121015b___Com.G_TgS_FL 9754.JPG,Tomato__Target_Spot,PlantVillage external crop disease dataset
data/PlantVillage/Tomato_Late_blight/01c391d2-1b3a-4b58-b205-a75674bba6e9___GHLB2 Leaf 8824.JPG,Tomato_Late_blight,PlantVillage external crop disease dataset
data/PlantVillage/Potato___Early_blight/1328ae8b-76e1-42e9-a0c4-7dd0612fdf99___RS_Early.B 8303.JPG,Potato___Early_blight,PlantVillage external crop disease dataset
data/PlantVillage/Potato___Late_blight/36fc1631-634b-42d3-a865-cc858557a8a8___RS_LB 4427.JPG,Potato___Late_blight,PlantVillage external crop disease dataset
data/PlantVillage/Tomato_Septoria_leaf_spot/18e46966-a79e-4f9d-a91c-b65f3f8488d2___Matt.S_CG 0872.JPG,Tomato_Septoria_leaf_spot,PlantVillage external crop disease dataset
data/PlantVillage/Tomato_Spider_mites_Two_spotted_spider_mite/12bf81ae-5831-4823-b791-64c6f2372fd4___Com.G_SpM_FL 8558.JPG,Tomato_Spider_mites_Two_spotted_spider_mite,PlantVillage external crop disease dataset
data/PlantVillage/Tomato__Tomato_mosaic_virus/932959d9-826b-465f-82d7-8b419d2ad040___PSU_CG 2187.JPG,Tomato__Tomato_mosaic_virus,PlantVillage external crop disease dataset
data/PlantVillage/Tomato__Tomato_mosaic_virus/5d3eb639-b75e-4929-9a6a-4b89856b2345___PSU_CG 2273.JPG,Tomato__Tomato_mosaic_virus,PlantVillage external crop disease dataset
data/PlantVillage/Potato___Early_blight/1132bee0-fe6b-41a9-9583-7b959c2ca25f___RS_Early.B 7482.JPG,Potato___Early_blight,PlantVillage external crop disease dataset
data/PlantVillage/Tomato_Early_blight/3889a459-3e30-4345-83e1-57c68b32af30___RS_Erly.B 7638.JPG,Tomato_Early_blight,PlantVillage external crop disease dataset
data/PlantVillage/Tomato__Target_Spot/01f0e0cb-83a7-4190-9645-bd06b70c8d65___Com.G_TgS_FL 8318.JPG,Tomato__Target_Spot,PlantVillage external crop disease dataset
data/PlantVillage/Tomato__Tomato_YellowLeaf__Curl_Virus/09266523-41f5-42cd-bf15-5f13a6cec876___UF.GRC_YLCV_Lab 02419.JPG,Tomato__Tomato_YellowLeaf__Curl_Virus,PlantVillage external crop disease dataset
data/PlantVillage/Tomato_Late_blight/2325473b-e5b1-42b2-a569-647f3db554bb___GHLB2 Leaf 157.JPG,Tomato_Late_blight,PlantVillage external crop disease dataset
data/PlantVillage/Tomato_Leaf_Mold/097b050a-eaa4-4e4a-a30a-b72d1a4c0cc4___Crnl_L.Mold 8682.JPG,Tomato_Leaf_Mold,PlantVillage external crop disease dataset
data/PlantVillage/Potato___Late_blight/33551627-5824-42b9-9547-4df44590fee1___RS_LB 4848.JPG,Potato___Late_blight,PlantVillage external crop disease dataset
data/PlantVillage/Tomato_healthy/20dd3c49-88a2-4317-a5ec-d2066d8d815e___RS_HL 0125.JPG,Tomato_healthy,PlantVillage external crop disease dataset
data/PlantVillage/Potato___Late_blight/1cd0b065-e637-4307-9e0a-9c20dc44cc59___RS_LB 4784.JPG,Potato___Late_blight,PlantVillage external crop disease dataset
data/PlantVillage/Pepper__bell___healthy/2602f312-da1f-47eb-9c50-dcd4cba09d7d___JR_HL 7975.JPG,Pepper__bell___healthy,PlantVillage external crop disease dataset
data/PlantVillage/PlantVillage/Pepper__bell___Bacterial_spot/44dd61ff-4a53-4657-8340-4bd56d8d5dae___JR_B.Spot 8911.JPG,PlantVillage,PlantVillage external crop disease dataset
data/PlantVillage/Tomato_healthy/000bf685-b305-408b-91f4-37030f8e62db___GH_HL Leaf 308.1.JPG,Tomato_healthy,PlantVillage external crop disease dataset
data/PlantVillage/Potato___Early_blight/33d72b8e-ae59-4fd4-8c74-eaf342682b47___RS_Early.B 7884.JPG,Potato___Early_blight,PlantVillage external crop disease dataset
data/PlantVillage/Potato___Late_blight/152ffbeb-7dda-4313-a792-9faf68c017bf___RS_LB 2830.JPG,Potato___Late_blight,PlantVillage external crop disease dataset
data/PlantVillage/Tomato_healthy/07c3c887-da7d-4c81-b6ae-fabd1fb0ba5a___RS_HL 9681.JPG,Tomato_healthy,PlantVillage external crop disease dataset
data/PlantVillage/Pepper__bell___Bacterial_spot/26ca895f-8155-4d26-a0ac-7e04a7487832___NREC_B.Spot 9222.JPG,Pepper__bell___Bacterial_spot,PlantVillage external crop disease dataset
data/PlantVillage/Tomato_Spider_mites_Two_spotted_spider_mite/09434fa9-0733-4ef5-9cc3-db29d1e3a480___Com.G_SpM_FL 1425.JPG,Tomato_Spider_mites_Two_spotted_spider_mite,PlantVillage external crop disease dataset
data/PlantVillage/Tomato_Septoria_leaf_spot/021f9747-f308-4694-859b-10f541a0e63c___JR_Sept.L.S 2506.JPG,Tomato_Septoria_leaf_spot,PlantVillage external crop disease dataset
data/PlantVillage/PlantVillage/Pepper__bell___Bacterial_spot/2c13c040-2ce6-47c5-899c-8146cd774f79___NREC_B.Spot 1976.JPG,PlantVillage,PlantVillage external crop disease dataset
data/PlantVillage/Pepper__bell___healthy/07eda9a1-8f8a-471b-b3c6-9093c3d6ca90___JR_HL 8177.JPG,Pepper__bell___healthy,PlantVillage external crop disease dataset
data/PlantVillage/Tomato_Bacterial_spot/0b233197-cd35-4031-80c2-610e7e3a046b___GCREC_Bact.Sp 6095.JPG,Tomato_Bacterial_spot,PlantVillage external crop disease dataset
data/PlantVillage/Potato___Late_blight/2c2b39ed-75f9-49f6-a28e-36a2cb608297___RS_LB 2794.JPG,Potato___Late_blight,PlantVillage external crop disease dataset
data/PlantVillage/Pepper__bell___Bacterial_spot/357afd4d-f9d0-433b-8082-d9318a7f674a___NREC_B.Spot 9134.JPG,Pepper__bell___Bacterial_spot,PlantVillage external crop disease dataset
data/PlantVillage/Tomato__Target_Spot/11d94c10-2699-48ee-b3fb-27d4ac60aeaf___Com.G_TgS_FL 9894.JPG,Tomato__Target_Spot,PlantVillage external crop disease dataset
data/PlantVillage/Tomato_Late_blight/176dc34e-840a-40ae-889f-4e945d0de77d___GHLB2 Leaf 9000.JPG,Tomato_Late_blight,PlantVillage external crop disease dataset
data/PlantVillage/Tomato__Target_Spot/371b7ff8-6031-437b-b0c5-5fc10e2317d1___Com.G_TgS_FL 9944.JPG,Tomato__Target_Spot,PlantVillage external crop disease dataset
data/PlantVillage/PlantVillage/Pepper__bell___Bacterial_spot/35b1d344-1bb9-4976-9ba2-de290dd167dd___NREC_B.Spot 9056.JPG,PlantVillage,PlantVillage external crop disease dataset
data/PlantVillage/Potato___healthy/c07db642-c675-4066-99b6-56bc8207fb37___RS_HL 4164.JPG,Potato___healthy,PlantVillage external crop disease dataset
data/PlantVillage/Tomato_Late_blight/0736fe9f-bd15-4a85-ab6e-2b570b10f377___GHLB2 Leaf 64.1.JPG,Tomato_Late_blight,PlantVillage external crop disease dataset
data/PlantVillage/Tomato__Tomato_YellowLeaf__Curl_Virus/0dbdab59-5915-41ac-8ba1-bae9b0ae726b___YLCV_NREC 2552.JPG,Tomato__Tomato_YellowLeaf__Curl_Virus,PlantVillage external crop disease dataset
data/PlantVillage/Tomato__Tomato_YellowLeaf__Curl_Virus/041e4a13-afde-4475-9d89-93a68dfa3ceb___YLCV_NREC 0112.JPG,Tomato__Tomato_YellowLeaf__Curl_Virus,PlantVillage external crop disease dataset
data/PlantVillage/Pepper__bell___healthy/2d909414-0496-462b-b972-0ae16ee8f1e9___JR_HL 8061.JPG,Pepper__bell___healthy,PlantVillage external crop disease dataset
data/PlantVillage/PlantVillage/Pepper__bell___Bacterial_spot/1732db7e-9901-46df-b20e-3ca49ff1dbad___NREC_B.Spot 1791.JPG,PlantVillage,PlantVillage external crop disease dataset
data/PlantVillage/Pepper__bell___Bacterial_spot/14a96020-2720-43c5-8638-e70b90ebd573___JR_B.Spot 9039.JPG,Pepper__bell___Bacterial_spot,PlantVillage external crop disease dataset
data/PlantVillage/Tomato_healthy/01700b46-3800-46c6-ab81-09a5f50af525___RS_HL 0108.JPG,Tomato_healthy,PlantVillage external crop disease dataset
data/PlantVillage/Tomato_Spider_mites_Two_spotted_spider_mite/2cfa680e-a8f9-43b5-856d-cb8fe9607a73___Com.G_SpM_FL 9334.JPG,Tomato_Spider_mites_Two_spotted_spider_mite,PlantVillage external crop disease dataset
data/PlantVillage/Potato___Late_blight/44722935-fb60-4ecf-8503-f8258aa4e3e7___RS_LB 3225.JPG,Potato___Late_blight,PlantVillage external crop disease dataset
data/PlantVillage/Tomato__Target_Spot/1dbc3729-aa02-46fb-9276-79a382f62026___Com.G_TgS_FL 7951.JPG,Tomato__Target_Spot,PlantVillage external crop disease dataset
data/PlantVillage/Pepper__bell___Bacterial_spot/2254cc78-9169-4f14-9ab9-d9d3949a5f69___JR_B.Spot 3295.JPG,Pepper__bell___Bacterial_spot,PlantVillage external crop disease dataset
data/PlantVillage/Tomato_Spider_mites_Two_spotted_spider_mite/192b37de-023d-4075-a525-397353e8c93c___Com.G_SpM_FL 1690.JPG,Tomato_Spider_mites_Two_spotted_spider_mite,PlantVillage external crop disease dataset
data/PlantVillage/Tomato_healthy/05598cc1-60b9-4436-a233-973c42eff2d6___GH_HL Leaf 503.1.JPG,Tomato_healthy,PlantVillage external crop disease dataset
data/PlantVillage/Pepper__bell___Bacterial_spot/02baf62e-11e2-4dde-97fb-e369b57d55d3___JR_B.Spot 8971.JPG,Pepper__bell___Bacterial_spot,PlantVillage external crop disease dataset
data/PlantVillage/Tomato__Tomato_mosaic_virus/b8972ee2-b576-4fdd-bb69-f8c43b87471b___PSU_CG 2060.JPG,Tomato__Tomato_mosaic_virus,PlantVillage external crop disease dataset
data/PlantVillage/Tomato_Septoria_leaf_spot/2c26297d-15a5-4afa-b9ee-e56e3032cad5___Matt.S_CG 7489.JPG,Tomato_Septoria_leaf_spot,PlantVillage external crop disease dataset
data/PlantVillage/Tomato_Late_blight/18cb836c-f351-41e4-933a-fae2feb4b9ad___RS_Late.B 6050.JPG,Tomato_Late_blight,PlantVillage external crop disease dataset
data/PlantVillage/Tomato__Tomato_mosaic_virus/b8853fe7-7194-4ed8-bda6-b5799bf7815e___PSU_CG 2309.JPG,Tomato__Tomato_mosaic_virus,PlantVillage external crop disease dataset
data/PlantVillage/Tomato_Late_blight/1627cb48-dc80-46a1-bda0-b677c32fbf56___RS_Late.B 5066.JPG,Tomato_Late_blight,PlantVillage external crop disease dataset
data/PlantVillage/PlantVillage/Pepper__bell___Bacterial_spot/1ade72cf-f7e0-4282-92d9-614bf05289a0___NREC_B.Spot 1975.JPG,PlantVillage,PlantVillage external crop disease dataset
data/PlantVillage/Tomato_Leaf_Mold/4163864b-4d3b-4b6e-8174-e26b4dfc0a86___Crnl_L.Mold 8943.JPG,Tomato_Leaf_Mold,PlantVillage external crop disease dataset
data/PlantVillage/PlantVillage/Pepper__bell___Bacterial_spot/05af15b5-fbda-4dab-a4ba-c783d531d24d___JR_B.Spot 3150.JPG,PlantVillage,PlantVillage external crop disease dataset
data/PlantVillage/Tomato_Leaf_Mold/2e84cbfc-af2c-4c2b-9273-8427546a5383___Crnl_L.Mold 8692.JPG,Tomato_Leaf_Mold,PlantVillage external crop disease dataset
data/PlantVillage/Tomato_Spider_mites_Two_spotted_spider_mite/09f7d264-2fb7-48c2-adec-2bc288fb22cd___Com.G_SpM_FL 8686.JPG,Tomato_Spider_mites_Two_spotted_spider_mite,PlantVillage external crop disease dataset
data/PlantVillage/Pepper__bell___Bacterial_spot/2b8c82d0-2e5d-483a-93eb-53192fa486c9___NREC_B.Spot 1858.JPG,Pepper__bell___Bacterial_spot,PlantVillage external crop disease dataset
data/PlantVillage/Tomato_Septoria_leaf_spot/2be16c12-1422-4ef0-a070-474085e4cef8___Matt.S_CG 6622.JPG,Tomato_Septoria_leaf_spot,PlantVillage external crop disease dataset
data/PlantVillage/Tomato_Late_blight/050ddb3f-1eb7-4905-8fa3-fc537dc50b7a___GHLB2 Leaf 9042.JPG,Tomato_Late_blight,PlantVillage external crop disease dataset
data/PlantVillage/Potato___Late_blight/1cffe6a1-6fb3-4506-846c-478148a2b678___RS_LB 4380.JPG,Potato___Late_blight,PlantVillage external crop disease dataset
data/PlantVillage/Tomato_healthy/2de3b39c-9fbd-4e94-b9e4-3f97dac9c34d___GH_HL Leaf 286.1.JPG,Tomato_healthy,PlantVillage external crop disease dataset
data/PlantVillage/Tomato__Tomato_YellowLeaf__Curl_Virus/07018bab-e244-4aa8-970d-45f05b41417c___UF.GRC_YLCV_Lab 03286.JPG,Tomato__Tomato_YellowLeaf__Curl_Virus,PlantVillage external crop disease dataset
data/PlantVillage/Pepper__bell___Bacterial_spot/1d46d97c-17ae-41e2-9ac3-6a984804760e___JR_B.Spot 8825.JPG,Pepper__bell___Bacterial_spot,PlantVillage external crop disease dataset
data/PlantVillage/Potato___Early_blight/1896de06-b6eb-4c01-a6c6-3247405765b8___RS_Early.B 8335.JPG,Potato___Early_blight,PlantVillage external crop disease dataset
data/PlantVillage/Pepper__bell___Bacterial_spot/313c8e04-9195-4b11-9f63-72ce704f78f3___NREC_B.Spot 9245.JPG,Pepper__bell___Bacterial_spot,PlantVillage external crop disease dataset
data/PlantVillage/Tomato__Target_Spot/1d67d1c7-108d-4090-88c5-519d52963e9a___Com.G_TgS_FL 0980.JPG,Tomato__Target_Spot,PlantVillage external crop disease dataset
data/PlantVillage/Pepper__bell___healthy/1aa25bab-008c-4114-9832-096d81592dd9___JR_HL 7992.JPG,Pepper__bell___healthy,PlantVillage external crop disease dataset
data/PlantVillage/Tomato_Late_blight/225d8d96-41c1-4a03-b02d-0c1ca8c2017a___RS_Late.B 6795.JPG,Tomato_Late_blight,PlantVillage external crop disease dataset
data/PlantVillage/Tomato_healthy/2bd08574-9555-42a5-93b1-7fab8f9f8786___GH_HL Leaf 475.2.JPG,Tomato_healthy,PlantVillage external crop disease dataset
data/PlantVillage/Tomato_Leaf_Mold/05138150-866c-460e-a252-19d269a81d4d___Crnl_L.Mold 6745.JPG,Tomato_Leaf_Mold,PlantVillage external crop disease dataset
data/PlantVillage/PlantVillage/Pepper__bell___Bacterial_spot/2def1cb7-36cf-4aed-a8e5-ad7864721a44___JR_B.Spot 8915.JPG,PlantVillage,PlantVillage external crop disease dataset
data/PlantVillage/Tomato_Spider_mites_Two_spotted_spider_mite/053c2c95-1110-4d4e-98d1-e189858deb3f___Com.G_SpM_FL 8449.JPG,Tomato_Spider_mites_Two_spotted_spider_mite,PlantVillage external crop disease dataset
data/PlantVillage/PlantVillage/Pepper__bell___Bacterial_spot/1a1af0c4-9e4a-4158-b982-f81d487a3b68___NREC_B.Spot 9148.JPG,PlantVillage,PlantVillage external crop disease dataset
data/PlantVillage/Pepper__bell___healthy/0b796b7a-dfc8-47f7-9970-8373263c6408___JR_HL 5948.JPG,Pepper__bell___healthy,PlantVillage external crop disease dataset
data/PlantVillage/Tomato_Early_blight/3387fbf2-ee72-4601-b8de-c863eb96d181___RS_Erly.B 7452.JPG,Tomato_Early_blight,PlantVillage external crop disease dataset
data/PlantVillage/Tomato_healthy/22ebd26e-0388-4b07-8f48-bffb1680f350___RS_HL 9826.JPG,Tomato_healthy,PlantVillage external crop disease dataset
data/PlantVillage/Potato___healthy/54f86311-9d76-421b-b401-0b02f6e738a5___RS_HL 4172.JPG,Potato___healthy,PlantVillage external crop disease dataset
data/PlantVillage/Tomato_Spider_mites_Two_spotted_spider_mite/0cee18fc-bbbd-40dd-8d73-93df072c09ea___Com.G_SpM_FL 8904.JPG,Tomato_Spider_mites_Two_spotted_spider_mite,PlantVillage external crop disease dataset
data/PlantVillage/Potato___healthy/d287be3d-cac6-4485-8c31-674fb8b459be___RS_HL 1973.JPG,Potato___healthy,PlantVillage external crop disease dataset
data/PlantVillage/Potato___Early_blight/3ebc2af4-fe74-4918-b46f-09ec268884ef___RS_Early.B 7856.JPG,Potato___Early_blight,PlantVillage external crop disease dataset
data/PlantVillage/Tomato_Leaf_Mold/0ced0bae-d224-43f5-8fd7-072c7cbd8f77___Crnl_L.Mold 9161.JPG,Tomato_Leaf_Mold,PlantVillage external crop disease dataset
data/PlantVillage/Potato___healthy/8b2ce6b6-f00a-4f25-ac6d-4249dd7dc5f6___RS_HL 1890.JPG,Potato___healthy,PlantVillage external crop disease dataset
data/PlantVillage/Tomato__Tomato_YellowLeaf__Curl_Virus/07ad6ef7-f12c-4c74-b3d2-60e57e7db652___YLCV_GCREC 2195.JPG,Tomato__Tomato_YellowLeaf__Curl_Virus,PlantVillage external crop disease dataset
data/PlantVillage/Pepper__bell___Bacterial_spot/447735c7-b650-4ef6-a53b-8fb661470de3___JR_B.Spot 3370.JPG,Pepper__bell___Bacterial_spot,PlantVillage external crop disease dataset
data/PlantVillage/Tomato__Tomato_YellowLeaf__Curl_Virus/0a25c782-93a7-4a08-ace0-0ec025cba908___UF.GRC_YLCV_Lab 01945.JPG,Tomato__Tomato_YellowLeaf__Curl_Virus,PlantVillage external crop disease dataset
data/PlantVillage/Tomato_Spider_mites_Two_spotted_spider_mite/230070e0-c6a3-497a-8e3a-77831300087d___Com.G_SpM_FL 1403.JPG,Tomato_Spider_mites_Two_spotted_spider_mite,PlantVillage external crop disease dataset
data/PlantVillage/Pepper__bell___Bacterial_spot/3cc682be-f9eb-4464-a385-7265d8871b03___NREC_B.Spot 1865.JPG,Pepper__bell___Bacterial_spot,PlantVillage external crop disease dataset
data/PlantVillage/Tomato__Tomato_YellowLeaf__Curl_Virus/020ff520-4b65-4f52-89b3-fe6ca90e0601___UF.GRC_YLCV_Lab 02220.JPG,Tomato__Tomato_YellowLeaf__Curl_Virus,PlantVillage external crop disease dataset
data/PlantVillage/Tomato_Bacterial_spot/18f0234d-3647-4769-a5a5-752ae8c55f28___UF.GRC_BS_Lab Leaf 8845.JPG,Tomato_Bacterial_spot,PlantVillage external crop disease dataset
data/PlantVillage/Tomato_Spider_mites_Two_spotted_spider_mite/0421a79d-5c62-43e8-a695-ae55f987c27e___Com.G_SpM_FL 1434.JPG,Tomato_Spider_mites_Two_spotted_spider_mite,PlantVillage external crop disease dataset
data/PlantVillage/Potato___Early_blight/0898bffc-57aa-4fdb-92d1-fd6a03d2a011___RS_Early.B 6946.JPG,Potato___Early_blight,PlantVillage external crop disease dataset
data/PlantVillage/Tomato_Septoria_leaf_spot/1dba882a-8d8b-4f5e-a6d4-18f6c58534b3___Matt.S_CG 6782.JPG,Tomato_Septoria_leaf_spot,PlantVillage external crop disease dataset
data/PlantVillage/Tomato_Septoria_leaf_spot/13cc7d11-275b-44c2-977f-cef792d827ed___Keller.St_CG 2000.JPG,Tomato_Septoria_leaf_spot,PlantVillage external crop disease dataset
data/PlantVillage/Tomato_Bacterial_spot/15dde11a-b359-46d2-abbd-c1f56a86a083___GCREC_Bact.Sp 5799.JPG,Tomato_Bacterial_spot,PlantVillage external crop disease dataset
data/PlantVillage/Tomato_Early_blight/1ba88993-c3f8-462d-bd1b-e10819b9c96f___RS_Erly.B 8396.JPG,Tomato_Early_blight,PlantVillage external crop disease dataset
data/PlantVillage/Tomato_Late_blight/1d6d043a-9df9-49ec-9b0f-e40a8e7f409f___RS_Late.B 5287.JPG,Tomato_Late_blight,PlantVillage external crop disease dataset
data/PlantVillage/Tomato_Bacterial_spot/095f2dd4-7e65-44ab-a867-c5d9634ec532___GCREC_Bact.Sp 3801.JPG,Tomato_Bacterial_spot,PlantVillage external crop disease dataset
data/PlantVillage/Tomato__Tomato_mosaic_virus/73be89b4-f57a-4230-a0e4-4a0f50230fc7___PSU_CG 2142.JPG,Tomato__Tomato_mosaic_virus,PlantVillage external crop disease dataset
data/PlantVillage/Tomato_Bacterial_spot/00639d29-2d1a-4fcf-9bd3-a2b3109c74c4___UF.GRC_BS_Lab Leaf 1054.JPG,Tomato_Bacterial_spot,PlantVillage external crop disease dataset
data/PlantVillage/Tomato_Leaf_Mold/1fef5c8b-7d83-45b5-9031-f636c3dc44ae___Crnl_L.Mold 8953.JPG,Tomato_Leaf_Mold,PlantVillage external crop disease dataset
data/PlantVillage/Potato___Early_blight/4c246dbf-ad6c-4563-ad59-d5ea84453817___RS_Early.B 7662.JPG,Potato___Early_blight,PlantVillage external crop disease dataset
data/PlantVillage/Potato___Late_blight/2377f6d5-3660-4b5a-b5b3-eea448e7a143___RS_LB 2729.JPG,Potato___Late_blight,PlantVillage external crop disease dataset
data/PlantVillage/Tomato_Leaf_Mold/0462054e-f0aa-41a7-a9cc-95d0784b9767___Crnl_L.Mold 6547.JPG,Tomato_Leaf_Mold,PlantVillage external crop disease dataset
data/PlantVillage/Tomato_Spider_mites_Two_spotted_spider_mite/0956a6ef-18ce-4a82-a9a1-ca41d07ae13f___Com.G_SpM_FL 9371.JPG,Tomato_Spider_mites_Two_spotted_spider_mite,PlantVillage external crop disease dataset
data/PlantVillage/Tomato_healthy/29289230-4809-46cd-ba98-77af06af3f32___RS_HL 9651.JPG,Tomato_healthy,PlantVillage external crop disease dataset
data/PlantVillage/Tomato_Septoria_leaf_spot/2a7760ee-1b7c-437d-8f47-b6a65c6a3d9c___JR_Sept.L.S 2569.JPG,Tomato_Septoria_leaf_spot,PlantVillage external crop disease dataset
data/PlantVillage/Tomato_Early_blight/04e38351-80bc-4260-8a4d-187f7817c3e5___RS_Erly.B 7439.JPG,Tomato_Early_blight,PlantVillage external crop disease dataset
data/PlantVillage/Tomato_Leaf_Mold/1531d75f-303f-486d-a690-0318258e5477___Crnl_L.Mold 6977.JPG,Tomato_Leaf_Mold,PlantVillage external crop disease dataset
data/PlantVillage/Tomato_Spider_mites_Two_spotted_spider_mite/2e9248a1-78c7-4aa8-a696-ab96c6947ceb___Com.G_SpM_FL 8629.JPG,Tomato_Spider_mites_Two_spotted_spider_mite,PlantVillage external crop disease dataset
data/PlantVillage/Potato___Late_blight/19393f68-e96c-4c93-b4d1-39e1c54e53b1___RS_LB 4051.JPG,Potato___Late_blight,PlantVillage external crop disease dataset
data/PlantVillage/Pepper__bell___healthy/2fb934df-b92d-4ede-8700-72a4c5a40f04___JR_HL 8839.JPG,Pepper__bell___healthy,PlantVillage external crop disease dataset
data/PlantVillage/Tomato_Leaf_Mold/1a1acd8f-bd8d-47be-945d-ce308dffd678___Crnl_L.Mold 6675.JPG,Tomato_Leaf_Mold,PlantVillage external crop disease dataset
data/PlantVillage/Pepper__bell___healthy/133ea7c6-4494-4b6c-915b-ef09b1aacb2e___JR_HL 7712.JPG,Pepper__bell___healthy,PlantVillage external crop disease dataset
data/PlantVillage/Tomato_Early_blight/248a61d1-ed39-452b-b985-77120c1edc7a___RS_Erly.B 7669.JPG,Tomato_Early_blight,PlantVillage external crop disease dataset
data/PlantVillage/Tomato_Early_blight/1873e09f-31fd-4612-920a-861fac1af687___RS_Erly.B 7797.JPG,Tomato_Early_blight,PlantVillage external crop disease dataset
data/PlantVillage/Tomato_Early_blight/352ced01-4645-44e5-bc3e-1b7172deb883___RS_Erly.B 7758.JPG,Tomato_Early_blight,PlantVillage external crop disease dataset
data/PlantVillage/Tomato_healthy/115c8bc1-06b9-4679-9159-46e5640c39e7___GH_HL Leaf 206.2.JPG,Tomato_healthy,PlantVillage external crop disease dataset
data/PlantVillage/Tomato_Spider_mites_Two_spotted_spider_mite/23977dea-f6c3-4d90-b3bd-f6e55d41938f___Com.G_SpM_FL 1766.JPG,Tomato_Spider_mites_Two_spotted_spider_mite,PlantVillage external crop disease dataset
data/PlantVillage/Tomato__Target_Spot/0352b802-bcae-4ced-b483-e9a14292fa3b___Com.G_TgS_FL 7872.JPG,Tomato__Target_Spot,PlantVillage external crop disease dataset
data/PlantVillage/Tomato_Early_blight/06d0298e-18e5-4bf5-8d33-8feef6600f15___RS_Erly.B 7573.JPG,Tomato_Early_blight,PlantVillage external crop disease dataset
data/PlantVillage/Tomato__Tomato_YellowLeaf__Curl_Virus/01eb1927-e742-449d-97ea-5b83bbfe5b11___UF.GRC_YLCV_Lab 02751.JPG,Tomato__Tomato_YellowLeaf__Curl_Virus,PlantVillage external crop disease dataset
data/PlantVillage/Tomato_Early_blight/3d7f5e7a-3149-4bce-8fc3-f0df073d5a73___RS_Erly.B 7518.JPG,Tomato_Early_blight,PlantVillage external crop disease dataset
data/PlantVillage/Tomato_Leaf_Mold/0bae0514-799a-479f-a407-ad763f458916___Crnl_L.Mold 8989.JPG,Tomato_Leaf_Mold,PlantVillage external crop disease dataset
data/PlantVillage/Tomato__Target_Spot/258b3066-17f2-4cd0-967b-8c1f7b2bedf4___Com.G_TgS_FL 9860.JPG,Tomato__Target_Spot,PlantVillage external crop disease dataset
data/PlantVillage/Tomato_Septoria_leaf_spot/026c9801-8f0c-41b6-adfe-12704eafa73d___Keller.St_CG 1939.JPG,Tomato_Septoria_leaf_spot,PlantVillage external crop disease dataset
data/PlantVillage/Pepper__bell___healthy/1dab0ba9-9982-46ec-9ef6-70a1698baf04___JR_HL 8690.JPG,Pepper__bell___healthy,PlantVillage external crop disease dataset
data/PlantVillage/Pepper__bell___Bacterial_spot/44dd61ff-4a53-4657-8340-4bd56d8d5dae___JR_B.Spot 8911.JPG,Pepper__bell___Bacterial_spot,PlantVillage external crop disease dataset
data/PlantVillage/Tomato_Late_blight/1a895389-ec7f-4622-afaf-9afe6c16a26a___RS_Late.B 5172.JPG,Tomato_Late_blight,PlantVillage external crop disease dataset
data/PlantVillage/Potato___healthy/683b04ad-7941-4819-9965-ba32c725eb22___RS_HL 1861.JPG,Potato___healthy,PlantVillage external crop disease dataset
data/PlantVillage/Tomato_Septoria_leaf_spot/0a70601b-8511-4a56-9562-c95c46372874___Matt.S_CG 1032.JPG,Tomato_Septoria_leaf_spot,PlantVillage external crop disease dataset
data/PlantVillage/Tomato_Late_blight/031ab3ab-02f4-4397-9886-54345461580d___RS_Late.B 6654.JPG,Tomato_Late_blight,PlantVillage external crop disease dataset
data/PlantVillage/Potato___Late_blight/4ac84ca7-f60a-406e-938d-40f4ba5b75ce___RS_LB 2731.JPG,Potato___Late_blight,PlantVillage external crop disease dataset
data/PlantVillage/Potato___Early_blight/0604174e-3018-4faa-9975-0be32d2c0789___RS_Early.B 7123.JPG,Potato___Early_blight,PlantVillage external crop disease dataset
data/PlantVillage/Tomato_Late_blight/12125c80-42e3-4970-bb92-524262c337fa___GHLB_PS Leaf 8.1 Day 7.jpg,Tomato_Late_blight,PlantVillage external crop disease dataset
data/PlantVillage/Potato___Late_blight/127521ec-3cc5-4f98-ac73-ad561ec29e73___RS_LB 3219.JPG,Potato___Late_blight,PlantVillage external crop disease dataset
data/PlantVillage/PlantVillage/Pepper__bell___Bacterial_spot/1181b18f-8d1d-4ba1-9fba-dfe397c585ac___NREC_B.Spot 1846.JPG,PlantVillage,PlantVillage external crop disease dataset
data/PlantVillage/Potato___Late_blight/4ce7142d-29a5-4fa0-8559-f9a2e6a3f62d___RS_LB 3189.JPG,Potato___Late_blight,PlantVillage external crop disease dataset
data/PlantVillage/Potato___Late_blight/1b7342d7-5d89-4ee3-8b4f-587d79187511___RS_LB 4416.JPG,Potato___Late_blight,PlantVillage external crop disease dataset
data/PlantVillage/Tomato_Leaf_Mold/505aa99f-6336-43e6-b9d1-4ee69c19626d___Crnl_L.Mold 6825.JPG,Tomato_Leaf_Mold,PlantVillage external crop disease dataset
data/PlantVillage/Pepper__bell___healthy/126ffc98-0b54-4c66-a827-8bd4b7153259___JR_HL 7833.JPG,Pepper__bell___healthy,PlantVillage external crop disease dataset
data/PlantVillage/Pepper__bell___healthy/342c87ae-db00-4ba8-9029-a91ba10b4d77___JR_HL 8397.JPG,Pepper__bell___healthy,PlantVillage external crop disease dataset
data/PlantVillage/Tomato__Tomato_YellowLeaf__Curl_Virus/0b65e4d3-9a6e-463a-b930-814c787d01c6___UF.GRC_YLCV_Lab 01910.JPG,Tomato__Tomato_YellowLeaf__Curl_Virus,PlantVillage external crop disease dataset
data/PlantVillage/Pepper__bell___Bacterial_spot/3b3fcf17-b337-4548-b27f-f2b501c035c0___NREC_B.Spot 1942.JPG,Pepper__bell___Bacterial_spot,PlantVillage external crop disease dataset
data/PlantVillage/Tomato_Early_blight/29f6e3c2-0bf9-42fe-9a39-aef42acd5191___RS_Erly.B 9480.JPG,Tomato_Early_blight,PlantVillage external crop disease dataset
data/PlantVillage/Pepper__bell___healthy/28cb1970-1ca2-452a-ace6-cd98f1aeb57c___JR_HL 8886.JPG,Pepper__bell___healthy,PlantVillage external crop disease dataset
data/PlantVillage/Potato___Late_blight/0d8346e1-4624-4979-84e6-1353ca59007a___RS_LB 4079.JPG,Potato___Late_blight,PlantVillage external crop disease dataset
data/PlantVillage/Tomato_Bacterial_spot/0f4ce5ef-5ecf-4c5d-b301-3b5a44e3a1c8___UF.GRC_BS_Lab Leaf 0408.JPG,Tomato_Bacterial_spot,PlantVillage external crop disease dataset
data/PlantVillage/Tomato_Bacterial_spot/13affc42-3a89-4a99-97aa-98f41682a71e___UF.GRC_BS_Lab Leaf 0546.JPG,Tomato_Bacterial_spot,PlantVillage external crop disease dataset
data/PlantVillage/Potato___healthy/d1752ed4-a0a7-4075-917d-205c0e785dcf___RS_HL 1911.JPG,Potato___healthy,PlantVillage external crop disease dataset
data/PlantVillage/Potato___Late_blight/4a911e79-f9c0-4ba1-aa80-567d653df61c___RS_LB 4038.JPG,Potato___Late_blight,PlantVillage external crop disease dataset
data/PlantVillage/Tomato_Spider_mites_Two_spotted_spider_mite/2a6aa96a-1916-4d47-932a-9eda7ca46c91___Com.G_SpM_FL 8497.JPG,Tomato_Spider_mites_Two_spotted_spider_mite,PlantVillage external crop disease dataset
data/PlantVillage/Tomato__Tomato_YellowLeaf__Curl_Virus/0823f22f-e698-4d6e-bdfe-881f3801328e___YLCV_NREC 2499.JPG,Tomato__Tomato_YellowLeaf__Curl_Virus,PlantVillage external crop disease dataset
data/PlantVillage/Potato___Late_blight/2ea232e4-2e94-426f-b86f-8bc5861f334f___RS_LB 4757.JPG,Potato___Late_blight,PlantVillage external crop disease dataset
data/PlantVillage/PlantVillage/Pepper__bell___Bacterial_spot/2f9b46c7-fa77-4196-9ed1-f3f316182340___JR_B.Spot 8943.JPG,PlantVillage,PlantVillage external crop disease dataset
data/PlantVillage/Tomato_healthy/28e62e2d-8aba-48df-9eff-3d70a5b7775d___RS_HL 9870.JPG,Tomato_healthy,PlantVillage external crop disease dataset
data/PlantVillage/Tomato_healthy/15daad17-78e9-45d2-9054-5a76221f6c1e___GH_HL Leaf 246.JPG,Tomato_healthy,PlantVillage external crop disease dataset
data/PlantVillage/Tomato_Bacterial_spot/21d6c511-c51b-4680-a6f7-6781feca8e8e___GCREC_Bact.Sp 3433.JPG,Tomato_Bacterial_spot,PlantVillage external crop disease dataset
data/PlantVillage/Tomato_Leaf_Mold/08cdd6ec-9dd7-4fc2-a255-11a70adaffd4___Crnl_L.Mold 9177.JPG,Tomato_Leaf_Mold,PlantVillage external crop disease dataset
data/PlantVillage/Tomato_Spider_mites_Two_spotted_spider_mite/1bbcbd22-5959-4ae4-a044-85f81a1a02dd___Com.G_SpM_FL 9319.JPG,Tomato_Spider_mites_Two_spotted_spider_mite,PlantVillage external crop disease dataset
data/PlantVillage/Tomato__Target_Spot/021dbc57-a5cc-4fc9-a3cf-e64b92df20bc___Com.G_TgS_FL 9916.JPG,Tomato__Target_Spot,PlantVillage external crop disease dataset
data/PlantVillage/Tomato__Target_Spot/1220c0aa-f6e0-4b7d-ab11-44e73b0b10f4___Com.G_TgS_FL 9863.JPG,Tomato__Target_Spot,PlantVillage external crop disease dataset
data/PlantVillage/Tomato_Spider_mites_Two_spotted_spider_mite/1744606c-1817-494d-bb7c-6ea74c9f07ec___Com.G_SpM_FL 8770.JPG,Tomato_Spider_mites_Two_spotted_spider_mite,PlantVillage external crop disease dataset
data/PlantVillage/Tomato_Spider_mites_Two_spotted_spider_mite/129160ba-d6f0-434c-b399-735d61a39a16___Com.G_SpM_FL 8628.JPG,Tomato_Spider_mites_Two_spotted_spider_mite,PlantVillage external crop disease dataset
data/PlantVillage/Tomato__Tomato_YellowLeaf__Curl_Virus/015f38c2-b5c3-47da-8130-87c810f2516c___YLCV_GCREC 2372.JPG,Tomato__Tomato_YellowLeaf__Curl_Virus,PlantVillage external crop disease dataset
data/PlantVillage/Tomato_Bacterial_spot/03707c27-7f95-4f19-a173-1c0c74653fdf___GCREC_Bact.Sp 3046.JPG,Tomato_Bacterial_spot,PlantVillage external crop disease dataset
data/PlantVillage/Potato___Late_blight/19323229-6fdc-4231-bd3e-a46ddcff2111___RS_LB 3196.JPG,Potato___Late_blight,PlantVillage external crop disease dataset
data/PlantVillage/Potato___Late_blight/09287918-9f73-4707-823f-f4331f5114a3___RS_LB 2604.JPG,Potato___Late_blight,PlantVillage external crop disease dataset
data/PlantVillage/PlantVillage/Pepper__bell___Bacterial_spot/177e323a-7c1d-41f2-a6b3-8ea30795054f___JR_B.Spot 8941.JPG,PlantVillage,PlantVillage external crop disease dataset
data/PlantVillage/Tomato_Leaf_Mold/150f6844-796d-4960-b42b-629f25806bfb___Crnl_L.Mold 7096.JPG,Tomato_Leaf_Mold,PlantVillage external crop disease dataset
data/PlantVillage/Tomato_Early_blight/48749ece-911d-440f-873d-475e58132969___RS_Erly.B 7479.JPG,Tomato_Early_blight,PlantVillage external crop disease dataset
data/PlantVillage/Potato___Early_blight/31d0ecc8-045d-4a4a-ac33-431556c83e4c___RS_Early.B 8692.JPG,Potato___Early_blight,PlantVillage external crop disease dataset
data/PlantVillage/Pepper__bell___healthy/26605bb8-e0b1-4232-b4bb-a4aba0b47edd___JR_HL 8777.JPG,Pepper__bell___healthy,PlantVillage external crop disease dataset
data/PlantVillage/PlantVillage/Pepper__bell___Bacterial_spot/05287bcb-610b-440f-9337-c4ce98bc3bbe___JR_B.Spot 3327.JPG,PlantVillage,PlantVillage external crop disease dataset
data/PlantVillage/Potato___Late_blight/1cd053f6-0016-4680-a924-af15aecd7fb2___RS_LB 4414.JPG,Potato___Late_blight,PlantVillage external crop disease dataset
data/PlantVillage/Tomato_Leaf_Mold/171e415f-917b-49c1-90f5-9f4a90ac0f7f___Crnl_L.Mold 8648.JPG,Tomato_Leaf_Mold,PlantVillage external crop disease dataset
data/PlantVillage/Tomato_Leaf_Mold/3ce9d22c-6118-48f6-a37b-0b5ad5711048___Crnl_L.Mold 9086.JPG,Tomato_Leaf_Mold,PlantVillage external crop disease dataset
data/PlantVillage/Tomato_Early_blight/3e9cd8a5-ebe7-4a65-940c-7fd721195c73___RS_Erly.B 7616.JPG,Tomato_Early_blight,PlantVillage external crop disease dataset
data/PlantVillage/Tomato__Tomato_YellowLeaf__Curl_Virus/07ee388e-0206-49a8-bc3a-f53406a49be3___YLCV_GCREC 2920.JPG,Tomato__Tomato_YellowLeaf__Curl_Virus,PlantVillage external crop disease dataset
data/PlantVillage/Tomato__Tomato_YellowLeaf__Curl_Virus/0cadd488-b8bd-4396-830d-c5bae89571e4___YLCV_NREC 0083.JPG,Tomato__Tomato_YellowLeaf__Curl_Virus,PlantVillage external crop disease dataset
data/PlantVillage/Tomato_Spider_mites_Two_spotted_spider_mite/1425cd68-8978-4811-b591-5154974458d2___Com.G_SpM_FL 8435.JPG,Tomato_Spider_mites_Two_spotted_spider_mite,PlantVillage external crop disease dataset
data/PlantVillage/Potato___Early_blight/349730da-a627-4da6-90d5-707c4a3dba88___RS_Early.B 7553.JPG,Potato___Early_blight,PlantVillage external crop disease dataset
data/PlantVillage/PlantVillage/Pepper__bell___Bacterial_spot/41da62b7-c3af-4604-aaa5-c457356e04bd___JR_B.Spot 9034.JPG,PlantVillage,PlantVillage external crop disease dataset
data/PlantVillage/Tomato_Septoria_leaf_spot/0b4886e5-a065-44c1-aa19-bd166922d3de___JR_Sept.L.S 8498.JPG,Tomato_Septoria_leaf_spot,PlantVillage external crop disease dataset
data/PlantVillage/Tomato_Septoria_leaf_spot/233aef94-2a7c-4a66-bcd9-8171630a57fa___JR_Sept.L.S 2608.JPG,Tomato_Septoria_leaf_spot,PlantVillage external crop disease dataset
data/PlantVillage/Tomato__Target_Spot/23bc8a9f-5b65-4e12-96f5-fe706f31b32e___Com.G_TgS_FL 8171.JPG,Tomato__Target_Spot,PlantVillage external crop disease dataset
data/PlantVillage/Potato___Late_blight/30777af4-cbb4-44bf-946b-f1c5d17704ee___RS_LB 4822.JPG,Potato___Late_blight,PlantVillage external crop disease dataset
data/PlantVillage/Potato___Early_blight/4d943ff8-e048-43c6-8861-4cdc6adab6a0___RS_Early.B 8726.JPG,Potato___Early_blight,PlantVillage external crop disease dataset
data/PlantVillage/Tomato__Target_Spot/2c93d540-be61-4546-9cbc-74c776f19379___Com.G_TgS_FL 0690.JPG,Tomato__Target_Spot,PlantVillage external crop disease dataset
data/PlantVillage/Pepper__bell___Bacterial_spot/0694ee73-2dbc-4583-9d2d-2b053ef0475b___NREC_B.Spot 1798.JPG,Pepper__bell___Bacterial_spot,PlantVillage external crop disease dataset
data/PlantVillage/Tomato_Septoria_leaf_spot/1fea28dc-c071-4373-af8c-97e8d0646044___JR_Sept.L.S 2596.JPG,Tomato_Septoria_leaf_spot,PlantVillage external crop disease dataset
data/PlantVillage/Potato___Late_blight/09a30eff-d386-456d-a6ce-ead7c0d6235b___RS_LB 5068.JPG,Potato___Late_blight,PlantVillage external crop disease dataset
data/PlantVillage/Pepper__bell___Bacterial_spot/3b03d630-d2a3-4c76-9c95-0783b50895d8___NREC_B.Spot 9168.JPG,Pepper__bell___Bacterial_spot,PlantVillage external crop disease dataset
data/PlantVillage/Tomato_Late_blight/021ca736-df21-458a-9010-fab4803f08fe___RS_Late.B 7010.JPG,Tomato_Late_blight,PlantVillage external crop disease dataset
data/PlantVillage/Tomato_Septoria_leaf_spot/0745df82-cfd3-498c-add3-1a4d20f281b2___JR_Sept.L.S 8430.JPG,Tomato_Septoria_leaf_spot,PlantVillage external crop disease dataset
data/PlantVillage/Tomato_Late_blight/1f73406a-14e8-4be2-8450-9379d4f9b2b5___GHLB2 Leaf 9062.JPG,Tomato_Late_blight,PlantVillage external crop disease dataset
data/PlantVillage/Tomato_Spider_mites_Two_spotted_spider_mite/0211efc9-5409-43a7-a46b-a87d46f23fc3___Com.G_SpM_FL 9646.JPG,Tomato_Spider_mites_Two_spotted_spider_mite,PlantVillage external crop disease dataset
data/PlantVillage/Tomato_Bacterial_spot/16119e7a-b9d7-4004-9a07-45b6c9f6d480___UF.GRC_BS_Lab Leaf 9172.JPG,Tomato_Bacterial_spot,PlantVillage external crop disease dataset
data/PlantVillage/Tomato__Tomato_mosaic_virus/5c049070-cf7f-4508-8e61-c5efb64bca3c___PSU_CG 2326.JPG,Tomato__Tomato_mosaic_virus,PlantVillage external crop disease dataset
data/PlantVillage/Tomato_Septoria_leaf_spot/0648ab1f-53de-4c70-9854-10f0794cb30c___Matt.S_CG 7480.JPG,Tomato_Septoria_leaf_spot,PlantVillage external crop disease dataset
data/PlantVillage/Tomato_healthy/003944fc-3b99-4a0f-9ed4-0e07352fd8b3___RS_HL 9844.JPG,Tomato_healthy,PlantVillage external crop disease dataset
data/PlantVillage/Tomato_Septoria_leaf_spot/06225525-413e-411b-a503-85e8dc6050a8___JR_Sept.L.S 8351.JPG,Tomato_Septoria_leaf_spot,PlantVillage external crop disease dataset
data/PlantVillage/Tomato_Leaf_Mold/041f3e00-0236-4d32-897f-8d13f3a9aa1f___Crnl_L.Mold 9135.JPG,Tomato_Leaf_Mold,PlantVillage external crop disease dataset
data/PlantVillage/Tomato_Early_blight/164f6427-eeed-42da-bb51-ec07a57840dc___RS_Erly.B 9372.JPG,Tomato_Early_blight,PlantVillage external crop disease dataset
data/PlantVillage/Tomato__Target_Spot/0118ed61-b135-45be-ad81-7e2d54203be4___Com.G_TgS_FL 8241.JPG,Tomato__Target_Spot,PlantVillage external crop disease dataset
data/PlantVillage/Pepper__bell___healthy/365b9977-fab1-4a4b-9807-605151f9db3e___JR_HL 7766.JPG,Pepper__bell___healthy,PlantVillage external crop disease dataset
data/PlantVillage/PlantVillage/Pepper__bell___Bacterial_spot/42b527a8-b3a7-47ae-981b-91727cd2f7e5___JR_B.Spot 3306.JPG,PlantVillage,PlantVillage external crop disease dataset
data/PlantVillage/Tomato_Spider_mites_Two_spotted_spider_mite/09904a06-b32f-4db4-963f-c8dacfff6b9e___Com.G_SpM_FL 8456.JPG,Tomato_Spider_mites_Two_spotted_spider_mite,PlantVillage external crop disease dataset
data/PlantVillage/Tomato_Spider_mites_Two_spotted_spider_mite/16826b8c-034f-4db2-bd96-db82b5b26c67___Com.G_SpM_FL 1551.JPG,Tomato_Spider_mites_Two_spotted_spider_mite,PlantVillage external crop disease dataset
data/PlantVillage/Potato___Late_blight/4afd8bf6-0e1e-4a85-a576-1e8995c88d5c___RS_LB 2505.JPG,Potato___Late_blight,PlantVillage external crop disease dataset
data/PlantVillage/Potato___Early_blight/43af6366-6c6a-408c-a10d-a4bad9428a19___RS_Early.B 7595.JPG,Potato___Early_blight,PlantVillage external crop disease dataset
data/PlantVillage/Tomato__Target_Spot/2e4a4f1b-f045-42c2-9e29-6b7edcb8f2ef___Com.G_TgS_FL 0996.JPG,Tomato__Target_Spot,PlantVillage external crop disease dataset
data/PlantVillage/Tomato_Late_blight/0e451078-be73-4e6b-b329-a7b0fa1f152b___GHLB2 Leaf 8612.JPG,Tomato_Late_blight,PlantVillage external crop disease dataset
data/PlantVillage/Potato___Early_blight/1ee04a42-fa1c-4f6b-a88b-4cf583b188ea___RS_Early.B 8494.JPG,Potato___Early_blight,PlantVillage external crop disease dataset
data/PlantVillage/Tomato_Bacterial_spot/01375198-62af-4c40-bddf-f3c11107200b___GCREC_Bact.Sp 5914.JPG,Tomato_Bacterial_spot,PlantVillage external crop disease dataset
data/PlantVillage/Tomato__Tomato_YellowLeaf__Curl_Virus/0c0df91e-e996-451f-96b0-e4a2106da06d___YLCV_NREC 2669.JPG,Tomato__Tomato_YellowLeaf__Curl_Virus,PlantVillage external crop disease dataset
data/PlantVillage/Tomato_healthy/04c78dad-c1eb-4a1b-bfeb-da4c7cc528e1___RS_HL 9688.JPG,Tomato_healthy,PlantVillage external crop disease dataset
data/PlantVillage/Tomato_Septoria_leaf_spot/12703385-4e74-4e56-b90a-fede2827fbf2___Matt.S_CG 6039.JPG,Tomato_Septoria_leaf_spot,PlantVillage external crop disease dataset
data/PlantVillage/Tomato_Early_blight/18a21f42-8794-4665-8174-b0ccd3758af8___RS_Erly.B 7650.JPG,Tomato_Early_blight,PlantVillage external crop disease dataset
data/PlantVillage/Tomato_Leaf_Mold/4fbc277e-5998-48c1-922d-c3f2e070f9d6___Crnl_L.Mold 6593.JPG,Tomato_Leaf_Mold,PlantVillage external crop disease dataset
data/PlantVillage/Pepper__bell___Bacterial_spot/33af0ec5-80ce-4e3c-ba72-42959820f651___JR_B.Spot 8996.JPG,Pepper__bell___Bacterial_spot,PlantVillage external crop disease dataset
data/PlantVillage/PlantVillage/Pepper__bell___Bacterial_spot/1b73d0ec-bad1-4d2d-878e-6aa209aa39d2___JR_B.Spot 9086.JPG,PlantVillage,PlantVillage external crop disease dataset
data/PlantVillage/Tomato__Tomato_YellowLeaf__Curl_Virus/05c7f371-7278-4d67-9bbf-9c21096b6044___YLCV_GCREC 2425.JPG,Tomato__Tomato_YellowLeaf__Curl_Virus,PlantVillage external crop disease dataset
data/PlantVillage/Potato___Late_blight/2717d9f6-68a9-44ca-b290-0311a5356621___RS_LB 4564.JPG,Potato___Late_blight,PlantVillage external crop disease dataset
data/PlantVillage/Potato___Early_blight/3e7543bc-4792-4b65-afd9-f9ccd52b7319___RS_Early.B 8571.JPG,Potato___Early_blight,PlantVillage external crop disease dataset
data/PlantVillage/Tomato_Bacterial_spot/0aa1c431-682b-4a6e-af5f-2a7081ea2e97___GCREC_Bact.Sp 3622.JPG,Tomato_Bacterial_spot,PlantVillage external crop disease dataset
data/PlantVillage/Tomato__Tomato_YellowLeaf__Curl_Virus/04167585-5400-4bdb-b58b-c5e944a1ecd8___YLCV_NREC 0079.JPG,Tomato__Tomato_YellowLeaf__Curl_Virus,PlantVillage external crop disease dataset
data/PlantVillage/Tomato_Bacterial_spot/1ba1b688-e5b6-4871-8e70-edbf17bef408___GCREC_Bact.Sp 6125.JPG,Tomato_Bacterial_spot,PlantVillage external crop disease dataset
data/PlantVillage/Pepper__bell___healthy/10b46a95-02c6-4a1c-98e5-904b3e3e7e0d___JR_HL 7679.JPG,Pepper__bell___healthy,PlantVillage external crop disease dataset
data/PlantVillage/Potato___Late_blight/2f76c068-ebba-499d-8819-2d12bde41695___RS_LB 3232.JPG,Potato___Late_blight,PlantVillage external crop disease dataset
data/PlantVillage/Tomato__Tomato_mosaic_virus/b0ca678e-a79d-457e-8887-952d757b2205___PSU_CG 2266.JPG,Tomato__Tomato_mosaic_virus,PlantVillage external crop disease dataset
data/PlantVillage/Tomato_Leaf_Mold/2b8557bc-3b98-4169-826c-628c5a683d70___Crnl_L.Mold 6539.JPG,Tomato_Leaf_Mold,PlantVillage external crop disease dataset
data/PlantVillage/PlantVillage/Pepper__bell___Bacterial_spot/41b580cc-85f0-42c5-aafc-d640ab727081___JR_B.Spot 8950.JPG,PlantVillage,PlantVillage external crop disease dataset
data/PlantVillage/Tomato_Late_blight/1b2756ef-4fa0-410a-8fe5-a8b699d3553e___GHLB2 Leaf 156.2.JPG,Tomato_Late_blight,PlantVillage external crop disease dataset
data/PlantVillage/Tomato__Target_Spot/31498266-6e63-4b16-900e-0a10f28b6c1c___Com.G_TgS_FL 9752.JPG,Tomato__Target_Spot,PlantVillage external crop disease dataset
data/PlantVillage/Tomato_Late_blight/24364b4f-3f9f-4166-860d-34a938d3d630___RS_Late.B 4986.JPG,Tomato_Late_blight,PlantVillage external crop disease dataset
data/PlantVillage/Tomato_Septoria_leaf_spot/1f7fb33a-b74e-465c-ac76-8c3866931a3d___Keller.St_CG 2011.JPG,Tomato_Septoria_leaf_spot,PlantVillage external crop disease dataset
data/PlantVillage/Tomato__Tomato_YellowLeaf__Curl_Virus/0464962a-0f2c-45bc-855a-06bfe656577a___UF.GRC_YLCV_Lab 01858.JPG,Tomato__Tomato_YellowLeaf__Curl_Virus,PlantVillage external crop disease dataset
data/PlantVillage/Potato___Early_blight/3a314933-9e92-4c90-acc2-656a04c591e7___RS_Early.B 8906.JPG,Potato___Early_blight,PlantVillage external crop disease dataset
data/PlantVillage/Potato___healthy/046641c1-f837-49eb-b5f2-4109910a027c___RS_HL 1878.JPG,Potato___healthy,PlantVillage external crop disease dataset
data/PlantVillage/Tomato_Leaf_Mold/2a15214d-cee6-4359-8baa-7281f3fc0182___Crnl_L.Mold 8672.JPG,Tomato_Leaf_Mold,PlantVillage external crop disease dataset
data/PlantVillage/Tomato_Septoria_leaf_spot/28cb8afe-1a9d-4f90-b992-24c383d0a53f___Matt.S_CG 6920.JPG,Tomato_Septoria_leaf_spot,PlantVillage external crop disease dataset
data/PlantVillage/Tomato_healthy/01f98912-9627-4ce0-8f0f-e451b7acbb6c___RS_HL 0509.JPG,Tomato_healthy,PlantVillage external crop disease dataset
data/PlantVillage/Potato___Late_blight/2577b25b-c0ac-442b-8093-42e6490bad1e___RS_LB 4319.JPG,Potato___Late_blight,PlantVillage external crop disease dataset
data/PlantVillage/Tomato_Spider_mites_Two_spotted_spider_mite/0a1c03ea-1a2d-449e-bcc4-4a8b62febf88___Com.G_SpM_FL 9433.JPG,Tomato_Spider_mites_Two_spotted_spider_mite,PlantVillage external crop disease dataset
data/PlantVillage/Tomato__Tomato_YellowLeaf__Curl_Virus/0aeb6056-aab3-4510-bf52-77960c436637___UF.GRC_YLCV_Lab 01334.JPG,Tomato__Tomato_YellowLeaf__Curl_Virus,PlantVillage external crop disease dataset
data/PlantVillage/PlantVillage/Pepper__bell___Bacterial_spot/139a5c07-332c-4a2d-8bf2-bf33ce9184c6___NREC_B.Spot 1892.JPG,PlantVillage,PlantVillage external crop disease dataset
data/PlantVillage/Tomato_Spider_mites_Two_spotted_spider_mite/19ee147b-41b2-424b-b532-00ff31316109___Com.G_SpM_FL 1708.JPG,Tomato_Spider_mites_Two_spotted_spider_mite,PlantVillage external crop disease dataset
data/PlantVillage/Pepper__bell___healthy/253b8420-d8a7-4278-8f5c-b1a0dd709138___JR_HL 8214.JPG,Pepper__bell___healthy,PlantVillage external crop disease dataset
data/PlantVillage/Pepper__bell___healthy/22066048-462c-4d8d-9b42-ef0cd0c632a9___JR_HL 8631.JPG,Pepper__bell___healthy,PlantVillage external crop disease dataset
data/PlantVillage/Tomato_Septoria_leaf_spot/2097ad9f-76af-47d8-b6f4-232437ba1f87___Matt.S_CG 1240.JPG,Tomato_Septoria_leaf_spot,PlantVillage external crop disease dataset
data/PlantVillage/Tomato_Septoria_leaf_spot/1b3e0904-291b-45b4-8823-44084b96808c___Matt.S_CG 6582.JPG,Tomato_Septoria_leaf_spot,PlantVillage external crop disease dataset
data/PlantVillage/Tomato_healthy/0184dc6b-bfc1-4515-ac59-bbadaf524e1a___GH_HL Leaf 422.1.JPG,Tomato_healthy,PlantVillage external crop disease dataset
data/PlantVillage/Potato___Early_blight/49ecf1fe-0000-49e8-a042-fb6c9bac38c9___RS_Early.B 8940.JPG,Potato___Early_blight,PlantVillage external crop disease dataset
data/PlantVillage/Potato___healthy/774875d3-438a-4305-afe2-7d59e2925dc4___RS_HL 1759.JPG,Potato___healthy,PlantVillage external crop disease dataset
data/PlantVillage/Tomato__Target_Spot/2cd822da-0f2b-48a2-9216-6da7fd957874___Com.G_TgS_FL 0761.JPG,Tomato__Target_Spot,PlantVillage external crop disease dataset
data/PlantVillage/Tomato_Leaf_Mold/32245a13-92fe-48bf-85c8-938819a057ee___Crnl_L.Mold 8643.JPG,Tomato_Leaf_Mold,PlantVillage external crop disease dataset
data/PlantVillage/Tomato_Late_blight/231e8502-72a3-4717-9ab7-919d02f6be1b___GHLB_PS Leaf 27.4 Day 13.jpg,Tomato_Late_blight,PlantVillage external crop disease dataset
data/PlantVillage/Tomato_healthy/0ed55b5a-55e6-4c9c-bce4-9eba61bc3a6b___RS_HL 9889.JPG,Tomato_healthy,PlantVillage external crop disease dataset
data/PlantVillage/Pepper__bell___healthy/1645432a-a297-430d-aace-13e2ba91e36e___JR_HL 8840.JPG,Pepper__bell___healthy,PlantVillage external crop disease dataset
data/PlantVillage/Potato___healthy/1a1184f8-c414-4ead-a4c4-41ae78e29a82___RS_HL 1971.JPG,Potato___healthy,PlantVillage external crop disease dataset
data/PlantVillage/PlantVillage/Pepper__bell___Bacterial_spot/221f63bc-0c34-446b-b58f-bd47917f6838___JR_B.Spot 9077.JPG,PlantVillage,PlantVillage external crop disease dataset
data/PlantVillage/Tomato_Bacterial_spot/076ef17d-dfd3-4dbc-a351-a14eff1aecdb___UF.GRC_BS_Lab Leaf 8980.JPG,Tomato_Bacterial_spot,PlantVillage external crop disease dataset
data/PlantVillage/Tomato__Tomato_YellowLeaf__Curl_Virus/09ea6962-1c6a-46c5-9948-013f8f7ee101___YLCV_NREC 2808.JPG,Tomato__Tomato_YellowLeaf__Curl_Virus,PlantVillage external crop disease dataset
data/PlantVillage/Tomato_Spider_mites_Two_spotted_spider_mite/0f514b75-2c74-4075-b9c7-5d469ab292ba___Com.G_SpM_FL 1205.JPG,Tomato_Spider_mites_Two_spotted_spider_mite,PlantVillage external crop disease dataset
data/PlantVillage/Tomato__Tomato_mosaic_virus/3790abe5-03cb-4d5c-bfaa-9dcbc64debb2___PSU_CG 2402.JPG,Tomato__Tomato_mosaic_virus,PlantVillage external crop disease dataset
data/PlantVillage/Potato___Early_blight/41e155c4-eccf-4166-83cb-f110b2312c48___RS_Early.B 6985.JPG,Potato___Early_blight,PlantVillage external crop disease dataset
data/PlantVillage/Tomato_Early_blight/1c29bc72-967e-46df-844b-467c95b298a3___RS_Erly.B 9549.JPG,Tomato_Early_blight,PlantVillage external crop disease dataset
data/PlantVillage/Tomato__Tomato_mosaic_virus/0f47e5f6-7271-45c8-8364-e962dedd83c9___PSU_CG 2148.JPG,Tomato__Tomato_mosaic_virus,PlantVillage external crop disease dataset
data/PlantVillage/Tomato__Tomato_YellowLeaf__Curl_Virus/06485576-7a6f-468b-b35d-f4473897fc84___UF.GRC_YLCV_Lab 01485.JPG,Tomato__Tomato_YellowLeaf__Curl_Virus,PlantVillage external crop disease dataset
data/PlantVillage/Tomato_Septoria_leaf_spot/2567c820-aa63-490c-8e47-921b85164728___Matt.S_CG 7447.JPG,Tomato_Septoria_leaf_spot,PlantVillage external crop disease dataset
data/PlantVillage/Potato___Early_blight/1d4fc5d0-fee6-40bf-8e7b-e1598ea64161___RS_Early.B 8912.JPG,Potato___Early_blight,PlantVillage external crop disease dataset
data/PlantVillage/Tomato__Target_Spot/0750d00e-3dcd-47cf-8c99-096b3d4cecda___Com.G_TgS_FL 9828.JPG,Tomato__Target_Spot,PlantVillage external crop disease dataset
data/PlantVillage/Tomato_Early_blight/171b6622-c111-4fe9-b3f9-12b12ee0db06___RS_Erly.B 7836.JPG,Tomato_Early_blight,PlantVillage external crop disease dataset
data/PlantVillage/Tomato__Tomato_YellowLeaf__Curl_Virus/02affd71-1fe6-48f7-bef4-3d5a59ec7814___UF.GRC_YLCV_Lab 01517.JPG,Tomato__Tomato_YellowLeaf__Curl_Virus,PlantVillage external crop disease dataset
data/PlantVillage/Potato___Early_blight/426aeefb-981d-4436-9f92-0fe230bb65fe___RS_Early.B 6977.JPG,Potato___Early_blight,PlantVillage external crop disease dataset
data/PlantVillage/Tomato_Bacterial_spot/1fdbbbb4-fb2b-415b-a316-16688f21c4da___GCREC_Bact.Sp 3338.JPG,Tomato_Bacterial_spot,PlantVillage external crop disease dataset
data/PlantVillage/Potato___healthy/f0036dfd-9f46-4f2f-9001-5973495f2171___RS_HL 1849.JPG,Potato___healthy,PlantVillage external crop disease dataset
data/PlantVillage/Tomato__Tomato_mosaic_virus/388f46e3-32d3-45f3-84fd-12cb06feed12___PSU_CG 2119.JPG,Tomato__Tomato_mosaic_virus,PlantVillage external crop disease dataset
data/PlantVillage/Pepper__bell___healthy/18f75aea-62fb-4c71-998a-ff62d078ab21___JR_HL 8174.JPG,Pepper__bell___healthy,PlantVillage external crop disease dataset
data/PlantVillage/Tomato__Target_Spot/0eaa45be-4346-4e3c-ab6f-4ce9f9aec1db___Com.G_TgS_FL 7902.JPG,Tomato__Target_Spot,PlantVillage external crop disease dataset
data/PlantVillage/Tomato_Septoria_leaf_spot/23af22d9-856c-41ba-a63d-9643b1ef9156___Matt.S_CG 1091.JPG,Tomato_Septoria_leaf_spot,PlantVillage external crop disease dataset
data/PlantVillage/Tomato_Leaf_Mold/45b77cd0-ca48-4fa8-9efe-a13e80419eff___Crnl_L.Mold 6699.JPG,Tomato_Leaf_Mold,PlantVillage external crop disease dataset
data/PlantVillage/Tomato_Early_blight/1c71757d-d351-4016-b5bb-06a63d0f2e24___RS_Erly.B 6388.JPG,Tomato_Early_blight,PlantVillage external crop disease dataset
data/PlantVillage/Pepper__bell___Bacterial_spot/179067a6-1012-4a23-8f09-e413300e9f32___NREC_B.Spot 9085.JPG,Pepper__bell___Bacterial_spot,PlantVillage external crop disease dataset
data/PlantVillage/Tomato_Spider_mites_Two_spotted_spider_mite/0a3ec09c-ccf4-49ab-bae2-f82f913aa9c8___Com.G_SpM_FL 9444.JPG,Tomato_Spider_mites_Two_spotted_spider_mite,PlantVillage external crop disease dataset
data/PlantVillage/Tomato_Late_blight/0c3153b2-0e64-41b6-902a-66eafbf7cae6___GHLB Leaf 4.1 Day 1.JPG,Tomato_Late_blight,PlantVillage external crop disease dataset
data/PlantVillage/Tomato_healthy/1c092a12-ed60-42c8-86b4-0427db78a5d3___RS_HL 0076.JPG,Tomato_healthy,PlantVillage external crop disease dataset
data/PlantVillage/Pepper__bell___healthy/19f9585d-868d-42e8-9d63-cae9fe345bd4___JR_HL 5839.JPG,Pepper__bell___healthy,PlantVillage external crop disease dataset
data/PlantVillage/Tomato__Tomato_mosaic_virus/0e56889c-7e80-49f3-8da3-3a437244e8fd___PSU_CG 2140.JPG,Tomato__Tomato_mosaic_virus,PlantVillage external crop disease dataset
data/PlantVillage/Tomato_Bacterial_spot/235073b6-d329-4ebe-9e1d-015108760d6f___GCREC_Bact.Sp 5907.JPG,Tomato_Bacterial_spot,PlantVillage external crop disease dataset
data/PlantVillage/Tomato_Late_blight/16ac8a43-f720-4fd9-ac41-016523612f38___RS_Late.B 4898.JPG,Tomato_Late_blight,PlantVillage external crop disease dataset
data/PlantVillage/Pepper__bell___healthy/16174ce2-0949-43ee-b6c0-acd016ff2aca___JR_HL 7836.JPG,Pepper__bell___healthy,PlantVillage external crop disease dataset
data/PlantVillage/Tomato_Septoria_leaf_spot/1da58848-43c5-44ce-974e-bdd0b3c6e7d5___JR_Sept.L.S 8363.JPG,Tomato_Septoria_leaf_spot,PlantVillage external crop disease dataset
data/PlantVillage/Tomato_Early_blight/3c5e2faa-3bca-4d88-8841-fa06cf7388f1___RS_Erly.B 9599.JPG,Tomato_Early_blight,PlantVillage external crop disease dataset
data/PlantVillage/Tomato_Spider_mites_Two_spotted_spider_mite/2db25538-8655-4530-95e8-025d428e158c___Com.G_SpM_FL 9522.JPG,Tomato_Spider_mites_Two_spotted_spider_mite,PlantVillage external crop disease dataset
data/PlantVillage/Tomato_Bacterial_spot/02fd4e60-db82-441c-87f6-08de768a4462___GCREC_Bact.Sp 5547.JPG,Tomato_Bacterial_spot,PlantVillage external crop disease dataset
data/PlantVillage/Tomato__Tomato_mosaic_virus/3a99961c-cc66-44a9-b2c7-4d5a0714e839___PSU_CG 2162.JPG,Tomato__Tomato_mosaic_virus,PlantVillage external crop disease dataset
data/PlantVillage/Tomato_healthy/0f809e80-ee2b-4ad4-9a80-50d789298d48___GH_HL Leaf 192.JPG,Tomato_healthy,PlantVillage external crop disease dataset
data/PlantVillage/Pepper__bell___healthy/22eaa182-bd24-47f0-a2f8-e7bcfff9163a___JR_HL 5907.JPG,Pepper__bell___healthy,PlantVillage external crop disease dataset
data/PlantVillage/Potato___Late_blight/2f7b6898-a342-42a5-a0e5-a9f2bad7eaf1___RS_LB 2831.JPG,Potato___Late_blight,PlantVillage external crop disease dataset
data/PlantVillage/Tomato_Late_blight/04da342d-5952-4f2f-b19c-14cdc7fcb07b___GHLB2 Leaf 8716.JPG,Tomato_Late_blight,PlantVillage external crop disease dataset
data/PlantVillage/Potato___healthy/7bfda067-6e35-4af5-a9c4-4b3b5f357871___RS_HL 1813.JPG,Potato___healthy,PlantVillage external crop disease dataset
data/PlantVillage/Pepper__bell___healthy/10e47847-d257-47a1-afdc-074e22c758d7___JR_HL 5857.JPG,Pepper__bell___healthy,PlantVillage external crop disease dataset
data/PlantVillage/Potato___Late_blight/29dafc9e-eb0f-4f3b-99ab-a617b8163e50___RS_LB 3052.JPG,Potato___Late_blight,PlantVillage external crop disease dataset
data/PlantVillage/Tomato__Tomato_mosaic_virus/a2bc1805-22f6-48a3-8718-cd2b0ed9eb16___PSU_CG 2225.JPG,Tomato__Tomato_mosaic_virus,PlantVillage external crop disease dataset
data/PlantVillage/Pepper__bell___Bacterial_spot/2433614e-78d3-45ae-b719-59efb0397572___JR_B.Spot 8966.JPG,Pepper__bell___Bacterial_spot,PlantVillage external crop disease dataset
data/PlantVillage/Tomato_Spider_mites_Two_spotted_spider_mite/05138887-688c-4efe-a78f-f4416c1d63b0___Com.G_SpM_FL 8767.JPG,Tomato_Spider_mites_Two_spotted_spider_mite,PlantVillage external crop disease dataset
data/PlantVillage/PlantVillage/Pepper__bell___Bacterial_spot/37fbacb5-ed9d-48f2-bf19-37656ff7c317___JR_B.Spot 3307.JPG,PlantVillage,PlantVillage external crop disease dataset
data/PlantVillage/Pepper__bell___Bacterial_spot/22a8af9b-34c3-447d-bd82-559f7d2206af___JR_B.Spot 3289.JPG,Pepper__bell___Bacterial_spot,PlantVillage external crop disease dataset
data/PlantVillage/Tomato_healthy/2a1dd125-ece3-499f-a24b-1d00dbcc3184___GH_HL Leaf 227.JPG,Tomato_healthy,PlantVillage external crop disease dataset
data/PlantVillage/Tomato__Tomato_YellowLeaf__Curl_Virus/04f5d2d8-e08a-4c02-b7fb-89d1edd51110___UF.GRC_YLCV_Lab 09578.JPG,Tomato__Tomato_YellowLeaf__Curl_Virus,PlantVillage external crop disease dataset
data/PlantVillage/Tomato_Bacterial_spot/18f8073d-e27b-4b3c-b6c3-0440adc8acfa___GCREC_Bact.Sp 6068.JPG,Tomato_Bacterial_spot,PlantVillage external crop disease dataset
data/PlantVillage/Tomato__Tomato_YellowLeaf__Curl_Virus/044ac80b-046b-4571-a43b-7d179f1610bc___UF.GRC_YLCV_Lab 01310.JPG,Tomato__Tomato_YellowLeaf__Curl_Virus,PlantVillage external crop disease dataset
data/PlantVillage/Potato___Early_blight/4b484f0f-82dc-45d1-a5b6-72c8a6a96323___RS_Early.B 7262.JPG,Potato___Early_blight,PlantVillage external crop disease dataset
data/PlantVillage/Tomato__Tomato_YellowLeaf__Curl_Virus/02a03cfc-cf18-404d-9831-e772baa11ceb___YLCV_NREC 2797.JPG,Tomato__Tomato_YellowLeaf__Curl_Virus,PlantVillage external crop disease dataset
data/PlantVillage/Tomato__Tomato_YellowLeaf__Curl_Virus/0dc37de6-047f-43d5-8b83-cd50628b1606___YLCV_NREC 2611.JPG,Tomato__Tomato_YellowLeaf__Curl_Virus,PlantVillage external crop disease dataset
data/PlantVillage/PlantVillage/Pepper__bell___Bacterial_spot/1024fbd6-ded7-4532-becb-aeb624ea832b___JR_B.Spot 8884.JPG,PlantVillage,PlantVillage external crop disease dataset
data/PlantVillage/Pepper__bell___Bacterial_spot/32cb493a-bfd1-48bf-b8eb-852ccaf7695b___JR_B.Spot 8873.JPG,Pepper__bell___Bacterial_spot,PlantVillage external crop disease dataset
data/PlantVillage/Tomato_healthy/1dffd343-4634-4b33-95f4-eecc755aec8f___GH_HL Leaf 168.JPG,Tomato_healthy,PlantVillage external crop disease dataset
data/PlantVillage/Tomato_Septoria_leaf_spot/12d9e5d9-7cd4-4e70-89e5-30581c60d57b___Matt.S_CG 6590.JPG,Tomato_Septoria_leaf_spot,PlantVillage external crop disease dataset
data/PlantVillage/Potato___Early_blight/159f49c5-8d80-41cb-b730-333fdefdff62___RS_Early.B 7301.JPG,Potato___Early_blight,PlantVillage external crop disease dataset
data/PlantVillage/Tomato_Leaf_Mold/1071fb04-ba12-4c59-a6ef-b43cd16139e5___Crnl_L.Mold 7119.JPG,Tomato_Leaf_Mold,PlantVillage external crop disease dataset
data/PlantVillage/Tomato_Early_blight/25cc64d3-0ea1-4082-9b2a-bcaee3056580___RS_Erly.B 9602.JPG,Tomato_Early_blight,PlantVillage external crop disease dataset
data/PlantVillage/Tomato_Spider_mites_Two_spotted_spider_mite/0f75930a-4f0c-49db-b5d8-6e4987b868eb___Com.G_SpM_FL 1729.JPG,Tomato_Spider_mites_Two_spotted_spider_mite,PlantVillage external crop disease dataset
data/PlantVillage/Tomato_Late_blight/03a0f11e-9d47-49c4-ba45-773b8aa9f2e1___GHLB2 Leaf 8767.JPG,Tomato_Late_blight,PlantVillage external crop disease dataset
data/PlantVillage/Tomato_Leaf_Mold/16b806ef-3637-4c15-ae52-4f433cb4d433___Crnl_L.Mold 6865.JPG,Tomato_Leaf_Mold,PlantVillage external crop disease dataset
data/PlantVillage/Tomato__Tomato_YellowLeaf__Curl_Virus/086fb13f-cf9e-4a78-bf22-9cc08aa4147b___UF.GRC_YLCV_Lab 03021.JPG,Tomato__Tomato_YellowLeaf__Curl_Virus,PlantVillage external crop disease dataset
data/PlantVillage/Tomato_Early_blight/055ae8d8-09e1-4b27-b385-9ff8a3e0eaae___RS_Erly.B 8247.JPG,Tomato_Early_blight,PlantVillage external crop disease dataset
data/PlantVillage/Tomato_Early_blight/2832ca53-be67-44c0-ac55-eb815bd85fd3___RS_Erly.B 8242.JPG,Tomato_Early_blight,PlantVillage external crop disease dataset
data/PlantVillage/Tomato_Early_blight/0bd357fe-1e54-4c65-979c-e894e0b8a3aa___RS_Erly.B 8328.JPG,Tomato_Early_blight,PlantVillage external crop disease dataset
data/PlantVillage/Tomato__Tomato_mosaic_virus/b637932e-ac61-448a-b0d6-cabd8b444d27___PSU_CG 2407.JPG,Tomato__Tomato_mosaic_virus,PlantVillage external crop disease dataset
data/PlantVillage/Pepper__bell___healthy/27036eec-40be-4b6c-b67d-9ef95b9794cf___JR_HL 8455.JPG,Pepper__bell___healthy,PlantVillage external crop disease dataset
data/PlantVillage/Tomato__Target_Spot/0288164e-d6cf-4215-b593-7b581308a4cf___Com.G_TgS_FL 9777.JPG,Tomato__Target_Spot,PlantVillage external crop disease dataset
data/PlantVillage/Potato___healthy/7e7b6ab4-9adb-4a3b-abfb-8716b0039879___RS_HL 1921.JPG,Potato___healthy,PlantVillage external crop disease dataset
data/PlantVillage/Tomato_Late_blight/19369d60-553a-416b-9378-84f4a1d203d9___GHLB2 Leaf 9006.JPG,Tomato_Late_blight,PlantVillage external crop disease dataset
data/PlantVillage/Potato___Early_blight/4ddd0823-ecf4-4a0b-81d5-9844705e5694___RS_Early.B 8936.JPG,Potato___Early_blight,PlantVillage external crop disease dataset
data/PlantVillage/Tomato_Leaf_Mold/039183dc-a260-49fa-b28a-0c8f11614896___Crnl_L.Mold 6720.JPG,Tomato_Leaf_Mold,PlantVillage external crop disease dataset
data/PlantVillage/Pepper__bell___healthy/0eabc3c2-d492-4227-90d8-14dab9fd4a9a___JR_HL 8699.JPG,Pepper__bell___healthy,PlantVillage external crop disease dataset
data/PlantVillage/Tomato__Tomato_YellowLeaf__Curl_Virus/0320cf63-ce16-4c8d-bef4-7fda66f36741___UF.GRC_YLCV_Lab 02599.JPG,Tomato__Tomato_YellowLeaf__Curl_Virus,PlantVillage external crop disease dataset
data/PlantVillage/Pepper__bell___Bacterial_spot/4434e395-4f3d-435d-9101-ece6be005fd6___JR_B.Spot 8928.JPG,Pepper__bell___Bacterial_spot,PlantVillage external crop disease dataset
data/PlantVillage/PlantVillage/Pepper__bell___Bacterial_spot/09035eae-2a1c-4718-8877-5270a1fe8462___JR_B.Spot 3280.JPG,PlantVillage,PlantVillage external crop disease dataset
data/PlantVillage/Tomato_Spider_mites_Two_spotted_spider_mite/0d7c22dc-323c-4979-9dad-0fdbfdeb6e4e___Com.G_SpM_FL 9038.JPG,Tomato_Spider_mites_Two_spotted_spider_mite,PlantVillage external crop disease dataset
data/PlantVillage/Tomato__Target_Spot/10d8b093-8309-4a2c-b801-4be4809aad2e___Com.G_TgS_FL 1034.JPG,Tomato__Target_Spot,PlantVillage external crop disease dataset
data/PlantVillage/Tomato_Early_blight/47c05777-ef2f-4baf-8f1a-61ab067a4627___RS_Erly.B 7350.JPG,Tomato_Early_blight,PlantVillage external crop disease dataset
data/PlantVillage/Tomato__Target_Spot/30e99558-7eac-4fbc-a9dc-7f2af1d8ee23___Com.G_TgS_FL 0782.JPG,Tomato__Target_Spot,PlantVillage external crop disease dataset
data/PlantVillage/Potato___healthy/f5bd2732-197b-4d8e-bb50-a4966dc416f5___RS_HL 1840.JPG,Potato___healthy,PlantVillage external crop disease dataset
data/PlantVillage/Potato___healthy/03da9931-e514-4cc7-b04a-8f474a133ce5___RS_HL 1830.JPG,Potato___healthy,PlantVillage external crop disease dataset
data/PlantVillage/Potato___Late_blight/108aa677-2b51-4d8b-8533-40fba50a275d___RS_LB 3046.JPG,Potato___Late_blight,PlantVillage external crop disease dataset
data/PlantVillage/Tomato__Tomato_YellowLeaf__Curl_Virus/01fa2c83-fffb-4aad-a456-e991aeb93f3e___UF.GRC_YLCV_Lab 02154.JPG,Tomato__Tomato_YellowLeaf__Curl_Virus,PlantVillage external crop disease dataset
data/PlantVillage/Tomato_Septoria_leaf_spot/14af00c3-f76a-4789-b58b-049bbf8ea6a6___JR_Sept.L.S 2633.JPG,Tomato_Septoria_leaf_spot,PlantVillage external crop disease dataset
data/PlantVillage/Pepper__bell___Bacterial_spot/0d2635e7-df23-4ceb-b3ba-3af50bb58357___NREC_B.Spot 1874.JPG,Pepper__bell___Bacterial_spot,PlantVillage external crop disease dataset
data/PlantVillage/Potato___Early_blight/0e0a1b51-f61c-4934-bc57-a820af1faacb___RS_Early.B 7147.JPG,Potato___Early_blight,PlantVillage external crop disease dataset
data/PlantVillage/PlantVillage/Pepper__bell___Bacterial_spot/424602ec-36eb-425c-8bd9-73be3e544cf2___NREC_B.Spot 9251.JPG,PlantVillage,PlantVillage external crop disease dataset
data/PlantVillage/Tomato_healthy/271be296-4c0b-4817-a44b-cc9611d3f519___GH_HL Leaf 182.1.JPG,Tomato_healthy,PlantVillage external crop disease dataset
data/PlantVillage/Pepper__bell___Bacterial_spot/186f840e-086b-49fa-97a7-18628c6293f0___JR_B.Spot 3136.JPG,Pepper__bell___Bacterial_spot,PlantVillage external crop disease dataset
data/PlantVillage/Tomato_Bacterial_spot/14f9fe9d-517e-4f70-9a4b-97fff9a26e65___GCREC_Bact.Sp 6295.JPG,Tomato_Bacterial_spot,PlantVillage external crop disease dataset
data/PlantVillage/Tomato__Tomato_YellowLeaf__Curl_Virus/016bbee4-7b9d-40c8-a802-2bbf00f3bb27___YLCV_NREC 2290.JPG,Tomato__Tomato_YellowLeaf__Curl_Virus,PlantVillage external crop disease dataset
data/PlantVillage/Potato___Early_blight/20421747-c083-48a1-aed5-b1097ae50491___RS_Early.B 8203.JPG,Potato___Early_blight,PlantVillage external crop disease dataset
data/PlantVillage/Tomato_healthy/20d823a4-0be3-4b8a-acdc-6efd1236e7f0___GH_HL Leaf 254.2.JPG,Tomato_healthy,PlantVillage external crop disease dataset
data/PlantVillage/Pepper__bell___healthy/14765754-33b2-427b-8583-05d8604384e1___JR_HL 5891.JPG,Pepper__bell___healthy,PlantVillage external crop disease dataset
data/PlantVillage/Tomato_Early_blight/08fe6531-bb66-4e0a-98b3-4b86a794f9f9___RS_Erly.B 7483.JPG,Tomato_Early_blight,PlantVillage external crop disease dataset
data/PlantVillage/Tomato__Target_Spot/2f0011f5-50d5-4f18-8e1b-dc88391810bd___Com.G_TgS_FL 9758.JPG,Tomato__Target_Spot,PlantVillage external crop disease dataset
data/PlantVillage/Tomato_healthy/1a393116-cbd1-4e3f-acfc-563e96ae1e80___RS_HL 0268.JPG,Tomato_healthy,PlantVillage external crop disease dataset
data/PlantVillage/Tomato_Late_blight/0003faa8-4b27-4c65-bf42-6d9e352ca1a5___RS_Late.B 4946.JPG,Tomato_Late_blight,PlantVillage external crop disease dataset
data/PlantVillage/Tomato__Tomato_YellowLeaf__Curl_Virus/0a5431ac-44ff-4507-a8aa-6eee46235015___UF.GRC_YLCV_Lab 03031.JPG,Tomato__Tomato_YellowLeaf__Curl_Virus,PlantVillage external crop disease dataset
data/PlantVillage/Tomato__Tomato_mosaic_virus/169a7634-85a7-4096-85a3-4e75de98defe___PSU_CG 2226.JPG,Tomato__Tomato_mosaic_virus,PlantVillage external crop disease dataset
data/PlantVillage/Tomato_Leaf_Mold/053f0efc-038f-471b-9e7b-5b605d45fda4___Crnl_L.Mold 8982.JPG,Tomato_Leaf_Mold,PlantVillage external crop disease dataset
data/PlantVillage/Tomato__Target_Spot/29ffa975-cc38-456f-b2ac-bcef11ec7950___Com.G_TgS_FL 0654.JPG,Tomato__Target_Spot,PlantVillage external crop disease dataset
data/PlantVillage/Tomato_Bacterial_spot/10c418e8-59b3-4d9f-a22b-7762b538e758___UF.GRC_BS_Lab Leaf 0900.JPG,Tomato_Bacterial_spot,PlantVillage external crop disease dataset
data/PlantVillage/Tomato_Septoria_leaf_spot/25f7a39f-7fef-4f5d-af4f-cf21934f516a___JR_Sept.L.S 2493.JPG,Tomato_Septoria_leaf_spot,PlantVillage external crop disease dataset
data/PlantVillage/Pepper__bell___healthy/26eac7c9-e388-4110-b3c6-aaaebd7b0d8e___JR_HL 8566.JPG,Pepper__bell___healthy,PlantVillage external crop disease dataset
data/PlantVillage/Pepper__bell___healthy/1be321d5-d2cc-4945-b2f3-a36c41160838___JR_HL 7596.JPG,Pepper__bell___healthy,PlantVillage external crop disease dataset
data/PlantVillage/Tomato__Tomato_YellowLeaf__Curl_Virus/08b78f04-45dc-4a44-aab6-32ccb42bc837___YLCV_NREC 1995.JPG,Tomato__Tomato_YellowLeaf__Curl_Virus,PlantVillage external crop disease dataset
data/PlantVillage/Potato___Early_blight/2639ad26-c7e9-4bd6-8000-c002f676a4c6___RS_Early.B 7150.JPG,Potato___Early_blight,PlantVillage external crop disease dataset
data/PlantVillage/Tomato_healthy/109f3e0e-e7f4-41b9-b450-f68750e144ae___RS_HL 0014.JPG,Tomato_healthy,PlantVillage external crop disease dataset
data/PlantVillage/Tomato_Early_blight/16dcb9cd-05ab-46d3-b76e-d19c16077a6a___RS_Erly.B 8345.JPG,Tomato_Early_blight,PlantVillage external crop disease dataset
data/PlantVillage/Tomato__Tomato_mosaic_virus/802d3f0c-8f4d-43ec-8bc9-c8bb43c2f8c2___PSU_CG 2354.JPG,Tomato__Tomato_mosaic_virus,PlantVillage external crop disease dataset
data/PlantVillage/PlantVillage/Pepper__bell___Bacterial_spot/176a9f0a-b815-4e4d-88d4-0960610f723b___NREC_B.Spot 1820.JPG,PlantVillage,PlantVillage external crop disease dataset
data/PlantVillage/Tomato_Septoria_leaf_spot/1a3965e0-423a-4003-ae8d-2fb639d02008___JR_Sept.L.S 8449.JPG,Tomato_Septoria_leaf_spot,PlantVillage external crop disease dataset
data/PlantVillage/Potato___healthy/0b3e5032-8ae8-49ac-8157-a1cac3df01dd___RS_HL 1817.JPG,Potato___healthy,PlantVillage external crop disease dataset
data/PlantVillage/Tomato_Bacterial_spot/0fac0401-b9dc-49a0-9011-2cd3eb906107___GCREC_Bact.Sp 3144.JPG,Tomato_Bacterial_spot,PlantVillage external crop disease dataset
data/PlantVillage/Tomato_healthy/223cb57a-b9b7-4c9a-b03e-701a8548ff4d___GH_HL Leaf 248.JPG,Tomato_healthy,PlantVillage external crop disease dataset
data/PlantVillage/Tomato_Septoria_leaf_spot/2c368f9a-5098-4a37-b127-477f1978ff78___Matt.S_CG 7499.JPG,Tomato_Septoria_leaf_spot,PlantVillage external crop disease dataset
data/PlantVillage/Tomato__Tomato_mosaic_virus/67076009-be77-4b3f-8de7-bc6f13df64f4___PSU_CG 2209.JPG,Tomato__Tomato_mosaic_virus,PlantVillage external crop disease dataset
data/PlantVillage/Tomato_healthy/24fe1921-3196-4125-8f96-d68edef32487___RS_HL 0109.JPG,Tomato_healthy,PlantVillage external crop disease dataset
data/PlantVillage/Tomato_Bacterial_spot/1917515d-7e2f-479c-afec-95b4d3ae07e8___GCREC_Bact.Sp 5607.JPG,Tomato_Bacterial_spot,PlantVillage external crop disease dataset
data/PlantVillage/Tomato_Septoria_leaf_spot/115872f2-53a2-4ed9-a394-01882a0d30db___Keller.St_CG 1914.JPG,Tomato_Septoria_leaf_spot,PlantVillage external crop disease dataset
data/PlantVillage/Pepper__bell___Bacterial_spot/121268d0-b5e9-452b-aa45-df90ddcc5ee5___JR_B.Spot 8876.JPG,Pepper__bell___Bacterial_spot,PlantVillage external crop disease dataset
data/PlantVillage/Tomato_Leaf_Mold/561e6144-f53b-477e-96ef-88deff234bc6___Crnl_L.Mold 6855.JPG,Tomato_Leaf_Mold,PlantVillage external crop disease dataset
data/PlantVillage/Tomato__Target_Spot/0b126ce6-af82-477f-8f4e-1de79d84a6dd___Com.G_TgS_FL 8294.JPG,Tomato__Target_Spot,PlantVillage external crop disease dataset
data/PlantVillage/Tomato_healthy/1a939012-5b9b-4dfa-aeda-ba97ec857903___GH_HL Leaf 278.JPG,Tomato_healthy,PlantVillage external crop disease dataset
data/PlantVillage/Tomato_Spider_mites_Two_spotted_spider_mite/0d831ad9-bc2a-4168-bbf2-6030f3f886f2___Com.G_SpM_FL 9419.JPG,Tomato_Spider_mites_Two_spotted_spider_mite,PlantVillage external crop disease dataset
data/PlantVillage/Tomato_Early_blight/0bb52721-51a6-4343-8c54-de15cedf8e5c___RS_Erly.B 7572.JPG,Tomato_Early_blight,PlantVillage external crop disease dataset
data/PlantVillage/Potato___Early_blight/4a06db68-bed1-4ae6-80ba-e9df70fa6f7b___RS_Early.B 8657.JPG,Potato___Early_blight,PlantVillage external crop disease dataset
data/PlantVillage/Tomato_Septoria_leaf_spot/2d3f0833-4493-456b-a333-610ec35c92d0___JR_Sept.L.S 2705.JPG,Tomato_Septoria_leaf_spot,PlantVillage external crop disease dataset
data/PlantVillage/Tomato_Leaf_Mold/30f6aead-5cd9-453d-85e6-56e93c1987d8___Crnl_L.Mold 6886.JPG,Tomato_Leaf_Mold,PlantVillage external crop disease dataset
data/PlantVillage/Tomato_Late_blight/04d8f472-b6ba-4bf7-82eb-a643937af9aa___GHLB2 Leaf 113.3.JPG,Tomato_Late_blight,PlantVillage external crop disease dataset
data/PlantVillage/Tomato_Septoria_leaf_spot/178dcc84-1b4a-4ca0-babc-3aff38a1d2de___Matt.S_CG 7394.JPG,Tomato_Septoria_leaf_spot,PlantVillage external crop disease dataset
data/PlantVillage/Tomato_Septoria_leaf_spot/14c31d28-ae56-42b8-9ff7-9012d414b74f___Keller.St_CG 1847.JPG,Tomato_Septoria_leaf_spot,PlantVillage external crop disease dataset
data/PlantVillage/Potato___Late_blight/23ad201a-469e-4687-9321-7329bf747992___RS_LB 4990.JPG,Potato___Late_blight,PlantVillage external crop disease dataset
data/PlantVillage/Tomato__Tomato_mosaic_virus/12f82f12-23f5-4edc-82d7-8bc3ee6f4848___PSU_CG 2373.JPG,Tomato__Tomato_mosaic_virus,PlantVillage external crop disease dataset
data/PlantVillage/Tomato_healthy/0f9a114d-1df8-442c-90e7-d14d2f6efb23___RS_HL 9964.JPG,Tomato_healthy,PlantVillage external crop disease dataset
data/PlantVillage/Tomato__Tomato_YellowLeaf__Curl_Virus/072c957f-2ed9-4026-a36c-7d95b289e44a___UF.GRC_YLCV_Lab 01348.JPG,Tomato__Tomato_YellowLeaf__Curl_Virus,PlantVillage external crop disease dataset
data/PlantVillage/Tomato__Tomato_YellowLeaf__Curl_Virus/055e33e8-dc46-4cf0-a5f9-ce404a5647fd___YLCV_NREC 0150.JPG,Tomato__Tomato_YellowLeaf__Curl_Virus,PlantVillage external crop disease dataset
data/PlantVillage/Tomato_Leaf_Mold/2bba06e5-9c91-45f2-a841-7b30b0d53f23___Crnl_L.Mold 6603.JPG,Tomato_Leaf_Mold,PlantVillage external crop disease dataset
data/PlantVillage/Tomato_Early_blight/420da335-510d-4e55-ac9c-2cad3530ad68___RS_Erly.B 8442.JPG,Tomato_Early_blight,PlantVillage external crop disease dataset
data/PlantVillage/Tomato__Target_Spot/0197df47-a9cb-4b6c-b72c-ac0e9af6d135___Com.G_TgS_FL 0779.JPG,Tomato__Target_Spot,PlantVillage external crop disease dataset
data/PlantVillage/Tomato_Spider_mites_Two_spotted_spider_mite/06e43f45-f56b-4979-b4a3-10eafeaddf3e___Com.G_SpM_FL 9534.JPG,Tomato_Spider_mites_Two_spotted_spider_mite,PlantVillage external crop disease dataset
data/PlantVillage/Potato___Early_blight/4b7b3611-d9b9-40c8-b0f5-d730fcd76679___RS_Early.B 6937.JPG,Potato___Early_blight,PlantVillage external crop disease dataset
data/PlantVillage/Tomato__Tomato_mosaic_virus/b529189c-a83d-429e-ae68-5281906cd3a7___PSU_CG 2080.JPG,Tomato__Tomato_mosaic_virus,PlantVillage external crop disease dataset
data/PlantVillage/Tomato__Tomato_mosaic_virus/76d665fa-6aec-4c47-adac-069107b3cf46___PSU_CG 2268.JPG,Tomato__Tomato_mosaic_virus,PlantVillage external crop disease dataset
data/PlantVillage/PlantVillage/Pepper__bell___Bacterial_spot/3042800d-559d-4250-bb62-23c346259685___NREC_B.Spot 1980.JPG,PlantVillage,PlantVillage external crop disease dataset
data/PlantVillage/Tomato__Tomato_mosaic_virus/5b09c1a9-f5ca-4c26-a627-a6ac6b2045cb___PSU_CG 2247.JPG,Tomato__Tomato_mosaic_virus,PlantVillage external crop disease dataset
data/PlantVillage/Tomato__Target_Spot/38351f40-e395-478b-a6b0-e3012dae1497___Com.G_TgS_FL 8328.JPG,Tomato__Target_Spot,PlantVillage external crop disease dataset
data/PlantVillage/Tomato_Bacterial_spot/0c09c121-e945-4b7e-acbf-dff4e0d01acb___GCREC_Bact.Sp 3379.JPG,Tomato_Bacterial_spot,PlantVillage external crop disease dataset
data/PlantVillage/Pepper__bell___Bacterial_spot/2d7488fa-f033-4c1c-bc1f-b70f86406127___NREC_B.Spot 1800.JPG,Pepper__bell___Bacterial_spot,PlantVillage external crop disease dataset
data/PlantVillage/Potato___Late_blight/0051e5e8-d1c4-4a84-bf3a-a426cdad6285___RS_LB 4640.JPG,Potato___Late_blight,PlantVillage external crop disease dataset
data/PlantVillage/Tomato__Target_Spot/0118c27a-f34a-41e1-8b2f-d2c564f83c5c___Com.G_TgS_FL 0013.JPG,Tomato__Target_Spot,PlantVillage external crop disease dataset
data/PlantVillage/Tomato_Late_blight/1905cdb8-1725-4386-9d49-59f47c3e4a1b___GHLB2ES Leaf 65.JPG,Tomato_Late_blight,PlantVillage external crop disease dataset
data/PlantVillage/Pepper__bell___healthy/13e593a4-59cf-4271-be0e-e2761634015d___JR_HL 8414.JPG,Pepper__bell___healthy,PlantVillage external crop disease dataset
data/PlantVillage/PlantVillage/Pepper__bell___Bacterial_spot/4396fc84-fea6-4cfd-a352-01241e44efda___NREC_B.Spot 1927.JPG,PlantVillage,PlantVillage external crop disease dataset
data/PlantVillage/Tomato_Spider_mites_Two_spotted_spider_mite/0dd13a82-3fd8-426b-8a87-4e695c92d3b2___Com.G_SpM_FL 8829.JPG,Tomato_Spider_mites_Two_spotted_spider_mite,PlantVillage external crop disease dataset
data/PlantVillage/Tomato_Late_blight/16441ce5-dcfa-411c-8029-cef10b3f6474___GHLB2 Leaf 8687.JPG,Tomato_Late_blight,PlantVillage external crop disease dataset
data/PlantVillage/Tomato_healthy/18fa622c-8257-479a-9c81-7a6fe9a3a41b___GH_HL Leaf 428.JPG,Tomato_healthy,PlantVillage external crop disease dataset
data/PlantVillage/Tomato__Target_Spot/0fccb8d0-3f91-442c-8d74-6dbfb163f8a9___Com.G_TgS_FL 8365.JPG,Tomato__Target_Spot,PlantVillage external crop disease dataset
data/PlantVillage/Tomato__Tomato_mosaic_virus/73d4d7e9-6565-468f-83f4-ce0652c23577___PSU_CG 2316.JPG,Tomato__Tomato_mosaic_virus,PlantVillage external crop disease dataset
data/PlantVillage/Potato___Early_blight/212c3c65-e30e-496f-ab5e-c2f4b0446d8f___RS_Early.B 8195.JPG,Potato___Early_blight,PlantVillage external crop disease dataset
data/PlantVillage/Tomato_Spider_mites_Two_spotted_spider_mite/1e0e0b1b-bc70-486b-9d85-f6e3ca348516___Com.G_SpM_FL 1285.JPG,Tomato_Spider_mites_Two_spotted_spider_mite,PlantVillage external crop disease dataset
data/PlantVillage/PlantVillage/Pepper__bell___Bacterial_spot/197e7e21-9ddb-4fbe-a87e-2885a14c29d5___JR_B.Spot 9035.JPG,PlantVillage,PlantVillage external crop disease dataset
data/PlantVillage/Tomato__Tomato_YellowLeaf__Curl_Virus/0be8de3c-4851-46ec-86d9-65688d4aad7f___YLCV_NREC 2410.JPG,Tomato__Tomato_YellowLeaf__Curl_Virus,PlantVillage external crop disease dataset
data/PlantVillage/Tomato_Bacterial_spot/2290365c-ec97-46fb-bc6c-51395d458821___GCREC_Bact.Sp 5937.JPG,Tomato_Bacterial_spot,PlantVillage external crop disease dataset
data/PlantVillage/Tomato_Leaf_Mold/2f49ea7d-edf2-48bd-9598-449d8c83d0a0___Crnl_L.Mold 9154.JPG,Tomato_Leaf_Mold,PlantVillage external crop disease dataset
data/PlantVillage/Tomato_Early_blight/079e0d43-e9d2-4217-b8e8-2f3b989cdab2___RS_Erly.B 7588.JPG,Tomato_Early_blight,PlantVillage external crop disease dataset
data/PlantVillage/Tomato_healthy/2b6c6705-59ce-4afe-8ad1-62a367ea10e0___RS_HL 9994.JPG,Tomato_healthy,PlantVillage external crop disease dataset
data/PlantVillage/Potato___Late_blight/1a674846-9d13-4a7f-ba03-8931c5dd3d2c___RS_LB 2768.JPG,Potato___Late_blight,PlantVillage external crop disease dataset
data/PlantVillage/Potato___Late_blight/0c83302d-4233-4e98-8ecf-755a970495bb___RS_LB 4904.JPG,Potato___Late_blight,PlantVillage external crop disease dataset
data/PlantVillage/PlantVillage/Pepper__bell___Bacterial_spot/131dd897-98e3-45f0-9b4a-48471c4cbf4c___JR_B.Spot 8845.JPG,PlantVillage,PlantVillage external crop disease dataset
data/PlantVillage/Tomato_Spider_mites_Two_spotted_spider_mite/12019ba6-405d-45b7-b0e6-5a6a665de0e7___Com.G_SpM_FL 8624.JPG,Tomato_Spider_mites_Two_spotted_spider_mite,PlantVillage external crop disease dataset
data/PlantVillage/Potato___healthy/e1b49d1b-165b-4f4e-8a30-735e62bc39c5___RS_HL 1839.JPG,Potato___healthy,PlantVillage external crop disease dataset
data/PlantVillage/Tomato_Leaf_Mold/0443d006-9d75-4d46-9312-941f21e3791d___Crnl_L.Mold 9139.JPG,Tomato_Leaf_Mold,PlantVillage external crop disease dataset
data/PlantVillage/Potato___Early_blight/1ff86a73-9f36-45c5-8012-c5d90445b7ac___RS_Early.B 8563.JPG,Potato___Early_blight,PlantVillage external crop disease dataset
data/PlantVillage/Tomato__Target_Spot/3225cfcd-1157-44d4-b5ff-61b7c61795d8___Com.G_TgS_FL 8308.JPG,Tomato__Target_Spot,PlantVillage external crop disease dataset
data/PlantVillage/Tomato_Early_blight/2179421c-3ce3-4581-8b65-17da6fffd3db___RS_Erly.B 7730.JPG,Tomato_Early_blight,PlantVillage external crop disease dataset
data/PlantVillage/Tomato_healthy/07b44f68-fa0b-44b5-91cc-c6a7144fcc93___RS_HL 0357.JPG,Tomato_healthy,PlantVillage external crop disease dataset
data/PlantVillage/Tomato_Late_blight/1f200e50-7cb5-4a83-8ecd-dcf133f1f45e___GHLB2 Leaf 8991.JPG,Tomato_Late_blight,PlantVillage external crop disease dataset
data/PlantVillage/Pepper__bell___healthy/28e50a98-883a-418d-bbcb-01b8e44a11b5___JR_HL 8160.JPG,Pepper__bell___healthy,PlantVillage external crop disease dataset
data/PlantVillage/Tomato_Late_blight/189f8e47-0892-4c82-b0b9-7a51b6c83a04___RS_Late.B 7193.JPG,Tomato_Late_blight,PlantVillage external crop disease dataset
data/PlantVillage/Tomato__Tomato_YellowLeaf__Curl_Virus/0e321bad-3d5e-4f2f-abf0-f991bfc12b26___UF.GRC_YLCV_Lab 09481.JPG,Tomato__Tomato_YellowLeaf__Curl_Virus,PlantVillage external crop disease dataset
data/PlantVillage/Tomato__Tomato_mosaic_virus/9752941a-c045-41ef-aa87-55bc29011096___PSU_CG 2138.JPG,Tomato__Tomato_mosaic_virus,PlantVillage external crop disease dataset
data/PlantVillage/Tomato_healthy/1732045f-a451-4325-aa86-717a8cbdaf02___RS_HL 9698.JPG,Tomato_healthy,PlantVillage external crop disease dataset
data/PlantVillage/Pepper__bell___healthy/14473c6e-c261-43c0-baac-25bb228ce5d9___JR_HL 7811.JPG,Pepper__bell___healthy,PlantVillage external crop disease dataset
data/PlantVillage/Tomato_Leaf_Mold/4375c98f-8986-4680-9432-afb29f839d7b___Crnl_L.Mold 6847.JPG,Tomato_Leaf_Mold,PlantVillage external crop disease dataset
data/PlantVillage/PlantVillage/Pepper__bell___Bacterial_spot/27388bbc-c768-427c-94d4-c195af364507___JR_B.Spot 8935.JPG,PlantVillage,PlantVillage external crop disease dataset
data/PlantVillage/Tomato__Tomato_YellowLeaf__Curl_Virus/0c71b575-2862-4037-8ae4-ee3b98554954___UF.GRC_YLCV_Lab 03050.JPG,Tomato__Tomato_YellowLeaf__Curl_Virus,PlantVillage external crop disease dataset
data/PlantVillage/Potato___Late_blight/36c25644-54cb-405d-abef-700d24652958___RS_LB 2606.JPG,Potato___Late_blight,PlantVillage external crop disease dataset
data/PlantVillage/Tomato_Spider_mites_Two_spotted_spider_mite/0ad80523-3f34-41ae-aec8-e676546ddde5___Com.G_SpM_FL 8489.JPG,Tomato_Spider_mites_Two_spotted_spider_mite,PlantVillage external crop disease dataset
data/PlantVillage/Tomato_Septoria_leaf_spot/177caa36-f976-4c64-8098-25fba2a4038f___Keller.St_CG 1787.JPG,Tomato_Septoria_leaf_spot,PlantVillage external crop disease dataset
data/PlantVillage/PlantVillage/Pepper__bell___Bacterial_spot/2edf5fe8-706b-4ce7-8b59-dc6bfa4b6b42___JR_B.Spot 8823.JPG,PlantVillage,PlantVillage external crop disease dataset
data/PlantVillage/Tomato_Bacterial_spot/1f96aa30-b5fd-4730-a758-ca586cbcf59f___GCREC_Bact.Sp 3688.JPG,Tomato_Bacterial_spot,PlantVillage external crop disease dataset
data/PlantVillage/Tomato_Leaf_Mold/35f38d23-ae26-4feb-a076-6fd6571db043___Crnl_L.Mold 6814.JPG,Tomato_Leaf_Mold,PlantVillage external crop disease dataset
data/PlantVillage/Tomato_Leaf_Mold/3ceb9ab8-dc0e-4f17-a6fb-224b0b8b2e4f___Crnl_L.Mold 8839.JPG,Tomato_Leaf_Mold,PlantVillage external crop disease dataset
data/PlantVillage/Tomato__Tomato_YellowLeaf__Curl_Virus/0d55ad70-9d84-46ef-a515-1291d27997ac___YLCV_GCREC 5242.JPG,Tomato__Tomato_YellowLeaf__Curl_Virus,PlantVillage external crop disease dataset
data/PlantVillage/Tomato_Bacterial_spot/086dd5ed-279a-458b-aa4a-1484305ac21c___UF.GRC_BS_Lab Leaf 8835.JPG,Tomato_Bacterial_spot,PlantVillage external crop disease dataset
data/PlantVillage/Tomato_Late_blight/06412832-90d3-4713-9e82-f2cca52dadc8___GHLB2 Leaf 8734.JPG,Tomato_Late_blight,PlantVillage external crop disease dataset
data/PlantVillage/Tomato__Tomato_mosaic_virus/8babd25a-f124-4d1f-a57a-5db347b34f0d___PSU_CG 2355.JPG,Tomato__Tomato_mosaic_virus,PlantVillage external crop disease dataset
data/PlantVillage/Potato___healthy/875d6ded-5f01-495c-a945-ad2e17f87f91___RS_HL 1848.JPG,Potato___healthy,PlantVillage external crop disease dataset
data/PlantVillage/PlantVillage/Pepper__bell___Bacterial_spot/024623ab-be81-4d99-a653-c3be1495ce8e___JR_B.Spot 8889.JPG,PlantVillage,PlantVillage external crop disease dataset
data/PlantVillage/Tomato_Septoria_leaf_spot/1747b1ad-eb6e-457b-a979-cead92fc123e___Matt.S_CG 7591.JPG,Tomato_Septoria_leaf_spot,PlantVillage external crop disease dataset
data/PlantVillage/Tomato_Early_blight/0208ed52-1b28-4c9c-88e3-4667581e1109___RS_Erly.B 7829.JPG,Tomato_Early_blight,PlantVillage external crop disease dataset
data/PlantVillage/Tomato__Tomato_mosaic_virus/75c566a5-8c20-4294-8138-4f06a3c2df7c___PSU_CG 2158.JPG,Tomato__Tomato_mosaic_virus,PlantVillage external crop disease dataset
data/PlantVillage/Tomato_Leaf_Mold/3e6cdf52-1ecf-49a3-bc77-9cd3abb7f901___Crnl_L.Mold 8755.JPG,Tomato_Leaf_Mold,PlantVillage external crop disease dataset
data/PlantVillage/Potato___Late_blight/201186ce-cec5-47ef-9f88-bd8c4abab2c8___RS_LB 2813.JPG,Potato___Late_blight,PlantVillage external crop disease dataset
data/PlantVillage/Pepper__bell___Bacterial_spot/234f12c4-f47d-4712-8780-3e1e99bf4c42___JR_B.Spot 3174.JPG,Pepper__bell___Bacterial_spot,PlantVillage external crop disease dataset
data/PlantVillage/Potato___Late_blight/05a51957-779c-4a2f-bf2a-d1fb03947793___RS_LB 4772.JPG,Potato___Late_blight,PlantVillage external crop disease dataset
data/PlantVillage/Pepper__bell___healthy/33227b26-600a-49ad-ad1c-2667442fcbc2___JR_HL 8882.JPG,Pepper__bell___healthy,PlantVillage external crop disease dataset
data/PlantVillage/Tomato_Late_blight/005e3b43-9050-47da-9498-f9ecdcc703b3___RS_Late.B 5104.JPG,Tomato_Late_blight,PlantVillage external crop disease dataset
data/PlantVillage/Tomato_Bacterial_spot/0756753c-decb-4344-892f-4677b8215f0f___GCREC_Bact.Sp 5778.JPG,Tomato_Bacterial_spot,PlantVillage external crop disease dataset
data/PlantVillage/Tomato_Bacterial_spot/00a7c269-3476-4d25-b744-44d6353cd921___GCREC_Bact.Sp 5807.JPG,Tomato_Bacterial_spot,PlantVillage external crop disease dataset
data/PlantVillage/Tomato_Spider_mites_Two_spotted_spider_mite/200410b0-390d-406f-aa66-5573ec4d8e04___Com.G_SpM_FL 1214.JPG,Tomato_Spider_mites_Two_spotted_spider_mite,PlantVillage external crop disease dataset
data/PlantVillage/Tomato_healthy/0c4b06d5-4053-44fc-99b6-504934fdd3a9___GH_HL Leaf 199.1.JPG,Tomato_healthy,PlantVillage external crop disease dataset
data/PlantVillage/Pepper__bell___healthy/05208d8a-786d-4e34-86ee-be778d467355___JR_HL 8438.JPG,Pepper__bell___healthy,PlantVillage external crop disease dataset
data/PlantVillage/Tomato_Early_blight/10fedb70-9786-4623-a32b-97a622037511___RS_Erly.B 7796.JPG,Tomato_Early_blight,PlantVillage external crop disease dataset
data/PlantVillage/Potato___Early_blight/3ab17a89-2e50-49c2-bb75-518369da98c1___RS_Early.B 8636.JPG,Potato___Early_blight,PlantVillage external crop disease dataset
data/PlantVillage/Tomato_Early_blight/0034a551-9512-44e5-ba6c-827f85ecc688___RS_Erly.B 9432.JPG,Tomato_Early_blight,PlantVillage external crop disease dataset
data/PlantVillage/Tomato_Leaf_Mold/4797e35c-7ec7-4853-95d5-c9fa4b6c0be9___Crnl_L.Mold 9162.JPG,Tomato_Leaf_Mold,PlantVillage external crop disease dataset
data/PlantVillage/Tomato_Bacterial_spot/03c8e0d0-6c57-4207-ad44-4d017c3e7943___GCREC_Bact.Sp 6325.JPG,Tomato_Bacterial_spot,PlantVillage external crop disease dataset
data/PlantVillage/Tomato__Tomato_YellowLeaf__Curl_Virus/0757ed7d-27b6-4b66-b5d1-36efb744bbe2___UF.GRC_YLCV_Lab 02775.JPG,Tomato__Tomato_YellowLeaf__Curl_Virus,PlantVillage external crop disease dataset
data/PlantVillage/PlantVillage/Pepper__bell___Bacterial_spot/03bb7042-3fd5-42e1-aa2c-d51d6843704c___JR_B.Spot 8925.JPG,PlantVillage,PlantVillage external crop disease dataset
data/PlantVillage/Tomato__Tomato_mosaic_virus/59fd6a1e-ee07-415b-a588-50f110301021___PSU_CG 2088.JPG,Tomato__Tomato_mosaic_virus,PlantVillage external crop disease dataset
data/PlantVillage/Potato___healthy/5cb360dd-5c17-4c57-b31d-97cd8dd8d0bd___RS_HL 1797.JPG,Potato___healthy,PlantVillage external crop disease dataset
data/PlantVillage/Tomato_Septoria_leaf_spot/184031fe-22fe-479d-bb2d-9bb7122d60a9___Matt.S_CG 0881.JPG,Tomato_Septoria_leaf_spot,PlantVillage external crop disease dataset
data/PlantVillage/Pepper__bell___Bacterial_spot/3a041cb2-cd43-4fcf-8f84-f559d40f1bd8___JR_B.Spot 9101.JPG,Pepper__bell___Bacterial_spot,PlantVillage external crop disease dataset
data/PlantVillage/Tomato_Late_blight/178eb3a0-a4c6-4c2b-8bad-e11d66a76f52___RS_Late.B 4886.JPG,Tomato_Late_blight,PlantVillage external crop disease dataset
data/PlantVillage/Potato___Late_blight/09a215a1-a539-4635-a27f-232229ff11f4___RS_LB 4529.JPG,Potato___Late_blight,PlantVillage external crop disease dataset
data/PlantVillage/Pepper__bell___healthy/1dd1b153-8ded-439f-8c9e-c9970c67e642___JR_HL 8163.JPG,Pepper__bell___healthy,PlantVillage external crop disease dataset
data/PlantVillage/Tomato_Leaf_Mold/0ac36661-a47d-47ff-8948-42edec033b87___Crnl_L.Mold 9127.JPG,Tomato_Leaf_Mold,PlantVillage external crop disease dataset
data/PlantVillage/Potato___Late_blight/04fe5855-ec9c-40b3-9893-ca8addc236bd___RS_LB 4913.JPG,Potato___Late_blight,PlantVillage external crop disease dataset
data/PlantVillage/Potato___Early_blight/08a892eb-19cc-45ea-babc-181b98f89238___RS_Early.B 7367.JPG,Potato___Early_blight,PlantVillage external crop disease dataset
data/PlantVillage/Tomato_healthy/2a11ceb9-41c9-4f2e-bed9-ef1c1c7d479b___RS_HL 0371.JPG,Tomato_healthy,PlantVillage external crop disease dataset
data/PlantVillage/Tomato_Septoria_leaf_spot/1de3c0cc-04c3-48d0-9493-96b9e9a237af___Matt.S_CG 7657.JPG,Tomato_Septoria_leaf_spot,PlantVillage external crop disease dataset
data/PlantVillage/Tomato_Early_blight/25281e43-2651-423f-8e7e-d354185ccd28___RS_Erly.B 7809.JPG,Tomato_Early_blight,PlantVillage external crop disease dataset
data/PlantVillage/Potato___Early_blight/2e88d4ed-b11b-4123-9e4b-f3c02a65ad39___RS_Early.B 9180.JPG,Potato___Early_blight,PlantVillage external crop disease dataset
data/PlantVillage/Pepper__bell___healthy/1bbdce5c-a65c-4ddc-81b7-6f80e6254734___JR_HL 8387.JPG,Pepper__bell___healthy,PlantVillage external crop disease dataset
data/PlantVillage/Tomato_healthy/1352e7ea-9a81-44fb-98e9-25ee6c701753___RS_HL 0549.JPG,Tomato_healthy,PlantVillage external crop disease dataset
data/PlantVillage/Tomato__Target_Spot/160f7688-821b-4d25-a867-62d0cf492777___Com.G_TgS_FL 0808.JPG,Tomato__Target_Spot,PlantVillage external crop disease dataset
data/PlantVillage/PlantVillage/Pepper__bell___Bacterial_spot/13955856-c347-4039-ba30-09ea39d66534___NREC_B.Spot 9114.JPG,PlantVillage,PlantVillage external crop disease dataset
data/PlantVillage/Tomato_healthy/1b477a6a-aa09-4c12-ad17-fbbc08cd76da___GH_HL Leaf 386.JPG,Tomato_healthy,PlantVillage external crop disease dataset
data/PlantVillage/Potato___Late_blight/073a7489-b8dd-4efc-8393-7f024fe8542a___RS_LB 2617.JPG,Potato___Late_blight,PlantVillage external crop disease dataset
data/PlantVillage/Tomato_Late_blight/02a3e0cd-04da-4e08-b929-167bcb7f46f4___GHLB2 Leaf 8731.JPG,Tomato_Late_blight,PlantVillage external crop disease dataset
data/PlantVillage/Pepper__bell___healthy/2ba359a8-68ff-4f4b-9c8d-10cab127b257___JR_HL 8294.JPG,Pepper__bell___healthy,PlantVillage external crop disease dataset
data/PlantVillage/Tomato_Spider_mites_Two_spotted_spider_mite/29919d99-e33e-43f0-b313-73eef0221636___Com.G_SpM_FL 1673.JPG,Tomato_Spider_mites_Two_spotted_spider_mite,PlantVillage external crop disease dataset
data/PlantVillage/Tomato_Bacterial_spot/25202a28-6a47-4ae0-aa2c-9907eb1be14d___GCREC_Bact.Sp 3681.JPG,Tomato_Bacterial_spot,PlantVillage external crop disease dataset
data/PlantVillage/Tomato__Tomato_YellowLeaf__Curl_Virus/0667f15c-7f32-4f32-a669-f09dfbc9535a___UF.GRC_YLCV_Lab 08561.JPG,Tomato__Tomato_YellowLeaf__Curl_Virus,PlantVillage external crop disease dataset
data/PlantVillage/Potato___Late_blight/2ef5c4f6-a798-40fd-8380-f444f3290987___RS_LB 4428.JPG,Potato___Late_blight,PlantVillage external crop disease dataset
data/PlantVillage/Tomato_healthy/2e4b9ef4-4ee8-4a50-aac0-de7c001f36d4___GH_HL Leaf 288.1.JPG,Tomato_healthy,PlantVillage external crop disease dataset
data/PlantVillage/Tomato_Spider_mites_Two_spotted_spider_mite/0d956449-8243-4229-b293-124461cc4940___Com.G_SpM_FL 9325.JPG,Tomato_Spider_mites_Two_spotted_spider_mite,PlantVillage external crop disease dataset
data/PlantVillage/Tomato_Septoria_leaf_spot/14a45bee-049a-47ec-9471-b5360d1cf8d9___Matt.S_CG 7600.JPG,Tomato_Septoria_leaf_spot,PlantVillage external crop disease dataset
data/PlantVillage/Tomato__Tomato_YellowLeaf__Curl_Virus/0500c04e-5514-4ce1-a9e9-e4069d2b57e2___YLCV_GCREC 2630.JPG,Tomato__Tomato_YellowLeaf__Curl_Virus,PlantVillage external crop disease dataset
data/PlantVillage/Potato___Late_blight/025f3c76-6d6c-4dad-ba22-e3e72d084ef1___RS_LB 3105.JPG,Potato___Late_blight,PlantVillage external crop disease dataset
data/PlantVillage/Tomato_Leaf_Mold/167ce5ce-ef32-4544-a7aa-d05d315ef61a___Crnl_L.Mold 9113.JPG,Tomato_Leaf_Mold,PlantVillage external crop disease dataset
data/PlantVillage/Potato___Early_blight/1d301622-e359-49d5-b4ca-6837f254fd1b___RS_Early.B 6719.JPG,Potato___Early_blight,PlantVillage external crop disease dataset
data/PlantVillage/Pepper__bell___Bacterial_spot/243bfff2-bd35-44d3-a91e-2569fe948c89___JR_B.Spot 8909.JPG,Pepper__bell___Bacterial_spot,PlantVillage external crop disease dataset
data/PlantVillage/Tomato__Target_Spot/03e3b044-d81f-49ca-a4d3-c6f7173b55a9___Com.G_TgS_FL 9921.JPG,Tomato__Target_Spot,PlantVillage external crop disease dataset
data/PlantVillage/Tomato_healthy/0372686b-04b2-4a25-98da-5801747fa1af___RS_HL 0391.JPG,Tomato_healthy,PlantVillage external crop disease dataset
data/PlantVillage/Tomato__Tomato_YellowLeaf__Curl_Virus/0d18695b-030f-4bf4-9153-40759c2a6110___YLCV_GCREC 2242.JPG,Tomato__Tomato_YellowLeaf__Curl_Virus,PlantVillage external crop disease dataset
data/PlantVillage/PlantVillage/Pepper__bell___Bacterial_spot/0abffc81-6be8-4b17-a83c-4d2830e30382___JR_B.Spot 9076.JPG,PlantVillage,PlantVillage external crop disease dataset
data/PlantVillage/Tomato_Late_blight/16b43113-cc8c-4082-a88f-648b79036e49___GHLB_PS Leaf 23.4 Day 13.jpg,Tomato_Late_blight,PlantVillage external crop disease dataset
data/PlantVillage/Tomato_Spider_mites_Two_spotted_spider_mite/26a363c9-aa30-4e63-bdec-cc26f273656b___Com.G_SpM_FL 1351.JPG,Tomato_Spider_mites_Two_spotted_spider_mite,PlantVillage external crop disease dataset
data/PlantVillage/Tomato_Leaf_Mold/5033c868-7977-4a3f-9705-1fb656e64459___Crnl_L.Mold 6813.JPG,Tomato_Leaf_Mold,PlantVillage external crop disease dataset
data/PlantVillage/Tomato_Early_blight/1b4a2ad5-057d-4fac-9188-648edbe49751___RS_Erly.B 7767.JPG,Tomato_Early_blight,PlantVillage external crop disease dataset
data/PlantVillage/Tomato_Septoria_leaf_spot/173f882f-3ba1-49d2-ab0d-ca8232baf2a5___Matt.S_CG 6133.JPG,Tomato_Septoria_leaf_spot,PlantVillage external crop disease dataset
data/PlantVillage/Tomato_Bacterial_spot/1c213d89-a3ba-4486-ac5a-1744eb371859___GCREC_Bact.Sp 3500.JPG,Tomato_Bacterial_spot,PlantVillage external crop disease dataset
data/PlantVillage/Potato___Late_blight/4d56ef9d-bc69-489c-92de-d2fad01d762d___RS_LB 3890.JPG,Potato___Late_blight,PlantVillage external crop disease dataset
data/PlantVillage/Tomato_Spider_mites_Two_spotted_spider_mite/1f79e619-5551-4d1e-b5f9-9f097781a967___Com.G_SpM_FL 8451.JPG,Tomato_Spider_mites_Two_spotted_spider_mite,PlantVillage external crop disease dataset
data/PlantVillage/Potato___Late_blight/059c9129-51b7-4d6b-9b57-f22e87568a0a___RS_LB 5118.JPG,Potato___Late_blight,PlantVillage external crop disease dataset
data/PlantVillage/Potato___Late_blight/20880dc9-069c-40e5-81be-6d6e33f9519c___RS_LB 4098.JPG,Potato___Late_blight,PlantVillage external crop disease dataset
data/PlantVillage/Tomato_Septoria_leaf_spot/0a95b5b7-7bfb-4201-9320-dae33498081a___JR_Sept.L.S 2482.JPG,Tomato_Septoria_leaf_spot,PlantVillage external crop disease dataset
data/PlantVillage/Tomato_Bacterial_spot/0c883752-3334-4615-841d-287d58ecf60d___GCREC_Bact.Sp 6119.JPG,Tomato_Bacterial_spot,PlantVillage external crop disease dataset
data/PlantVillage/Potato___healthy/2d98cbc8-cbe6-423c-b2ab-3f7f8bcea5d5___RS_HL 1945.JPG,Potato___healthy,PlantVillage external crop disease dataset
data/PlantVillage/Pepper__bell___healthy/179ce71a-c902-4712-9844-d737a9437468___JR_HL 7723.JPG,Pepper__bell___healthy,PlantVillage external crop disease dataset
data/PlantVillage/Tomato__Tomato_mosaic_virus/0b5e2269-7b37-43ac-9a96-c62b9bba2383___PSU_CG 2243.JPG,Tomato__Tomato_mosaic_virus,PlantVillage external crop disease dataset
data/PlantVillage/Pepper__bell___healthy/0e2afa6e-568c-4694-babd-dc15057b53b3___JR_HL 8475.JPG,Pepper__bell___healthy,PlantVillage external crop disease dataset
data/PlantVillage/Potato___Early_blight/29508e75-1a9d-4838-b929-cf42f8638e83___RS_Early.B 6782.JPG,Potato___Early_blight,PlantVillage external crop disease dataset
data/PlantVillage/Tomato_Septoria_leaf_spot/1f6955e1-0c57-45ef-a769-8578aa3425d6___JR_Sept.L.S 8502.JPG,Tomato_Septoria_leaf_spot,PlantVillage external crop disease dataset
data/PlantVillage/Tomato_Bacterial_spot/22a42ef8-b719-40d1-9307-8f035913daff___GCREC_Bact.Sp 3861.JPG,Tomato_Bacterial_spot,PlantVillage external crop disease dataset
data/PlantVillage/Potato___healthy/4bbccfb6-5720-4c80-9b37-0c3ed8999c9f___RS_HL 1791.JPG,Potato___healthy,PlantVillage external crop disease dataset
data/PlantVillage/Tomato__Target_Spot/0a2de4c5-d688-4f9d-9107-ace1d281c307___Com.G_TgS_FL 7941.JPG,Tomato__Target_Spot,PlantVillage external crop disease dataset
data/PlantVillage/Potato___Early_blight/10c438df-8ed7-4de7-94df-83298ebcf373___RS_Early.B 7001.JPG,Potato___Early_blight,PlantVillage external crop disease dataset
data/PlantVillage/Potato___Early_blight/2a9d3616-0bf1-4d98-b649-0a46d36dab7c___RS_Early.B 6703.JPG,Potato___Early_blight,PlantVillage external crop disease dataset
data/PlantVillage/Tomato_Early_blight/48160d05-d3e5-44bb-810e-18d08407b529___RS_Erly.B 9606.JPG,Tomato_Early_blight,PlantVillage external crop disease dataset
data/PlantVillage/Tomato__Target_Spot/0ff11bec-6751-47dc-86a0-cf28682f13d3___Com.G_TgS_FL 7907.JPG,Tomato__Target_Spot,PlantVillage external crop disease dataset
data/PlantVillage/Potato___Early_blight/060fd5a7-1606-4a59-895b-604c90d6b414___RS_Early.B 7205.JPG,Potato___Early_blight,PlantVillage external crop disease dataset
data/PlantVillage/Potato___Late_blight/05817623-2c4e-4517-88a1-fe81b9a73742___RS_LB 3920.JPG,Potato___Late_blight,PlantVillage external crop disease dataset
data/PlantVillage/Tomato__Target_Spot/38c3b873-fdb0-47b8-a56c-3580143b3acf___Com.G_TgS_FL 9818.JPG,Tomato__Target_Spot,PlantVillage external crop disease dataset
data/PlantVillage/Tomato_Leaf_Mold/3c38d571-10d9-4213-9892-e77c97a692dc___Crnl_L.Mold 9027.JPG,Tomato_Leaf_Mold,PlantVillage external crop disease dataset
data/PlantVillage/Tomato_Leaf_Mold/331752ba-3d14-4e35-9d0a-8f40b2a31653___Crnl_L.Mold 8916.JPG,Tomato_Leaf_Mold,PlantVillage external crop disease dataset
data/PlantVillage/Tomato__Target_Spot/277f3a84-81e1-44c9-9d89-de7a9ded03ff___Com.G_TgS_FL 8316.JPG,Tomato__Target_Spot,PlantVillage external crop disease dataset
data/PlantVillage/Tomato_Bacterial_spot/12168e10-ea77-4d6b-841e-bfe48e141cee___GCREC_Bact.Sp 6085.JPG,Tomato_Bacterial_spot,PlantVillage external crop disease dataset
data/PlantVillage/Tomato_healthy/13a4fd9b-13eb-4fcd-af7d-b6c76fbbf456___GH_HL Leaf 272.JPG,Tomato_healthy,PlantVillage external crop disease dataset
data/PlantVillage/Tomato__Target_Spot/2e6677ea-2788-49fd-86bc-1a3d3842725d___Com.G_TgS_FL 1092.JPG,Tomato__Target_Spot,PlantVillage external crop disease dataset
data/PlantVillage/Tomato_Leaf_Mold/273b19fa-2701-4679-a994-8a37040ac343___Crnl_L.Mold 6577.JPG,Tomato_Leaf_Mold,PlantVillage external crop disease dataset
data/PlantVillage/Pepper__bell___Bacterial_spot/0e57b44f-bb06-43ec-8688-5a7985b461e7___JR_B.Spot 8970.JPG,Pepper__bell___Bacterial_spot,PlantVillage external crop disease dataset
data/PlantVillage/Tomato_Late_blight/0dd9d965-d68a-4e47-ba02-ebcadf13c7ae___GHLB2 Leaf 78.1.JPG,Tomato_Late_blight,PlantVillage external crop disease dataset
data/PlantVillage/Pepper__bell___Bacterial_spot/4617631e-a75a-4cd0-a1f5-c06ed41a182a___JR_B.Spot 3281.JPG,Pepper__bell___Bacterial_spot,PlantVillage external crop disease dataset
data/PlantVillage/Potato___Late_blight/29d84246-f2a5-4c18-8ddc-2f2d38046ae2___RS_LB 2625.JPG,Potato___Late_blight,PlantVillage external crop disease dataset
data/PlantVillage/Potato___Late_blight/3f30c40f-105b-4ce7-a376-d2e6f4681e3b___RS_LB 4921.JPG,Potato___Late_blight,PlantVillage external crop disease dataset
data/PlantVillage/Tomato_healthy/0fd3432a-e22a-4a71-9a63-1c56ee4ce067___GH_HL Leaf 463.1.JPG,Tomato_healthy,PlantVillage external crop disease dataset
data/PlantVillage/Tomato__Target_Spot/0a458dfc-b513-44f2-a3ce-dab4c3adb939___Com.G_TgS_FL 8166.JPG,Tomato__Target_Spot,PlantVillage external crop disease dataset
data/PlantVillage/Tomato_Late_blight/1a473cad-42fc-48ca-963c-d438fbca928f___RS_Late.B 5418.JPG,Tomato_Late_blight,PlantVillage external crop disease dataset
data/PlantVillage/Tomato_Late_blight/1449ecb2-0325-49ba-80f1-2040b739fddd___RS_Late.B 7044.JPG,Tomato_Late_blight,PlantVillage external crop disease dataset
data/PlantVillage/Potato___healthy/b89db9d3-a413-4781-bc88-5f6c2085ab5f___RS_HL 1909.JPG,Potato___healthy,PlantVillage external crop disease dataset
data/PlantVillage/Tomato__Target_Spot/0e763e60-8821-4484-9793-f8ee4f515127___Com.G_TgS_FL 8135.JPG,Tomato__Target_Spot,PlantVillage external crop disease dataset
data/PlantVillage/Tomato_Bacterial_spot/1dbd6b67-25f1-444e-81d8-cbb54213cbb4___GCREC_Bact.Sp 3528.JPG,Tomato_Bacterial_spot,PlantVillage external crop disease dataset
data/PlantVillage/Tomato_healthy/02b4afdf-e1de-4c0e-a38d-3f19afeb9ea9___RS_HL 0493.JPG,Tomato_healthy,PlantVillage external crop disease dataset
data/PlantVillage/Potato___Early_blight/4d1d5d85-e67d-4007-bceb-9b577f49065b___RS_Early.B 8885.JPG,Potato___Early_blight,PlantVillage external crop disease dataset
data/PlantVillage/Pepper__bell___healthy/03c966a7-ac9e-4c8e-965a-6c0e7289a0e8___JR_HL 8509.JPG,Pepper__bell___healthy,PlantVillage external crop disease dataset
data/PlantVillage/Potato___Early_blight/1a2970b6-bafd-4812-93bc-57ff969e1045___RS_Early.B 7330.JPG,Potato___Early_blight,PlantVillage external crop disease dataset
data/PlantVillage/Pepper__bell___Bacterial_spot/19a868e4-5e24-43e8-b61b-a41022340f8e___NREC_B.Spot 1886.JPG,Pepper__bell___Bacterial_spot,PlantVillage external crop disease dataset
data/PlantVillage/Tomato_healthy/0caff918-5807-40f2-b9e4-7dd34a7bab5d___RS_HL 0345.JPG,Tomato_healthy,PlantVillage external crop disease dataset
data/PlantVillage/Pepper__bell___Bacterial_spot/3610f357-8b9f-4f98-8e7f-c4297daf3b20___NREC_B.Spot 1971.JPG,Pepper__bell___Bacterial_spot,PlantVillage external crop disease dataset
data/PlantVillage/Tomato_Late_blight/0b6caac4-cc62-4c46-9de4-1815a0aa6dbe___GHLB2 Leaf 8799.JPG,Tomato_Late_blight,PlantVillage external crop disease dataset
data/PlantVillage/Tomato_Late_blight/240b17f3-2b2b-4ff4-add7-4ba2975f4837___RS_Late.B 5130.JPG,Tomato_Late_blight,PlantVillage external crop disease dataset
data/PlantVillage/Pepper__bell___healthy/02a7d2e5-9169-4856-9683-d4fa9894e012___JR_HL 8002.JPG,Pepper__bell___healthy,PlantVillage external crop disease dataset
data/PlantVillage/Pepper__bell___healthy/116a8c0e-51fb-4205-ace6-87865b2329d5___JR_HL 8657.JPG,Pepper__bell___healthy,PlantVillage external crop disease dataset
data/PlantVillage/Tomato_Early_blight/3a2f31aa-b3e1-45a0-b0e6-2ffe3a2538b2___RS_Erly.B 9393.JPG,Tomato_Early_blight,PlantVillage external crop disease dataset
data/PlantVillage/Potato___Late_blight/140cad58-de9c-44b8-afb4-af5751e2e012___RS_LB 3247.JPG,Potato___Late_blight,PlantVillage external crop disease dataset
data/PlantVillage/Tomato_Late_blight/01ebf21e-ef94-4c92-b007-0b26741c2fc8___GHLB2 Leaf 9075.JPG,Tomato_Late_blight,PlantVillage external crop disease dataset
data/PlantVillage/Pepper__bell___Bacterial_spot/3f365db3-6af8-4113-97f1-1c8771cab676___NREC_B.Spot 1789.JPG,Pepper__bell___Bacterial_spot,PlantVillage external crop disease dataset
data/PlantVillage/Tomato_Bacterial_spot/1c286bba-a5c0-466f-a52d-960d300d135f___GCREC_Bact.Sp 6077.JPG,Tomato_Bacterial_spot,PlantVillage external crop disease dataset
data/PlantVillage/Pepper__bell___healthy/1a482d0c-d3a9-4e79-b412-f2288dc5067f___JR_HL 5852.JPG,Pepper__bell___healthy,PlantVillage external crop disease dataset
data/PlantVillage/Tomato_Septoria_leaf_spot/2996fe86-51c4-4ded-b7a4-4f0905247394___Keller.St_CG 1841.JPG,Tomato_Septoria_leaf_spot,PlantVillage external crop disease dataset
data/PlantVillage/Potato___healthy/14484ea5-9c34-427c-abe4-2743265aced0___RS_HL 4204.JPG,Potato___healthy,PlantVillage external crop disease dataset
data/PlantVillage/Tomato__Target_Spot/33c1f00b-8acb-425a-92be-f6ee6e6fdb10___Com.G_TgS_FL 8158.JPG,Tomato__Target_Spot,PlantVillage external crop disease dataset
data/PlantVillage/Tomato_Late_blight/0931f7e6-8481-4d03-8fe6-d4ae7637142d___RS_Late.B 4917.JPG,Tomato_Late_blight,PlantVillage external crop disease dataset
data/PlantVillage/Pepper__bell___Bacterial_spot/0abffc81-6be8-4b17-a83c-4d2830e30382___JR_B.Spot 9076.JPG,Pepper__bell___Bacterial_spot,PlantVillage external crop disease dataset
data/PlantVillage/Tomato_Early_blight/30542417-544f-4bd5-9fa6-bdeb844c11a4___RS_Erly.B 6454.JPG,Tomato_Early_blight,PlantVillage external crop disease dataset
data/PlantVillage/PlantVillage/Pepper__bell___Bacterial_spot/09ae534a-e931-4f83-8545-cf330dfebae9___NREC_B.Spot 9210.JPG,PlantVillage,PlantVillage external crop disease dataset
data/PlantVillage/Pepper__bell___healthy/016ed5ad-be29-4e9d-8ae5-069a016b1327___JR_HL 8536.JPG,Pepper__bell___healthy,PlantVillage external crop disease dataset
data/PlantVillage/PlantVillage/Pepper__bell___Bacterial_spot/3d203d3a-3614-4ddf-9956-0c6a12208c7e___JR_B.Spot 3391.JPG,PlantVillage,PlantVillage external crop disease dataset
data/PlantVillage/Pepper__bell___Bacterial_spot/0558ff5a-45c7-4ea0-9479-3f71f0048208___JR_B.Spot 3183.JPG,Pepper__bell___Bacterial_spot,PlantVillage external crop disease dataset
data/PlantVillage/Tomato__Tomato_YellowLeaf__Curl_Virus/04a49853-05df-44c6-ad25-c90adddd9bcb___YLCV_NREC 2192.JPG,Tomato__Tomato_YellowLeaf__Curl_Virus,PlantVillage external crop disease dataset
data/PlantVillage/Tomato__Tomato_YellowLeaf__Curl_Virus/03fa456e-aa89-409f-a18c-42566f4b2882___UF.GRC_YLCV_Lab 01528.JPG,Tomato__Tomato_YellowLeaf__Curl_Virus,PlantVillage external crop disease dataset
data/PlantVillage/Pepper__bell___Bacterial_spot/21f7119e-d926-4be3-9ace-d6b26b280e64___JR_B.Spot 8837.JPG,Pepper__bell___Bacterial_spot,PlantVillage external crop disease dataset
data/PlantVillage/Potato___healthy/7e6c8297-dfe1-4826-826e-01d696cc263b___RS_HL 1863.JPG,Potato___healthy,PlantVillage external crop disease dataset
data/PlantVillage/Potato___Late_blight/07fea080-7f6b-48e9-b6b5-10d7daf57610___RS_LB 3210.JPG,Potato___Late_blight,PlantVillage external crop disease dataset
data/PlantVillage/Potato___Late_blight/17ed933e-629f-4db2-b4f3-865f69d43589___RS_LB 2599.JPG,Potato___Late_blight,PlantVillage external crop disease dataset
data/PlantVillage/Pepper__bell___Bacterial_spot/33763f26-1135-458f-8b2b-34897b8bb647___JR_B.Spot 3323.JPG,Pepper__bell___Bacterial_spot,PlantVillage external crop disease dataset
data/PlantVillage/Potato___healthy/de9a8669-d437-40f0-aa56-fe2d8276a1e0___RS_HL 1910.JPG,Potato___healthy,PlantVillage external crop disease dataset
data/PlantVillage/Tomato_Septoria_leaf_spot/1e427d73-cd81-4476-9427-4854a10ea894___JR_Sept.L.S 2689.JPG,Tomato_Septoria_leaf_spot,PlantVillage external crop disease dataset
data/PlantVillage/Tomato__Tomato_YellowLeaf__Curl_Virus/0db2eb04-b52c-4df9-9b3d-17bf58f03bc3___UF.GRC_YLCV_Lab 02967.JPG,Tomato__Tomato_YellowLeaf__Curl_Virus,PlantVillage external crop disease dataset
data/PlantVillage/Tomato_Late_blight/157250ce-f291-48ec-9d81-184af5400f90___RS_Late.B 6652.JPG,Tomato_Late_blight,PlantVillage external crop disease dataset
data/PlantVillage/Tomato__Target_Spot/2615bf45-0d9a-4b11-8eab-25bb5b86937d___Com.G_TgS_FL 1053.JPG,Tomato__Target_Spot,PlantVillage external crop disease dataset
data/PlantVillage/Tomato__Target_Spot/32a507e6-d184-43bc-85d9-75f8e6cce8b9___Com.G_TgS_FL 9887.JPG,Tomato__Target_Spot,PlantVillage external crop disease dataset
data/PlantVillage/Pepper__bell___Bacterial_spot/12c9c98f-afc9-4c12-8a97-007e5a40712a___NREC_B.Spot 9053.JPG,Pepper__bell___Bacterial_spot,PlantVillage external crop disease dataset
data/PlantVillage/Tomato__Tomato_YellowLeaf__Curl_Virus/042b346a-35b3-4c4c-986c-658f77a2c82c___UF.GRC_YLCV_Lab 01565.JPG,Tomato__Tomato_YellowLeaf__Curl_Virus,PlantVillage external crop disease dataset
data/PlantVillage/Pepper__bell___Bacterial_spot/380d0458-2f1e-432c-8adf-614143cba968___JR_B.Spot 8980.JPG,Pepper__bell___Bacterial_spot,PlantVillage external crop disease dataset
data/PlantVillage/Tomato_Early_blight/3f35dad7-734b-46ee-8193-09fd3c8562ff___RS_Erly.B 7600.JPG,Tomato_Early_blight,PlantVillage external crop disease dataset
data/PlantVillage/Tomato_healthy/23726cb5-c36a-4016-aa3b-e60e32a0d9ec___RS_HL 9717.JPG,Tomato_healthy,PlantVillage external crop disease dataset
data/PlantVillage/Tomato_Bacterial_spot/228ee04a-62e3-4fad-a457-62eb8b1472ee___UF.GRC_BS_Lab Leaf 0436.JPG,Tomato_Bacterial_spot,PlantVillage external crop disease dataset
data/PlantVillage/Tomato__Tomato_YellowLeaf__Curl_Virus/01ce3a43-e874-4317-b4fe-dea4402cb7ce___UF.GRC_YLCV_Lab 09572.JPG,Tomato__Tomato_YellowLeaf__Curl_Virus,PlantVillage external crop disease dataset
data/PlantVillage/Tomato_Late_blight/0d7b0e84-1c99-4699-84ed-ca86aec642e5___GHLB2 Leaf 8652.JPG,Tomato_Late_blight,PlantVillage external crop disease dataset
data/PlantVillage/Tomato_Septoria_leaf_spot/2aeb1e96-7755-4378-b423-2f2116e56db6___JR_Sept.L.S 2570.JPG,Tomato_Septoria_leaf_spot,PlantVillage external crop disease dataset
data/PlantVillage/PlantVillage/Pepper__bell___Bacterial_spot/39a17538-d200-4dac-8dad-d76566b6b199___NREC_B.Spot 9173.JPG,PlantVillage,PlantVillage external crop disease dataset
data/PlantVillage/Tomato_Spider_mites_Two_spotted_spider_mite/0eead1ad-106f-4bb7-8e9e-4ed03cdeb7ab___Com.G_SpM_FL 1319.JPG,Tomato_Spider_mites_Two_spotted_spider_mite,PlantVillage external crop disease dataset
data/PlantVillage/Tomato_Spider_mites_Two_spotted_spider_mite/11ba6d63-4c6e-4a3f-acd9-18567bab6ab9___Com.G_SpM_FL 1728.JPG,Tomato_Spider_mites_Two_spotted_spider_mite,PlantVillage external crop disease dataset
data/PlantVillage/Tomato_Bacterial_spot/0f952ca0-e30b-4075-8bb9-1ebccb8aeb9f___GCREC_Bact.Sp 3326.JPG,Tomato_Bacterial_spot,PlantVillage external crop disease dataset
data/PlantVillage/Tomato__Target_Spot/1f2808be-4fd7-4711-b2dd-5dcc765ef22f___Com.G_TgS_FL 8307.JPG,Tomato__Target_Spot,PlantVillage external crop disease dataset
data/PlantVillage/Tomato_Leaf_Mold/3a41e6a5-87e8-4e06-b7a2-3d31adc17adb___Crnl_L.Mold 6648.JPG,Tomato_Leaf_Mold,PlantVillage external crop disease dataset
data/PlantVillage/PlantVillage/Pepper__bell___Bacterial_spot/0726c166-3471-41a8-8fe6-18600e89e802___NREC_B.Spot 1812.JPG,PlantVillage,PlantVillage external crop disease dataset
data/PlantVillage/Tomato_Leaf_Mold/301d7712-9538-418b-a767-041aa830d1ad___Crnl_L.Mold 6711.JPG,Tomato_Leaf_Mold,PlantVillage external crop disease dataset
data/PlantVillage/Tomato_Bacterial_spot/1c5d49ef-1d7e-4b76-b33a-da162fe99eb2___GCREC_Bact.Sp 3506.JPG,Tomato_Bacterial_spot,PlantVillage external crop disease dataset
data/PlantVillage/Pepper__bell___healthy/14dd8166-d162-4f2a-9376-211814f7d277___JR_HL 8400.JPG,Pepper__bell___healthy,PlantVillage external crop disease dataset
data/PlantVillage/Tomato_Spider_mites_Two_spotted_spider_mite/2cf7009e-f40f-4903-9571-84784d637e7a___Com.G_SpM_FL 1328.JPG,Tomato_Spider_mites_Two_spotted_spider_mite,PlantVillage external crop disease dataset
data/PlantVillage/Pepper__bell___healthy/193e6efe-152b-41ed-b77f-4b9268342162___JR_HL 8341.JPG,Pepper__bell___healthy,PlantVillage external crop disease dataset
data/PlantVillage/Tomato_Septoria_leaf_spot/1a10c809-8303-4457-9875-bedd4eb9625b___Matt.S_CG 7777.JPG,Tomato_Septoria_leaf_spot,PlantVillage external crop disease dataset
data/PlantVillage/Tomato_Late_blight/2159d0f7-09ef-46ad-ad49-749e8ce1becc___GHLB2 Leaf 8836.JPG,Tomato_Late_blight,PlantVillage external crop disease dataset
data/PlantVillage/Pepper__bell___healthy/0eeb924f-88db-44e6-a278-e016fa2d25a4___JR_HL 8016.JPG,Pepper__bell___healthy,PlantVillage external crop disease dataset
data/PlantVillage/Tomato_Early_blight/20459a26-c07a-4592-baf8-6d4172c23cec___RS_Erly.B 8358.JPG,Tomato_Early_blight,PlantVillage external crop disease dataset
data/PlantVillage/Tomato_Bacterial_spot/06ac210d-bdb1-4224-9053-c218cb14fa60___GCREC_Bact.Sp 3220.JPG,Tomato_Bacterial_spot,PlantVillage external crop disease dataset
data/PlantVillage/Tomato_Spider_mites_Two_spotted_spider_mite/2323078c-6ad7-4135-8310-e4bc33be299d___Com.G_SpM_FL 9647.JPG,Tomato_Spider_mites_Two_spotted_spider_mite,PlantVillage external crop disease dataset
data/PlantVillage/Tomato_Spider_mites_Two_spotted_spider_mite/01854aac-d409-4136-b885-3df6943cc349___Com.G_SpM_FL 1374.JPG,Tomato_Spider_mites_Two_spotted_spider_mite,PlantVillage external crop disease dataset
data/PlantVillage/Tomato_Spider_mites_Two_spotted_spider_mite/301b8b4c-f7d4-4626-b527-9f01cec643cf___Com.G_SpM_FL 8643.JPG,Tomato_Spider_mites_Two_spotted_spider_mite,PlantVillage external crop disease dataset
data/PlantVillage/Tomato_Leaf_Mold/41bd0cc9-46c1-4c6a-a6d5-1d21a6aca540___Crnl_L.Mold 8749.JPG,Tomato_Leaf_Mold,PlantVillage external crop disease dataset
data/PlantVillage/Tomato_Bacterial_spot/19969ddc-0cdd-42f6-bbc4-351752a7ccec___GCREC_Bact.Sp 3428.JPG,Tomato_Bacterial_spot,PlantVillage external crop disease dataset
data/PlantVillage/Tomato_Early_blight/42d072db-d17e-4050-882a-6a8d1c1ede05___RS_Erly.B 8430.JPG,Tomato_Early_blight,PlantVillage external crop disease dataset
data/PlantVillage/Tomato_Spider_mites_Two_spotted_spider_mite/301d485a-0ee5-46a8-89fd-30f8165dae18___Com.G_SpM_FL 8510.JPG,Tomato_Spider_mites_Two_spotted_spider_mite,PlantVillage external crop disease dataset
data/PlantVillage/PlantVillage/Pepper__bell___Bacterial_spot/12c953a0-bd3e-45d0-aaea-5139f5d63e01___JR_B.Spot 8863.JPG,PlantVillage,PlantVillage external crop disease dataset
data/PlantVillage/Tomato__Tomato_mosaic_virus/7395917b-a4d4-4156-9bd8-55b4a4dc5022___PSU_CG 2207.JPG,Tomato__Tomato_mosaic_virus,PlantVillage external crop disease dataset
data/PlantVillage/Tomato__Target_Spot/330c5184-7997-4827-9512-8d21f2f41685___Com.G_TgS_FL 8038.JPG,Tomato__Target_Spot,PlantVillage external crop disease dataset
data/PlantVillage/Tomato_Late_blight/1847f41b-f412-46a2-90c1-21ba9aac6246___RS_Late.B 6816.JPG,Tomato_Late_blight,PlantVillage external crop disease dataset
data/PlantVillage/Tomato_Bacterial_spot/2353ecb8-d1bb-4e2c-bb0f-7a0c90b5cdf4___UF.GRC_BS_Lab Leaf 8717.JPG,Tomato_Bacterial_spot,PlantVillage external crop disease dataset
data/PlantVillage/Pepper__bell___Bacterial_spot/41b84d9f-07b5-49a9-b928-b9be65ea5e3d___JR_B.Spot 3153.JPG,Pepper__bell___Bacterial_spot,PlantVillage external crop disease dataset
data/PlantVillage/Tomato_healthy/0988fc05-ee41-4e17-9f28-fbdd03266ae6___RS_HL 9928.JPG,Tomato_healthy,PlantVillage external crop disease dataset
data/PlantVillage/Tomato_Bacterial_spot/144352ee-0f8d-44cc-9db1-c4f27eb5a00a___GCREC_Bact.Sp 3284.JPG,Tomato_Bacterial_spot,PlantVillage external crop disease dataset
data/PlantVillage/Tomato_Late_blight/1e2fe7d3-3d69-4cf6-aef7-e9975940bd40___GHLB2 Leaf 77.JPG,Tomato_Late_blight,PlantVillage external crop disease dataset
data/PlantVillage/Tomato_Spider_mites_Two_spotted_spider_mite/1dd207c1-1fbe-454a-b63f-8051bb26aea8___Com.G_SpM_FL 1161.JPG,Tomato_Spider_mites_Two_spotted_spider_mite,PlantVillage external crop disease dataset
data/PlantVillage/Tomato__Tomato_YellowLeaf__Curl_Virus/09454f5d-73ed-4311-a8f5-6baebadb232f___UF.GRC_YLCV_Lab 09387.JPG,Tomato__Tomato_YellowLeaf__Curl_Virus,PlantVillage external crop disease dataset
data/PlantVillage/Tomato__Tomato_YellowLeaf__Curl_Virus/0af20242-8776-44c3-80fd-32dedaa1609f___UF.GRC_YLCV_Lab 02985.JPG,Tomato__Tomato_YellowLeaf__Curl_Virus,PlantVillage external crop disease dataset
data/PlantVillage/Tomato_Late_blight/1c74783c-7863-4b1b-bf1a-6b3ef55b34b8___RS_Late.B 7094.JPG,Tomato_Late_blight,PlantVillage external crop disease dataset
data/PlantVillage/PlantVillage/Pepper__bell___Bacterial_spot/2d7488fa-f033-4c1c-bc1f-b70f86406127___NREC_B.Spot 1800.JPG,PlantVillage,PlantVillage external crop disease dataset
data/PlantVillage/Pepper__bell___Bacterial_spot/4396fc84-fea6-4cfd-a352-01241e44efda___NREC_B.Spot 1927.JPG,Pepper__bell___Bacterial_spot,PlantVillage external crop disease dataset
data/PlantVillage/Tomato__Tomato_mosaic_virus/0befa341-0db3-49f4-b4fc-beeb05854bff___PSU_CG 2338.JPG,Tomato__Tomato_mosaic_virus,PlantVillage external crop disease dataset
data/PlantVillage/Potato___Late_blight/43dde1e0-8c73-45af-8fbf-d500e450a154___RS_LB 3270.JPG,Potato___Late_blight,PlantVillage external crop disease dataset
data/PlantVillage/Tomato_healthy/1a02fa87-a194-482e-b4ac-8dec2064d793___RS_HL 0022.JPG,Tomato_healthy,PlantVillage external crop disease dataset
data/PlantVillage/Pepper__bell___healthy/0e1942a4-91d7-460a-8189-1a4e693cfc84___JR_HL 8896.JPG,Pepper__bell___healthy,PlantVillage external crop disease dataset
data/PlantVillage/Tomato__Target_Spot/18af92e6-44af-4996-a624-75d49c1ce3bb___Com.G_TgS_FL 0764.JPG,Tomato__Target_Spot,PlantVillage external crop disease dataset
data/PlantVillage/Potato___healthy/23f1ab77-d664-49c4-92eb-41eb66c6d101___RS_HL 4169.JPG,Potato___healthy,PlantVillage external crop disease dataset
data/PlantVillage/Tomato_Leaf_Mold/0ee63bfa-d01f-4adb-b954-924f271a4d4f___Crnl_L.Mold 9022.JPG,Tomato_Leaf_Mold,PlantVillage external crop disease dataset
data/PlantVillage/Tomato_Spider_mites_Two_spotted_spider_mite/29e1db02-d6da-4972-a466-7ef0c2fdd2a1___Com.G_SpM_FL 9393.JPG,Tomato_Spider_mites_Two_spotted_spider_mite,PlantVillage external crop disease dataset
data/PlantVillage/Tomato__Tomato_YellowLeaf__Curl_Virus/0b78b271-70eb-478c-b6b5-c271a2dfd3e2___UF.GRC_YLCV_Lab 01380.JPG,Tomato__Tomato_YellowLeaf__Curl_Virus,PlantVillage external crop disease dataset
data/PlantVillage/Potato___Early_blight/1d18a770-8a16-4765-bae9-5d96f781db89___RS_Early.B 7803.JPG,Potato___Early_blight,PlantVillage external crop disease dataset
data/PlantVillage/Potato___Late_blight/2f6382f7-12fc-4309-b7db-b034b8165c67___RS_LB 4955.JPG,Potato___Late_blight,PlantVillage external crop disease dataset
data/PlantVillage/Tomato__Tomato_YellowLeaf__Curl_Virus/046273fc-2ab8-4fb0-abaa-bc43e28d5a7a___YLCV_NREC 2692.JPG,Tomato__Tomato_YellowLeaf__Curl_Virus,PlantVillage external crop disease dataset
data/PlantVillage/Tomato_Spider_mites_Two_spotted_spider_mite/2b86b68a-c9a0-4b37-82b6-667de062f30f___Com.G_SpM_FL 8580.JPG,Tomato_Spider_mites_Two_spotted_spider_mite,PlantVillage external crop disease dataset
data/PlantVillage/Potato___Late_blight/0fe7786d-0e2f-4705-839d-898f1d9214b0___RS_LB 2836.JPG,Potato___Late_blight,PlantVillage external crop disease dataset
data/PlantVillage/Tomato__Tomato_YellowLeaf__Curl_Virus/0c7b6caf-1be3-4061-87a0-28946c7aa3d2___YLCV_GCREC 2731.JPG,Tomato__Tomato_YellowLeaf__Curl_Virus,PlantVillage external crop disease dataset
data/PlantVillage/Tomato__Tomato_YellowLeaf__Curl_Virus/06a74cfa-c8c8-4944-ac54-37cef1b97e17___YLCV_GCREC 1996.JPG,Tomato__Tomato_YellowLeaf__Curl_Virus,PlantVillage external crop disease dataset
data/PlantVillage/Tomato_Early_blight/31e2b9eb-6005-493f-b1c7-293f3dd309dc___RS_Erly.B 7859.JPG,Tomato_Early_blight,PlantVillage external crop disease dataset
data/PlantVillage/Tomato_Early_blight/265940d8-b4e9-446f-b977-3cbd9ee4f789___RS_Erly.B 9595.JPG,Tomato_Early_blight,PlantVillage external crop disease dataset
data/PlantVillage/PlantVillage/Pepper__bell___Bacterial_spot/3610f357-8b9f-4f98-8e7f-c4297daf3b20___NREC_B.Spot 1971.JPG,PlantVillage,PlantVillage external crop disease dataset
data/PlantVillage/Tomato__Tomato_YellowLeaf__Curl_Virus/014d1604-dbbb-4b24-b167-37ec77cccfc6___UF.GRC_YLCV_Lab 01441.JPG,Tomato__Tomato_YellowLeaf__Curl_Virus,PlantVillage external crop disease dataset
data/PlantVillage/PlantVillage/Pepper__bell___Bacterial_spot/3df25df9-50f7-4430-8853-0ab2d3ca2579___JR_B.Spot 9083.JPG,PlantVillage,PlantVillage external crop disease dataset
data/PlantVillage/Tomato_Bacterial_spot/221699b8-60cf-49fb-a5a6-b02e3770008d___GCREC_Bact.Sp 6135.JPG,Tomato_Bacterial_spot,PlantVillage external crop disease dataset
data/PlantVillage/Pepper__bell___healthy/2bf8e05e-8a65-4cf7-8171-3013044c1e9c___JR_HL 8209.JPG,Pepper__bell___healthy,PlantVillage external crop disease dataset
data/PlantVillage/Pepper__bell___healthy/1629488b-4d52-423d-bb67-448479fa573b___JR_HL 8607.JPG,Pepper__bell___healthy,PlantVillage external crop disease dataset
data/PlantVillage/PlantVillage/Pepper__bell___Bacterial_spot/315668fd-452d-43c1-8a63-e3b4d3d634a7___JR_B.Spot 3097.JPG,PlantVillage,PlantVillage external crop disease dataset
data/PlantVillage/Tomato_Spider_mites_Two_spotted_spider_mite/1f3c081d-ddf4-48f7-884b-08b3a5b3ae0a___Com.G_SpM_FL 1307.JPG,Tomato_Spider_mites_Two_spotted_spider_mite,PlantVillage external crop disease dataset
data/PlantVillage/Tomato_Spider_mites_Two_spotted_spider_mite/1d7a6c32-da22-42a0-8dca-85b758836bc6___Com.G_SpM_FL 1452.JPG,Tomato_Spider_mites_Two_spotted_spider_mite,PlantVillage external crop disease dataset
data/PlantVillage/PlantVillage/Pepper__bell___Bacterial_spot/2e400707-ea59-4355-889a-32d5e56c1e1c___NREC_B.Spot 1936.JPG,PlantVillage,PlantVillage external crop disease dataset
data/PlantVillage/Pepper__bell___healthy/0de13a24-e542-45a2-be5a-8db7d8d858db___JR_HL 5982.JPG,Pepper__bell___healthy,PlantVillage external crop disease dataset
data/PlantVillage/Pepper__bell___healthy/0e69c47d-72c6-4fc6-9437-910c95b183dc___JR_HL 8113.JPG,Pepper__bell___healthy,PlantVillage external crop disease dataset
data/PlantVillage/Pepper__bell___Bacterial_spot/2c13c040-2ce6-47c5-899c-8146cd774f79___NREC_B.Spot 1976.JPG,Pepper__bell___Bacterial_spot,PlantVillage external crop disease dataset
data/PlantVillage/Potato___Late_blight/319335dc-6a48-4fe4-932b-326f1455f3cd___RS_LB 4703.JPG,Potato___Late_blight,PlantVillage external crop disease dataset
data/PlantVillage/Tomato__Tomato_YellowLeaf__Curl_Virus/07c0b302-3b90-48bd-8615-b31b2cf87691___UF.GRC_YLCV_Lab 02927.JPG,Tomato__Tomato_YellowLeaf__Curl_Virus,PlantVillage external crop disease dataset
data/PlantVillage/Tomato__Tomato_mosaic_virus/8e59061b-3802-4297-8724-a001efb95268___PSU_CG 2064.JPG,Tomato__Tomato_mosaic_virus,PlantVillage external crop disease dataset
data/PlantVillage/PlantVillage/Pepper__bell___Bacterial_spot/00f2e69a-1e56-412d-8a79-fdce794a17e4___JR_B.Spot 3132.JPG,PlantVillage,PlantVillage external crop disease dataset
data/PlantVillage/Tomato_Spider_mites_Two_spotted_spider_mite/2b47c565-c37a-4bdb-baa9-b3721dbf9bb6___Com.G_SpM_FL 9326.JPG,Tomato_Spider_mites_Two_spotted_spider_mite,PlantVillage external crop disease dataset
data/PlantVillage/Tomato_Bacterial_spot/0524de69-51ec-4794-a955-04a8e0c5656c___GCREC_Bact.Sp 3695.JPG,Tomato_Bacterial_spot,PlantVillage external crop disease dataset
data/PlantVillage/Tomato_Early_blight/3daf2ed3-e39b-4b4d-a691-a7722ef8ed32___RS_Erly.B 7373.JPG,Tomato_Early_blight,PlantVillage external crop disease dataset
data/PlantVillage/Potato___Late_blight/2f8e6ae7-f6ac-4bab-992b-82e3c51cf476___RS_LB 2743.JPG,Potato___Late_blight,PlantVillage external crop disease dataset
data/PlantVillage/Tomato__Tomato_YellowLeaf__Curl_Virus/0596712d-eb13-43b5-bd6b-2bef0c35dbe2___YLCV_GCREC 5198.JPG,Tomato__Tomato_YellowLeaf__Curl_Virus,PlantVillage external crop disease dataset
data/PlantVillage/Tomato_Septoria_leaf_spot/0d1ab917-ea01-43d7-8a63-232bffcfbb08___Keller.St_CG 1769.JPG,Tomato_Septoria_leaf_spot,PlantVillage external crop disease dataset
data/PlantVillage/Tomato__Target_Spot/34f1271d-c6e9-4247-a6ba-2e493343d2ac___Com.G_TgS_FL 8069.JPG,Tomato__Target_Spot,PlantVillage external crop disease dataset
data/PlantVillage/Potato___Early_blight/1d2ec63e-acfb-4a80-ba21-853a724fff4a___RS_Early.B 8083.JPG,Potato___Early_blight,PlantVillage external crop disease dataset
data/PlantVillage/Tomato__Tomato_YellowLeaf__Curl_Virus/0a7f1993-85ae-4ba4-865b-df96bb0b52b4___YLCV_NREC 2416.JPG,Tomato__Tomato_YellowLeaf__Curl_Virus,PlantVillage external crop disease dataset
data/PlantVillage/Pepper__bell___healthy/16eef738-7632-4755-b430-2167d75ebe9d___JR_HL 8691.JPG,Pepper__bell___healthy,PlantVillage external crop disease dataset
data/PlantVillage/Tomato_Early_blight/3596fc7f-e79e-44f5-862a-f177db2960f6___RS_Erly.B 6386.JPG,Tomato_Early_blight,PlantVillage external crop disease dataset
data/PlantVillage/Tomato__Tomato_YellowLeaf__Curl_Virus/0734ea54-1d91-4a7c-a42c-805ffc3e3245___UF.GRC_YLCV_Lab 02770.JPG,Tomato__Tomato_YellowLeaf__Curl_Virus,PlantVillage external crop disease dataset
data/PlantVillage/Potato___Late_blight/351386f8-c501-45f6-ab0d-e9c1d1584204___RS_LB 5195.JPG,Potato___Late_blight,PlantVillage external crop disease dataset
data/PlantVillage/Tomato_Bacterial_spot/01e079ba-939a-4681-8983-db663f4a859b___GCREC_Bact.Sp 3029.JPG,Tomato_Bacterial_spot,PlantVillage external crop disease dataset
data/PlantVillage/Tomato_Late_blight/1ec9c019-1594-4916-a04c-65b87eceb8ca___RS_Late.B 6069.JPG,Tomato_Late_blight,PlantVillage external crop disease dataset
data/PlantVillage/Tomato_Bacterial_spot/0ed4877b-be80-4b85-8754-ac13d794ca2f___GCREC_Bact.Sp 6198.JPG,Tomato_Bacterial_spot,PlantVillage external crop disease dataset
data/PlantVillage/PlantVillage/Pepper__bell___Bacterial_spot/4495c311-4a29-4d3b-9805-e63ec24e805f___JR_B.Spot 9082.JPG,PlantVillage,PlantVillage external crop disease dataset
data/PlantVillage/Tomato_Septoria_leaf_spot/17e3282e-f327-4245-95b1-a4fee7b33838___Matt.S_CG 2619.JPG,Tomato_Septoria_leaf_spot,PlantVillage external crop disease dataset
data/PlantVillage/Tomato_Late_blight/01527fac-41e4-484c-af41-1ed7bc3b5ce6___RS_Late.B 6134.JPG,Tomato_Late_blight,PlantVillage external crop disease dataset
data/PlantVillage/Tomato_Late_blight/0ed7d5f6-9394-4ae7-87db-3de58f469263___GHLB2 Leaf 8732.JPG,Tomato_Late_blight,PlantVillage external crop disease dataset
data/PlantVillage/Tomato_healthy/0864ab65-d40d-4902-8213-09df86cf049e___GH_HL Leaf 400.JPG,Tomato_healthy,PlantVillage external crop disease dataset
data/PlantVillage/PlantVillage/Pepper__bell___Bacterial_spot/313665a9-0f55-4f00-9373-74bf7349e6a6___NREC_B.Spot 1982.JPG,PlantVillage,PlantVillage external crop disease dataset
data/PlantVillage/PlantVillage/Pepper__bell___Bacterial_spot/462d2266-b71d-4bd0-b1da-8bf71439f5cd___JR_B.Spot 3192.JPG,PlantVillage,PlantVillage external crop disease dataset
data/PlantVillage/Tomato__Tomato_YellowLeaf__Curl_Virus/0250b409-8a29-4a32-a4f3-1b4ae8920e34___YLCV_NREC 2884.JPG,Tomato__Tomato_YellowLeaf__Curl_Virus,PlantVillage external crop disease dataset
data/PlantVillage/Tomato_Bacterial_spot/12f5fc61-6113-4baa-b1d4-c619bc895323___GCREC_Bact.Sp 3262.JPG,Tomato_Bacterial_spot,PlantVillage external crop disease dataset
data/PlantVillage/Tomato_Septoria_leaf_spot/25592188-309d-450c-b45f-fbbdb02b316f___Matt.S_CG 6181.JPG,Tomato_Septoria_leaf_spot,PlantVillage external crop disease dataset
data/PlantVillage/Tomato__Tomato_mosaic_virus/274c03c3-c69a-4182-ba3f-d6e93b2dea0b___PSU_CG 2349.JPG,Tomato__Tomato_mosaic_virus,PlantVillage external crop disease dataset
data/PlantVillage/Tomato_Late_blight/215565cf-2897-40f6-97b3-3dd63045242f___GHLB2 Leaf 8800.JPG,Tomato_Late_blight,PlantVillage external crop disease dataset
data/PlantVillage/Tomato__Tomato_YellowLeaf__Curl_Virus/029bc326-4217-4f91-840f-1f006ef59753___YLCV_GCREC 2326.JPG,Tomato__Tomato_YellowLeaf__Curl_Virus,PlantVillage external crop disease dataset
data/PlantVillage/Tomato__Tomato_YellowLeaf__Curl_Virus/02c14371-a83a-4214-bbc2-31b1143c165b___YLCV_GCREC 2164.JPG,Tomato__Tomato_YellowLeaf__Curl_Virus,PlantVillage external crop disease dataset
data/PlantVillage/Tomato_Early_blight/4490b039-427d-414c-836d-a1fda6c1ad49___RS_Erly.B 8369.JPG,Tomato_Early_blight,PlantVillage external crop disease dataset
data/PlantVillage/Tomato_Leaf_Mold/52790cd9-3f4a-4da8-8786-37c17a102dd0___Crnl_L.Mold 6692.JPG,Tomato_Leaf_Mold,PlantVillage external crop disease dataset
data/PlantVillage/Tomato_Bacterial_spot/1f6a4e82-1d08-48d0-a488-1a787c854484___GCREC_Bact.Sp 5905.JPG,Tomato_Bacterial_spot,PlantVillage external crop disease dataset
data/PlantVillage/PlantVillage/Pepper__bell___Bacterial_spot/43fb5703-5a76-47cf-b027-42a9bd601401___JR_B.Spot 9033.JPG,PlantVillage,PlantVillage external crop disease dataset
data/PlantVillage/Tomato__Target_Spot/08342078-4bfb-4a33-a586-a564333a1b59___Com.G_TgS_FL 0986.JPG,Tomato__Target_Spot,PlantVillage external crop disease dataset
data/PlantVillage/Potato___Late_blight/31b2a640-4063-41f1-97c5-03ceca0ce131___RS_LB 5439.JPG,Potato___Late_blight,PlantVillage external crop disease dataset
data/PlantVillage/Tomato_Late_blight/037c55c7-6e33-4b8d-af05-4d555f4e658e___GHLB_PS Leaf 42.1 Day 18.jpg,Tomato_Late_blight,PlantVillage external crop disease dataset
data/PlantVillage/Pepper__bell___healthy/19094b2f-e170-4634-967e-31a6cf77c46b___JR_HL 8682.JPG,Pepper__bell___healthy,PlantVillage external crop disease dataset
data/PlantVillage/Pepper__bell___Bacterial_spot/4591498b-f2d2-4138-b603-8f734df28c1b___NREC_B.Spot 9063.JPG,Pepper__bell___Bacterial_spot,PlantVillage external crop disease dataset
data/PlantVillage/Potato___Late_blight/1f440bb7-e35d-4bc9-a807-81dac78c54b8___RS_LB 2727.JPG,Potato___Late_blight,PlantVillage external crop disease dataset
data/PlantVillage/Tomato__Tomato_mosaic_virus/c44f307f-dd40-495d-abfa-e2f68dc31ff6___PSU_CG 2312.JPG,Tomato__Tomato_mosaic_virus,PlantVillage external crop disease dataset
data/PlantVillage/Tomato_Leaf_Mold/4b56719e-9b74-41d2-9135-33a297a0b87f___Crnl_L.Mold 7086.JPG,Tomato_Leaf_Mold,PlantVillage external crop disease dataset
data/PlantVillage/Tomato_Leaf_Mold/36b5a4ab-5051-48a2-8af7-cc1577b58f17___Crnl_L.Mold 8835.JPG,Tomato_Leaf_Mold,PlantVillage external crop disease dataset
data/PlantVillage/PlantVillage/Pepper__bell___Bacterial_spot/3d0ebe4c-591f-490f-b389-cd8f424acbba___JR_B.Spot 9041.JPG,PlantVillage,PlantVillage external crop disease dataset
data/PlantVillage/Tomato_Late_blight/07eb29e8-112d-4bcb-8b65-aba4b4307f2a___RS_Late.B 6907.JPG,Tomato_Late_blight,PlantVillage external crop disease dataset
data/PlantVillage/Potato___Late_blight/1d4acd15-f2b9-4a2e-87da-9d5a2cc6a642___RS_LB 2752.JPG,Potato___Late_blight,PlantVillage external crop disease dataset
data/PlantVillage/Tomato_Bacterial_spot/221605c0-99da-46d8-a503-285d4c6d1e1a___GCREC_Bact.Sp 6366.JPG,Tomato_Bacterial_spot,PlantVillage external crop disease dataset
data/PlantVillage/Potato___Early_blight/1767fee7-18fd-4597-8c77-d41ec2d62f4e___RS_Early.B 6932.JPG,Potato___Early_blight,PlantVillage external crop disease dataset
data/PlantVillage/Tomato_Septoria_leaf_spot/149aa8aa-980e-443e-8910-d31d65d86872___JR_Sept.L.S 2616.JPG,Tomato_Septoria_leaf_spot,PlantVillage external crop disease dataset
data/PlantVillage/Tomato_Septoria_leaf_spot/2987271e-1fdf-4e7c-9c88-bbb4a50b98d3___JR_Sept.L.S 2525.JPG,Tomato_Septoria_leaf_spot,PlantVillage external crop disease dataset
data/PlantVillage/Tomato_Early_blight/0c865fa4-b0bf-4e69-b39a-d97b068cef84___RS_Erly.B 7477.JPG,Tomato_Early_blight,PlantVillage external crop disease dataset
data/PlantVillage/PlantVillage/Pepper__bell___Bacterial_spot/39875cb8-3958-46b9-a9dc-f810f353af5a___JR_B.Spot 3321.JPG,PlantVillage,PlantVillage external crop disease dataset
data/PlantVillage/Pepper__bell___Bacterial_spot/00f2e69a-1e56-412d-8a79-fdce794a17e4___JR_B.Spot 3132.JPG,Pepper__bell___Bacterial_spot,PlantVillage external crop disease dataset
data/PlantVillage/Tomato_Late_blight/02effbf1-e958-4531-a19b-f8be754d2805___RS_Late.B 5206.JPG,Tomato_Late_blight,PlantVillage external crop disease dataset
data/PlantVillage/Tomato_Early_blight/40e8b878-dc2f-4cbd-ac31-c07f372bb0fa___RS_Erly.B 7369.JPG,Tomato_Early_blight,PlantVillage external crop disease dataset
data/PlantVillage/Tomato_Septoria_leaf_spot/03611d8a-1664-4d1a-8d9b-7dc3e1a302cc___Keller.St_CG 1945.JPG,Tomato_Septoria_leaf_spot,PlantVillage external crop disease dataset
data/PlantVillage/Tomato_Septoria_leaf_spot/0501db9a-3dfd-492b-974a-e1dd30991ad5___Keller.St_CG 1918.JPG,Tomato_Septoria_leaf_spot,PlantVillage external crop disease dataset
data/PlantVillage/Pepper__bell___healthy/2e28e6a0-2e0b-4284-a9f5-74e5dfac142d___JR_HL 8451.JPG,Pepper__bell___healthy,PlantVillage external crop disease dataset
data/PlantVillage/Tomato_healthy/0d932b2a-584e-4971-8590-70c5f0a049cf___RS_HL 9739.JPG,Tomato_healthy,PlantVillage external crop disease dataset
data/PlantVillage/Tomato__Tomato_mosaic_virus/bd533964-8188-49ba-92e8-334cdc4ecb70___PSU_CG 2369.JPG,Tomato__Tomato_mosaic_virus,PlantVillage external crop disease dataset
data/PlantVillage/Tomato_Septoria_leaf_spot/002533c1-722b-44e5-9d2e-91f7747b2543___Keller.St_CG 1831.JPG,Tomato_Septoria_leaf_spot,PlantVillage external crop disease dataset
data/PlantVillage/Tomato_healthy/1b150c8d-ab5d-43b5-a61d-c3fb3a8ffd54___GH_HL Leaf 321.JPG,Tomato_healthy,PlantVillage external crop disease dataset
data/PlantVillage/Tomato__Tomato_YellowLeaf__Curl_Virus/04152c87-fbb2-4044-8fac-a1cf2166e43e___YLCV_NREC 2828.JPG,Tomato__Tomato_YellowLeaf__Curl_Virus,PlantVillage external crop disease dataset
data/PlantVillage/Pepper__bell___Bacterial_spot/261bcab9-0dc9-4146-bd6b-7305732922d0___JR_B.Spot 9055.JPG,Pepper__bell___Bacterial_spot,PlantVillage external crop disease dataset
data/PlantVillage/Potato___healthy/a02b6205-b40a-4178-8b34-3494f84b9d1f___RS_HL 1958.JPG,Potato___healthy,PlantVillage external crop disease dataset
data/PlantVillage/Tomato__Tomato_mosaic_virus/5ab64087-b61c-48b9-9db7-5c6ce3eeefcd___PSU_CG 2299.JPG,Tomato__Tomato_mosaic_virus,PlantVillage external crop disease dataset
data/PlantVillage/Pepper__bell___Bacterial_spot/45820fd3-e954-4baf-85cb-23175212dc0d___JR_B.Spot 8844.JPG,Pepper__bell___Bacterial_spot,PlantVillage external crop disease dataset
data/PlantVillage/Tomato__Tomato_mosaic_virus/20ea80e7-dcdc-4df4-80b0-1c6750effed4___PSU_CG 2281.JPG,Tomato__Tomato_mosaic_virus,PlantVillage external crop disease dataset
data/PlantVillage/Tomato_healthy/1dae303e-6545-4c87-8c95-8805108f5282___RS_HL 0437.JPG,Tomato_healthy,PlantVillage external crop disease dataset
data/PlantVillage/Tomato__Tomato_YellowLeaf__Curl_Virus/0e09d4f6-8101-4913-b543-1df3510793a0___YLCV_GCREC 2618.JPG,Tomato__Tomato_YellowLeaf__Curl_Virus,PlantVillage external crop disease dataset
data/PlantVillage/Potato___healthy/9a6eb7c4-6b43-477a-89e0-69f62ef67991___RS_HL 1846.JPG,Potato___healthy,PlantVillage external crop disease dataset
data/PlantVillage/Potato___Early_blight/14efc692-8ac6-4bd8-a71a-943192d6831a___RS_Early.B 6841.JPG,Potato___Early_blight,PlantVillage external crop disease dataset
data/PlantVillage/Tomato_Leaf_Mold/119fca56-2a51-4c1f-9ba3-85977da1fd3b___Crnl_L.Mold 6898.JPG,Tomato_Leaf_Mold,PlantVillage external crop disease dataset
data/PlantVillage/PlantVillage/Pepper__bell___Bacterial_spot/17000d8e-8095-4f00-b704-b94b1c531d8d___JR_B.Spot 3384.JPG,PlantVillage,PlantVillage external crop disease dataset
data/PlantVillage/Tomato_Early_blight/2b7c8b0d-d906-4c93-9dc4-554ae46a3ec3___RS_Erly.B 7825.JPG,Tomato_Early_blight,PlantVillage external crop disease dataset
data/PlantVillage/Tomato__Tomato_mosaic_virus/adb470b2-bae7-4386-bbc2-cda168dd69e2___PSU_CG 2315.JPG,Tomato__Tomato_mosaic_virus,PlantVillage external crop disease dataset
data/PlantVillage/Tomato__Tomato_YellowLeaf__Curl_Virus/099b0332-14bf-4866-8c3b-e753e7e62105___YLCV_NREC 2398.JPG,Tomato__Tomato_YellowLeaf__Curl_Virus,PlantVillage external crop disease dataset
data/PlantVillage/Tomato_Early_blight/0f7a2408-9c26-4ff9-bee5-2bfcd91a11f7___RS_Erly.B 9440.JPG,Tomato_Early_blight,PlantVillage external crop disease dataset
data/PlantVillage/Pepper__bell___Bacterial_spot/30559581-e3ea-4ac4-8e8b-ff8bbc44b014___JR_B.Spot 8832.JPG,Pepper__bell___Bacterial_spot,PlantVillage external crop disease dataset
data/PlantVillage/Tomato_Late_blight/233f5fca-7077-4175-a29f-57f310ea7879___GHLB_PS Leaf 51 Day 18.jpg,Tomato_Late_blight,PlantVillage external crop disease dataset
data/PlantVillage/Pepper__bell___healthy/105552cf-6862-4781-a953-3d11dc7306f5___JR_HL 7949.JPG,Pepper__bell___healthy,PlantVillage external crop disease dataset
data/PlantVillage/Potato___Late_blight/053c5330-129d-4515-84da-82a701710723___RS_LB 4576.JPG,Potato___Late_blight,PlantVillage external crop disease dataset
data/PlantVillage/Pepper__bell___healthy/32c5b4b4-9380-4ea6-90fb-099e569c7390___JR_HL 8413.JPG,Pepper__bell___healthy,PlantVillage external crop disease dataset
data/PlantVillage/Tomato__Target_Spot/0fe6221c-5848-4000-afc6-5a10422dd300___Com.G_TgS_FL 9772.JPG,Tomato__Target_Spot,PlantVillage external crop disease dataset
data/PlantVillage/Tomato__Target_Spot/21ed59ab-b900-4ba0-b32c-58a7963935c4___Com.G_TgS_FL 0040.JPG,Tomato__Target_Spot,PlantVillage external crop disease dataset
data/PlantVillage/Pepper__bell___Bacterial_spot/284b0fae-ce3c-43e7-acc6-e9a22bd6eb6f___JR_B.Spot 9074.JPG,Pepper__bell___Bacterial_spot,PlantVillage external crop disease dataset
data/PlantVillage/Tomato_Leaf_Mold/119da3be-8512-492e-ac10-66bee5e73a5c___Crnl_L.Mold 8770.JPG,Tomato_Leaf_Mold,PlantVillage external crop disease dataset
data/PlantVillage/Pepper__bell___Bacterial_spot/0705b53e-4c54-4fce-9bc0-833db0619f3d___JR_B.Spot 9068.JPG,Pepper__bell___Bacterial_spot,PlantVillage external crop disease dataset
data/PlantVillage/Potato___healthy/46b2555a-c0a6-48c2-af13-0816e147e4de___RS_HL 1943.JPG,Potato___healthy,PlantVillage external crop disease dataset
data/PlantVillage/Pepper__bell___Bacterial_spot/2e400707-ea59-4355-889a-32d5e56c1e1c___NREC_B.Spot 1936.JPG,Pepper__bell___Bacterial_spot,PlantVillage external crop disease dataset
data/PlantVillage/Tomato_Leaf_Mold/526cef23-88d8-4dd8-8ff4-eed6e98ac7d4___Crnl_L.Mold 6856.JPG,Tomato_Leaf_Mold,PlantVillage external crop disease dataset
data/PlantVillage/Tomato_Septoria_leaf_spot/169fe6b6-952f-45d3-a313-b3df3a357f5c___JR_Sept.L.S 2490.JPG,Tomato_Septoria_leaf_spot,PlantVillage external crop disease dataset
data/PlantVillage/Tomato__Target_Spot/37a012b0-0bf4-4e52-a933-2e422f54fd3e___Com.G_TgS_FL 0669.JPG,Tomato__Target_Spot,PlantVillage external crop disease dataset
data/PlantVillage/Tomato_Septoria_leaf_spot/15a7cf58-3dd6-415e-a4e1-ec825aba252d___JR_Sept.L.S 8472.JPG,Tomato_Septoria_leaf_spot,PlantVillage external crop disease dataset
data/PlantVillage/Tomato_Leaf_Mold/454b480b-2ac5-4992-bc5e-5ac95311214c___Crnl_L.Mold 6544.JPG,Tomato_Leaf_Mold,PlantVillage external crop disease dataset
data/PlantVillage/Tomato_Bacterial_spot/2012f5c2-8a5a-4307-b2f6-f8cc65dea96d___GCREC_Bact.Sp 6350.JPG,Tomato_Bacterial_spot,PlantVillage external crop disease dataset
data/PlantVillage/Pepper__bell___healthy/0367e017-cabb-41e5-9777-79b3c7c9177a___JR_HL 7814.JPG,Pepper__bell___healthy,PlantVillage external crop disease dataset
data/PlantVillage/Tomato__Tomato_YellowLeaf__Curl_Virus/0353227e-e244-43de-824f-e71f17bc745b___YLCV_NREC 2789.JPG,Tomato__Tomato_YellowLeaf__Curl_Virus,PlantVillage external crop disease dataset
data/PlantVillage/Pepper__bell___Bacterial_spot/17000d8e-8095-4f00-b704-b94b1c531d8d___JR_B.Spot 3384.JPG,Pepper__bell___Bacterial_spot,PlantVillage external crop disease dataset
data/PlantVillage/Potato___Late_blight/2a3e5c22-1e37-4ba0-8686-cf7482e4e8d3___RS_LB 4126.JPG,Potato___Late_blight,PlantVillage external crop disease dataset
data/PlantVillage/Tomato_healthy/04141939-3a8c-47b2-a582-e8371ccc120f___RS_HL 0275.JPG,Tomato_healthy,PlantVillage external crop disease dataset
data/PlantVillage/Potato___healthy/51a03694-82cd-43a5-9877-ddce42c1a5ad___RS_HL 1779.JPG,Potato___healthy,PlantVillage external crop disease dataset
data/PlantVillage/Tomato_healthy/1bd9f661-9b9c-4faf-80ab-86a8a64a8bc2___RS_HL 0271.JPG,Tomato_healthy,PlantVillage external crop disease dataset
data/PlantVillage/Tomato__Tomato_YellowLeaf__Curl_Virus/0c8d8784-1442-45e6-b7b9-0d9659015bfa___YLCV_NREC 0228.JPG,Tomato__Tomato_YellowLeaf__Curl_Virus,PlantVillage external crop disease dataset
data/PlantVillage/Tomato_Bacterial_spot/08a25478-76ed-4e4c-8ad0-bc7322f050b0___GCREC_Bact.Sp 3028.JPG,Tomato_Bacterial_spot,PlantVillage external crop disease dataset
data/PlantVillage/Potato___Late_blight/04b964fd-7033-4cdf-88ef-b1acbcd8183a___RS_LB 2783.JPG,Potato___Late_blight,PlantVillage external crop disease dataset
data/PlantVillage/Pepper__bell___Bacterial_spot/28b0cad6-b695-4e4b-9cd1-27f2e43647e7___JR_B.Spot 9071.JPG,Pepper__bell___Bacterial_spot,PlantVillage external crop disease dataset
data/PlantVillage/Pepper__bell___Bacterial_spot/032aa7c4-0a95-4f09-b0bb-1242f4f32d82___NREC_B.Spot 1889.JPG,Pepper__bell___Bacterial_spot,PlantVillage external crop disease dataset
data/PlantVillage/Tomato__Tomato_YellowLeaf__Curl_Virus/07d5a888-c3d3-463b-9245-150a8aec1ce1___YLCV_GCREC 5145.JPG,Tomato__Tomato_YellowLeaf__Curl_Virus,PlantVillage external crop disease dataset
data/PlantVillage/Tomato_Late_blight/127f2df5-4da2-40ef-ba65-91a732f2498e___GHLB_PS Leaf 40.1 Day 18.jpg,Tomato_Late_blight,PlantVillage external crop disease dataset
data/PlantVillage/Pepper__bell___healthy/2b4a81ee-5ce9-497d-93b4-5804aad10c1c___JR_HL 7782.JPG,Pepper__bell___healthy,PlantVillage external crop disease dataset
data/PlantVillage/Pepper__bell___healthy/1df9cbc2-e14f-4cf8-8ce0-fead77aad080___JR_HL 5855.JPG,Pepper__bell___healthy,PlantVillage external crop disease dataset
data/PlantVillage/Pepper__bell___healthy/2d53efe9-0845-4091-97b5-9ca7001e04c9___JR_HL 7758.JPG,Pepper__bell___healthy,PlantVillage external crop disease dataset
data/PlantVillage/Pepper__bell___Bacterial_spot/0ce74db6-be9b-4c43-a104-6a3f9bcd2de2___NREC_B.Spot 1827.JPG,Pepper__bell___Bacterial_spot,PlantVillage external crop disease dataset
data/PlantVillage/Tomato__Tomato_mosaic_virus/b455e70e-1ff9-4081-a0bb-6d16c88402e3___PSU_CG 2105.JPG,Tomato__Tomato_mosaic_virus,PlantVillage external crop disease dataset
data/PlantVillage/Tomato__Target_Spot/2e66bdf7-5fb4-4814-a0e9-db1b2cad451a___Com.G_TgS_FL 8300.JPG,Tomato__Target_Spot,PlantVillage external crop disease dataset
data/PlantVillage/Tomato_Septoria_leaf_spot/1f51fffd-4e03-4aca-be68-d78e12538d50___Matt.S_CG 7451.JPG,Tomato_Septoria_leaf_spot,PlantVillage external crop disease dataset
data/PlantVillage/Tomato_Leaf_Mold/48f87aed-cace-4b4f-bc57-1b6b2a6c1e9b___Crnl_L.Mold 6810.JPG,Tomato_Leaf_Mold,PlantVillage external crop disease dataset
data/PlantVillage/Potato___Late_blight/0396e413-e165-427a-ba72-04cbae7b8ab0___RS_LB 4751.JPG,Potato___Late_blight,PlantVillage external crop disease dataset
data/PlantVillage/Pepper__bell___Bacterial_spot/1d2949cc-b0fa-4a29-8540-2983230c34e9___JR_B.Spot 9017.JPG,Pepper__bell___Bacterial_spot,PlantVillage external crop disease dataset
data/PlantVillage/Tomato_healthy/236971d6-725b-4685-9336-550dd522d62a___RS_HL 0640.JPG,Tomato_healthy,PlantVillage external crop disease dataset
data/PlantVillage/Tomato_Septoria_leaf_spot/069e7256-c9ac-4544-a89c-54a1ebf4ed23___Matt.S_CG 2434.JPG,Tomato_Septoria_leaf_spot,PlantVillage external crop disease dataset
data/PlantVillage/Pepper__bell___healthy/1c41486f-bb0d-4808-b980-9fa4739f2ad3___JR_HL 8459.JPG,Pepper__bell___healthy,PlantVillage external crop disease dataset
data/PlantVillage/Tomato_Late_blight/1546f916-115c-42dc-90c7-ff8d53c4273f___RS_Late.B 4836.JPG,Tomato_Late_blight,PlantVillage external crop disease dataset
data/PlantVillage/Tomato_Early_blight/386b2d80-35c1-4fa5-98b6-f78c1c9cfb36___RS_Erly.B 6470.JPG,Tomato_Early_blight,PlantVillage external crop disease dataset
data/PlantVillage/Tomato_Late_blight/00ce4c63-9913-4b16-898c-29f99acf0dc3___RS_Late.B 4982.JPG,Tomato_Late_blight,PlantVillage external crop disease dataset
data/PlantVillage/Pepper__bell___Bacterial_spot/3bf80a4f-7a2b-4cdf-a93f-dfa12ddb4128___NREC_B.Spot 9233.JPG,Pepper__bell___Bacterial_spot,PlantVillage external crop disease dataset
data/PlantVillage/Tomato_Bacterial_spot/132e8a85-470e-4a7d-8535-c97ffcff7b0b___GCREC_Bact.Sp 3239.JPG,Tomato_Bacterial_spot,PlantVillage external crop disease dataset
data/PlantVillage/Tomato_Late_blight/17b9f7ec-5126-4d11-8c1b-a679e0fb9e74___GHLB2 Leaf 114.JPG,Tomato_Late_blight,PlantVillage external crop disease dataset
data/PlantVillage/Potato___Early_blight/2cf993b6-98e7-4678-aea5-9177ea3b63bd___RS_Early.B 7692.JPG,Potato___Early_blight,PlantVillage external crop disease dataset
data/PlantVillage/Tomato__Tomato_YellowLeaf__Curl_Virus/0120b8af-1482-4af9-85d1-a2bfe24c6985___UF.GRC_YLCV_Lab 02748.JPG,Tomato__Tomato_YellowLeaf__Curl_Virus,PlantVillage external crop disease dataset
data/PlantVillage/Tomato__Tomato_YellowLeaf__Curl_Virus/01f7eeb8-19c7-4c7b-9789-00538abf46fe___UF.GRC_YLCV_Lab 09492.JPG,Tomato__Tomato_YellowLeaf__Curl_Virus,PlantVillage external crop disease dataset
data/PlantVillage/Tomato__Tomato_YellowLeaf__Curl_Virus/043a8ff7-67cb-413a-8389-17dd37ed5c5a___UF.GRC_YLCV_Lab 01625.JPG,Tomato__Tomato_YellowLeaf__Curl_Virus,PlantVillage external crop disease dataset
data/PlantVillage/Tomato__Tomato_YellowLeaf__Curl_Virus/08bb7828-0b4b-49e7-971a-f3047e3769de___UF.GRC_YLCV_Lab 08423.JPG,Tomato__Tomato_YellowLeaf__Curl_Virus,PlantVillage external crop disease dataset
data/PlantVillage/Potato___healthy/00fc2ee5-729f-4757-8aeb-65c3355874f2___RS_HL 1864.JPG,Potato___healthy,PlantVillage external crop disease dataset
data/PlantVillage/Tomato_Early_blight/0cd17aff-13d8-439a-ac08-dae1aea55edb___RS_Erly.B 7828.JPG,Tomato_Early_blight,PlantVillage external crop disease dataset
data/PlantVillage/Tomato__Target_Spot/13171789-e847-42d1-ac9b-cfeecb94bf82___Com.G_TgS_FL 1038.JPG,Tomato__Target_Spot,PlantVillage external crop disease dataset
data/PlantVillage/Tomato_Early_blight/06339fe1-154f-4bcb-be91-a29e86e25929___RS_Erly.B 7440.JPG,Tomato_Early_blight,PlantVillage external crop disease dataset
data/PlantVillage/Tomato__Target_Spot/14b33831-3899-46b9-b987-8654111ecf84___Com.G_TgS_FL 1115.JPG,Tomato__Target_Spot,PlantVillage external crop disease dataset
data/PlantVillage/Pepper__bell___healthy/07f381f7-bc63-4e41-8bcc-6c5954a14c03___JR_HL 8326.JPG,Pepper__bell___healthy,PlantVillage external crop disease dataset
data/PlantVillage/Potato___healthy/5d505af8-3f73-4781-980c-a4a696a04550___RS_HL 1934.JPG,Potato___healthy,PlantVillage external crop disease dataset
data/PlantVillage/PlantVillage/Pepper__bell___Bacterial_spot/02baf62e-11e2-4dde-97fb-e369b57d55d3___JR_B.Spot 8971.JPG,PlantVillage,PlantVillage external crop disease dataset
data/PlantVillage/Tomato_Leaf_Mold/4e75a29c-0f14-4746-9d52-87d7f6c20b20___Crnl_L.Mold 6734.JPG,Tomato_Leaf_Mold,PlantVillage external crop disease dataset
data/PlantVillage/Tomato__Target_Spot/112db582-127e-455c-8ee4-b0ab6bb3e075___Com.G_TgS_FL 8346.JPG,Tomato__Target_Spot,PlantVillage external crop disease dataset
data/PlantVillage/Tomato__Target_Spot/05991e8b-e178-450f-8da9-d7c10bd2cda9___Com.G_TgS_FL 9731.JPG,Tomato__Target_Spot,PlantVillage external crop disease dataset
data/PlantVillage/Tomato__Target_Spot/02da8ab6-7510-4bf7-a0e3-457f14b6adad___Com.G_TgS_FL 1022.JPG,Tomato__Target_Spot,PlantVillage external crop disease dataset
data/PlantVillage/Tomato_Bacterial_spot/0de30b71-8bd0-4270-a65b-7ae8befdd765___GCREC_Bact.Sp 6360.JPG,Tomato_Bacterial_spot,PlantVillage external crop disease dataset
data/PlantVillage/Tomato_Leaf_Mold/55c2cd78-8c7c-4102-801f-c87d2284b874___Crnl_L.Mold 7069.JPG,Tomato_Leaf_Mold,PlantVillage external crop disease dataset
data/PlantVillage/PlantVillage/Pepper__bell___Bacterial_spot/2becae93-578d-44c6-8e74-056e59d15c8e___JR_B.Spot 3396.JPG,PlantVillage,PlantVillage external crop disease dataset
data/PlantVillage/Tomato__Tomato_mosaic_virus/c16ac093-9b9b-4c37-b669-aa68f3cd55cf___PSU_CG 2270.JPG,Tomato__Tomato_mosaic_virus,PlantVillage external crop disease dataset
data/PlantVillage/Potato___Late_blight/3d544e81-b7f3-4853-bb65-c78b125d1a6a___RS_LB 3238.JPG,Potato___Late_blight,PlantVillage external crop disease dataset
data/PlantVillage/Tomato_Bacterial_spot/18a58445-cf57-41cd-93f8-ebb9d5f66118___GCREC_Bact.Sp 6200.JPG,Tomato_Bacterial_spot,PlantVillage external crop disease dataset
data/PlantVillage/PlantVillage/Pepper__bell___Bacterial_spot/3ecf6ae1-56d9-47c0-bedb-af7954dbc3c6___JR_B.Spot 8953.JPG,PlantVillage,PlantVillage external crop disease dataset
data/PlantVillage/Pepper__bell___Bacterial_spot/34a38a87-b06b-4a69-b0d0-9dade7f3c2ea___NREC_B.Spot 1978.JPG,Pepper__bell___Bacterial_spot,PlantVillage external crop disease dataset
data/PlantVillage/Tomato__Target_Spot/31dff38a-b7d1-47b7-af46-2dcef29f4e0e___Com.G_TgS_FL 1077.JPG,Tomato__Target_Spot,PlantVillage external crop disease dataset
data/PlantVillage/Pepper__bell___healthy/00208a93-7687-4e8c-b79e-3138687e0f38___JR_HL 7955.JPG,Pepper__bell___healthy,PlantVillage external crop disease dataset
data/PlantVillage/PlantVillage/Pepper__bell___Bacterial_spot/34a38a87-b06b-4a69-b0d0-9dade7f3c2ea___NREC_B.Spot 1978.JPG,PlantVillage,PlantVillage external crop disease dataset
data/PlantVillage/Tomato_Bacterial_spot/1eb09166-61e7-4816-9a48-4d7afaa25a86___GCREC_Bact.Sp 3310.JPG,Tomato_Bacterial_spot,PlantVillage external crop disease dataset
data/PlantVillage/Tomato_Early_blight/00c5c908-fc25-4710-a109-db143da23112___RS_Erly.B 7778.JPG,Tomato_Early_blight,PlantVillage external crop disease dataset
data/PlantVillage/Tomato_Bacterial_spot/236e1153-9421-4a7a-bf51-e8e53f9ada22___UF.GRC_BS_Lab Leaf 0338.JPG,Tomato_Bacterial_spot,PlantVillage external crop disease dataset
data/PlantVillage/Tomato_Bacterial_spot/0a1655ed-797c-4d1d-ba35-dc255d68a2ee___GCREC_Bact.Sp 3560.JPG,Tomato_Bacterial_spot,PlantVillage external crop disease dataset
data/PlantVillage/Pepper__bell___Bacterial_spot/1b8d3e98-43d9-441d-93ef-a359e6e9ddc2___NREC_B.Spot 9052.JPG,Pepper__bell___Bacterial_spot,PlantVillage external crop disease dataset
data/PlantVillage/PlantVillage/Pepper__bell___Bacterial_spot/435993b8-c7f7-47fd-85ad-bdb04ab3e8bb___JR_B.Spot 8976.JPG,PlantVillage,PlantVillage external crop disease dataset
data/PlantVillage/Tomato__Tomato_YellowLeaf__Curl_Virus/057552a8-8c38-443f-b523-5ee2b428e622___UF.GRC_YLCV_Lab 09477.JPG,Tomato__Tomato_YellowLeaf__Curl_Virus,PlantVillage external crop disease dataset
data/PlantVillage/Tomato_Leaf_Mold/50e1906e-24da-493d-88b0-3110e778a26a___Crnl_L.Mold 7135.JPG,Tomato_Leaf_Mold,PlantVillage external crop disease dataset
data/PlantVillage/Tomato_Spider_mites_Two_spotted_spider_mite/2cd8d4c9-6eb7-4ed2-808f-df3ae1aedf7a___Com.G_SpM_FL 9621.JPG,Tomato_Spider_mites_Two_spotted_spider_mite,PlantVillage external crop disease dataset
data/PlantVillage/Tomato_healthy/1b6ac535-3a40-40c7-a626-d11181dfb5a4___GH_HL Leaf 304.JPG,Tomato_healthy,PlantVillage external crop disease dataset
data/PlantVillage/Pepper__bell___healthy/036a4558-093c-4317-a9df-742fdfef335a___JR_HL 8310.JPG,Pepper__bell___healthy,PlantVillage external crop disease dataset
data/PlantVillage/Tomato_Bacterial_spot/08b479e4-0063-41e5-b85d-279b9aedd38f___UF.GRC_BS_Lab Leaf 0485.JPG,Tomato_Bacterial_spot,PlantVillage external crop disease dataset
data/PlantVillage/Potato___Early_blight/216a1a08-c4be-4fa9-b880-c260909e1dbc___RS_Early.B 6881.JPG,Potato___Early_blight,PlantVillage external crop disease dataset
data/PlantVillage/Tomato__Target_Spot/20515a64-1d49-4e91-b27f-2d150bd68db2___Com.G_TgS_FL 7926.JPG,Tomato__Target_Spot,PlantVillage external crop disease dataset
data/PlantVillage/Tomato_Septoria_leaf_spot/2c51b21d-6890-491a-9fd0-08fd5628f26f___Matt.S_CG 7598.JPG,Tomato_Septoria_leaf_spot,PlantVillage external crop disease dataset
data/PlantVillage/Potato___Late_blight/4a34ce1c-9fde-4707-947a-58432a695741___RS_LB 3277.JPG,Potato___Late_blight,PlantVillage external crop disease dataset
data/PlantVillage/Tomato__Tomato_mosaic_virus/b3937c46-37f8-4216-b0cc-db591b1c3514___PSU_CG 2186.JPG,Tomato__Tomato_mosaic_virus,PlantVillage external crop disease dataset
data/PlantVillage/Tomato_Bacterial_spot/0e94696b-3e0d-4d4c-a712-01197e228cf1___UF.GRC_BS_Lab Leaf 8641.JPG,Tomato_Bacterial_spot,PlantVillage external crop disease dataset
data/PlantVillage/Potato___Late_blight/2269e6d9-bb15-49f1-8349-2f0126165960___RS_LB 3197.JPG,Potato___Late_blight,PlantVillage external crop disease dataset
data/PlantVillage/Potato___Late_blight/3c20c90a-788c-4d06-acdb-107f695d901b___RS_LB 4856.JPG,Potato___Late_blight,PlantVillage external crop disease dataset
data/PlantVillage/Tomato_Early_blight/0c221e01-a85e-4794-b45b-3a91e349a8d2___RS_Erly.B 6425.JPG,Tomato_Early_blight,PlantVillage external crop disease dataset
data/PlantVillage/Tomato_Leaf_Mold/062842d6-a49e-4aec-94fb-d6868db0e53d___Crnl_L.Mold 8805.JPG,Tomato_Leaf_Mold,PlantVillage external crop disease dataset
data/PlantVillage/Tomato_Bacterial_spot/1f20e293-16a2-4910-aa0a-b77268ff20a0___GCREC_Bact.Sp 3073.JPG,Tomato_Bacterial_spot,PlantVillage external crop disease dataset
data/PlantVillage/Pepper__bell___Bacterial_spot/301b41f3-647f-4bd2-9adb-ef98c8b8c238___JR_B.Spot 3399.JPG,Pepper__bell___Bacterial_spot,PlantVillage external crop disease dataset
data/PlantVillage/Tomato_Septoria_leaf_spot/15ad0147-6e02-43a7-b215-1be0dc719776___Matt.S_CG 7788.JPG,Tomato_Septoria_leaf_spot,PlantVillage external crop disease dataset
data/PlantVillage/Tomato_Leaf_Mold/361dc151-4e5f-498a-8813-98c9e0ec806d___Crnl_L.Mold 6999.JPG,Tomato_Leaf_Mold,PlantVillage external crop disease dataset
data/PlantVillage/Pepper__bell___healthy/0984b7ed-2a64-40fe-b0fa-ff440b0fc8e4___JR_HL 8600.JPG,Pepper__bell___healthy,PlantVillage external crop disease dataset
data/PlantVillage/Tomato__Tomato_mosaic_virus/0bf3eb4c-e2cd-4e72-8834-4fc045bd67ae___PSU_CG 2414.JPG,Tomato__Tomato_mosaic_virus,PlantVillage external crop disease dataset
data/PlantVillage/Tomato_Spider_mites_Two_spotted_spider_mite/23e37ceb-929f-43ad-86fb-7bb3b9b97820___Com.G_SpM_FL 9297.JPG,Tomato_Spider_mites_Two_spotted_spider_mite,PlantVillage external crop disease dataset
data/PlantVillage/Potato___Early_blight/04ee51b6-07e2-4182-84f8-46b22c8938a2___RS_Early.B 8091.JPG,Potato___Early_blight,PlantVillage external crop disease dataset
data/PlantVillage/Tomato__Tomato_YellowLeaf__Curl_Virus/0d4d2931-d063-4f29-8190-9c624e42f561___YLCV_NREC 2649.JPG,Tomato__Tomato_YellowLeaf__Curl_Virus,PlantVillage external crop disease dataset
data/PlantVillage/Pepper__bell___Bacterial_spot/03bb7042-3fd5-42e1-aa2c-d51d6843704c___JR_B.Spot 8925.JPG,Pepper__bell___Bacterial_spot,PlantVillage external crop disease dataset
data/PlantVillage/Tomato_Septoria_leaf_spot/1d2e1e46-0835-4f07-bebe-edf37ade1a12___Matt.S_CG 6363.JPG,Tomato_Septoria_leaf_spot,PlantVillage external crop disease dataset
data/PlantVillage/Potato___Early_blight/292a3f93-96a2-4b0d-879f-581136c57bcf___RS_Early.B 7099.JPG,Potato___Early_blight,PlantVillage external crop disease dataset
data/PlantVillage/Potato___Early_blight/4217355a-471b-4045-9199-55003f2c9b99___RS_Early.B 7469.JPG,Potato___Early_blight,PlantVillage external crop disease dataset
data/PlantVillage/Potato___Early_blight/4849de96-2e26-4c8d-8944-bd9e8edee5d8___RS_Early.B 9196.JPG,Potato___Early_blight,PlantVillage external crop disease dataset
data/PlantVillage/Tomato_Early_blight/011aa278-a39e-40b0-b6e4-2e2f835889f0___RS_Erly.B 8251.JPG,Tomato_Early_blight,PlantVillage external crop disease dataset
data/PlantVillage/Potato___Late_blight/4043044d-1e8d-4861-9152-99660fdffa9e___RS_LB 4438.JPG,Potato___Late_blight,PlantVillage external crop disease dataset
data/PlantVillage/Tomato_Septoria_leaf_spot/132e22f8-a438-433a-a6b1-035499046450___Matt.S_CG 2659.JPG,Tomato_Septoria_leaf_spot,PlantVillage external crop disease dataset
data/PlantVillage/Tomato_Leaf_Mold/0e508a3f-af06-4c8a-be78-5c38d2d4fb68___Crnl_L.Mold 6775.JPG,Tomato_Leaf_Mold,PlantVillage external crop disease dataset
data/PlantVillage/Potato___Early_blight/211094c5-4983-49ff-a92e-b992039bd048___RS_Early.B 6927.JPG,Potato___Early_blight,PlantVillage external crop disease dataset
data/PlantVillage/Pepper__bell___Bacterial_spot/15b7cf0f-46ea-4390-a902-375b5b68e3fd___JR_B.Spot 3320.JPG,Pepper__bell___Bacterial_spot,PlantVillage external crop disease dataset
data/PlantVillage/Tomato_Leaf_Mold/54ad9e10-f37e-40af-89ab-43ec8bcfbb55___Crnl_L.Mold 9057.JPG,Tomato_Leaf_Mold,PlantVillage external crop disease dataset
data/PlantVillage/Tomato_Bacterial_spot/08fd8d64-fdb3-49bb-93d9-6635ced701d4___UF.GRC_BS_Lab Leaf 0272.JPG,Tomato_Bacterial_spot,PlantVillage external crop disease dataset
data/PlantVillage/Potato___healthy/1f9870b3-899e-46fb-98c9-cfc2ce92895b___RS_HL 1816.JPG,Potato___healthy,PlantVillage external crop disease dataset
data/PlantVillage/Tomato_Spider_mites_Two_spotted_spider_mite/208a5b88-1c05-4cdb-b43b-aacc6ee5647d___Com.G_SpM_FL 9280.JPG,Tomato_Spider_mites_Two_spotted_spider_mite,PlantVillage external crop disease dataset
data/PlantVillage/Tomato_healthy/12c28bfa-a576-4787-8d4e-a500ac446766___RS_HL 0526.JPG,Tomato_healthy,PlantVillage external crop disease dataset
data/PlantVillage/Tomato_Bacterial_spot/0c2ee2f1-e725-4031-96ea-57e3b8b626b3___GCREC_Bact.Sp 5645.JPG,Tomato_Bacterial_spot,PlantVillage external crop disease dataset
data/PlantVillage/Tomato_Leaf_Mold/4da69391-2910-4fa5-9a74-58c7fe0890c2___Crnl_L.Mold 8622.JPG,Tomato_Leaf_Mold,PlantVillage external crop disease dataset
data/PlantVillage/Tomato__Target_Spot/294342db-c137-4644-9b1e-fb4bf61d7508___Com.G_TgS_FL 8288.JPG,Tomato__Target_Spot,PlantVillage external crop disease dataset
data/PlantVillage/Tomato__Tomato_YellowLeaf__Curl_Virus/0d27f2d1-65b1-4b6c-a5ee-fb8538f2ff46___YLCV_NREC 0073.JPG,Tomato__Tomato_YellowLeaf__Curl_Virus,PlantVillage external crop disease dataset
data/PlantVillage/Tomato_Bacterial_spot/1ee0cf88-307d-4c0c-af30-6031c2cbd256___GCREC_Bact.Sp 5840.JPG,Tomato_Bacterial_spot,PlantVillage external crop disease dataset
data/PlantVillage/Tomato_Early_blight/0621aab4-b9fd-4012-b0a6-ba72e63cd87d___RS_Erly.B 8220.JPG,Tomato_Early_blight,PlantVillage external crop disease dataset
data/PlantVillage/Tomato_Septoria_leaf_spot/2cbfb4e3-8327-470f-91b1-4b7c3823b1f1___Keller.St_CG 1909.JPG,Tomato_Septoria_leaf_spot,PlantVillage external crop disease dataset
data/PlantVillage/Tomato__Tomato_YellowLeaf__Curl_Virus/0a0fe942-bb9e-4384-8466-779017d00bcf___UF.GRC_YLCV_Lab 02192.JPG,Tomato__Tomato_YellowLeaf__Curl_Virus,PlantVillage external crop disease dataset
data/PlantVillage/Tomato_Bacterial_spot/0a6d40e4-75d6-4659-8bc1-22f47cdb2ca8___GCREC_Bact.Sp 6247.JPG,Tomato_Bacterial_spot,PlantVillage external crop disease dataset
data/PlantVillage/Tomato_Late_blight/1c5deb80-6bde-4aa4-843e-c69f80b7713a___RS_Late.B 6874.JPG,Tomato_Late_blight,PlantVillage external crop disease dataset
data/PlantVillage/Tomato_Septoria_leaf_spot/2967e646-0a62-4db8-a568-57c1e14c93b5___JR_Sept.L.S 8428.JPG,Tomato_Septoria_leaf_spot,PlantVillage external crop disease dataset
data/PlantVillage/Tomato_Spider_mites_Two_spotted_spider_mite/19cb71ea-49b7-4373-8a6b-1c8b1bf630a1___Com.G_SpM_FL 1536.JPG,Tomato_Spider_mites_Two_spotted_spider_mite,PlantVillage external crop disease dataset
data/PlantVillage/Tomato__Tomato_YellowLeaf__Curl_Virus/0b117366-e274-4379-a660-d0affe75c975___UF.GRC_YLCV_Lab 02904.JPG,Tomato__Tomato_YellowLeaf__Curl_Virus,PlantVillage external crop disease dataset
data/PlantVillage/Tomato_Septoria_leaf_spot/2dd57351-b1c3-43c0-a15c-506bab1e803f___JR_Sept.L.S 2507.JPG,Tomato_Septoria_leaf_spot,PlantVillage external crop disease dataset
data/PlantVillage/Potato___Early_blight/1d038d64-7f3c-4b4d-9b3d-7736f97b59a0___RS_Early.B 7994.JPG,Potato___Early_blight,PlantVillage external crop disease dataset
data/PlantVillage/Pepper__bell___Bacterial_spot/1092e87d-5d66-43cd-8344-43b393d86065___NREC_B.Spot 9244.JPG,Pepper__bell___Bacterial_spot,PlantVillage external crop disease dataset
data/PlantVillage/Tomato__Target_Spot/116dd823-932b-41f0-b0b3-4a0bbd360f8f___Com.G_TgS_FL 0876.JPG,Tomato__Target_Spot,PlantVillage external crop disease dataset
data/PlantVillage/Tomato_healthy/1b966d62-d5c3-4a67-ba36-b67d873ccfdf___GH_HL Leaf 440.JPG,Tomato_healthy,PlantVillage external crop disease dataset
data/PlantVillage/Tomato_healthy/0fee8af3-ca03-418c-a71c-c4fb0a80dc7b___RS_HL 0199.JPG,Tomato_healthy,PlantVillage external crop disease dataset
data/PlantVillage/Pepper__bell___Bacterial_spot/39d02156-2d42-4927-aab3-20dd59810f69___NREC_B.Spot 9075.JPG,Pepper__bell___Bacterial_spot,PlantVillage external crop disease dataset
data/PlantVillage/Tomato_Leaf_Mold/51cc89e4-4693-4470-9ddb-2fff4ab8da50___Crnl_L.Mold 8694.JPG,Tomato_Leaf_Mold,PlantVillage external crop disease dataset
data/PlantVillage/Pepper__bell___healthy/1091d6d7-6767-4643-897e-3637df768172___JR_HL 8111.JPG,Pepper__bell___healthy,PlantVillage external crop disease dataset
data/PlantVillage/Tomato__Target_Spot/312117bf-d6f3-41a0-8dd8-50a221e61d87___Com.G_TgS_FL 8293.JPG,Tomato__Target_Spot,PlantVillage external crop disease dataset
data/PlantVillage/Tomato_Septoria_leaf_spot/18927674-9831-4c32-83ed-7b194445c824___Matt.S_CG 1602.JPG,Tomato_Septoria_leaf_spot,PlantVillage external crop disease dataset
data/PlantVillage/Tomato_Spider_mites_Two_spotted_spider_mite/256f372d-a298-423d-87b4-dc1019516864___Com.G_SpM_FL 1352.JPG,Tomato_Spider_mites_Two_spotted_spider_mite,PlantVillage external crop disease dataset
data/PlantVillage/Tomato_Bacterial_spot/140ee344-ae36-403a-ace1-21d45f67ce57___GCREC_Bact.Sp 2969.JPG,Tomato_Bacterial_spot,PlantVillage external crop disease dataset
data/PlantVillage/Tomato_Late_blight/08593ca1-a595-44d1-8052-3d1430f305d3___GHLB2 Leaf 8579.JPG,Tomato_Late_blight,PlantVillage external crop disease dataset
data/PlantVillage/Tomato_Late_blight/052ec825-37a3-4467-a5ea-2e0601c29fbd___RS_Late.B 6786.JPG,Tomato_Late_blight,PlantVillage external crop disease dataset
data/PlantVillage/PlantVillage/Pepper__bell___Bacterial_spot/3294ec88-cc8d-4e3a-af08-f2f9d7f4a73b___JR_B.Spot 3196.JPG,PlantVillage,PlantVillage external crop disease dataset
data/PlantVillage/Tomato_Bacterial_spot/0493c0e5-27e3-41d6-81f0-7830cef39080___UF.GRC_BS_Lab Leaf 8615.JPG,Tomato_Bacterial_spot,PlantVillage external crop disease dataset
data/PlantVillage/Potato___healthy/8c1e1281-5937-4559-a02f-02817de6e122___RS_HL 4173.JPG,Potato___healthy,PlantVillage external crop disease dataset
data/PlantVillage/Tomato_Bacterial_spot/1d85e264-29cc-4239-88e7-2810569e1d87___GCREC_Bact.Sp 3105.JPG,Tomato_Bacterial_spot,PlantVillage external crop disease dataset
data/PlantVillage/PlantVillage/Pepper__bell___Bacterial_spot/30559581-e3ea-4ac4-8e8b-ff8bbc44b014___JR_B.Spot 8832.JPG,PlantVillage,PlantVillage external crop disease dataset
data/PlantVillage/Tomato_Leaf_Mold/4a221a03-1d3a-4641-9fd3-e0fc919fef54___Crnl_L.Mold 9104.JPG,Tomato_Leaf_Mold,PlantVillage external crop disease dataset
data/PlantVillage/Tomato__Tomato_YellowLeaf__Curl_Virus/0aa5f107-5a75-4679-a316-634a840660fe___YLCV_NREC 2657.JPG,Tomato__Tomato_YellowLeaf__Curl_Virus,PlantVillage external crop disease dataset
data/PlantVillage/Tomato__Target_Spot/1b0bb2af-424b-4268-9f2b-80e4324b769d___Com.G_TgS_FL 8358.JPG,Tomato__Target_Spot,PlantVillage external crop disease dataset
data/PlantVillage/Tomato_Septoria_leaf_spot/04c912dc-3e26-43ff-a6e3-69de49a6e529___JR_Sept.L.S 8519.JPG,Tomato_Septoria_leaf_spot,PlantVillage external crop disease dataset
data/PlantVillage/PlantVillage/Pepper__bell___Bacterial_spot/41410a16-32af-4080-92a7-fd2869d5b48d___JR_B.Spot 9085.JPG,PlantVillage,PlantVillage external crop disease dataset
data/PlantVillage/Tomato_Late_blight/0b988f87-fdce-40ba-aa09-7e6c9e1d6d30___GHLB_PS Leaf 21 Day 8.jpg,Tomato_Late_blight,PlantVillage external crop disease dataset
data/PlantVillage/Pepper__bell___Bacterial_spot/42ec2c4f-8cb7-47b2-ba27-0950b0b18395___NREC_B.Spot 9143.JPG,Pepper__bell___Bacterial_spot,PlantVillage external crop disease dataset
data/PlantVillage/Tomato_Septoria_leaf_spot/1469ba5d-2d15-4089-a7a2-762a4a43bdbd___JR_Sept.L.S 8452.JPG,Tomato_Septoria_leaf_spot,PlantVillage external crop disease dataset
data/PlantVillage/Tomato__Tomato_YellowLeaf__Curl_Virus/0515eeb0-1bfb-4307-b09d-8fce88e23aac___UF.GRC_YLCV_Lab 02549.JPG,Tomato__Tomato_YellowLeaf__Curl_Virus,PlantVillage external crop disease dataset
data/PlantVillage/Tomato_Spider_mites_Two_spotted_spider_mite/127e63a5-631d-4d1a-8196-300d38e00069___Com.G_SpM_FL 1590.JPG,Tomato_Spider_mites_Two_spotted_spider_mite,PlantVillage external crop disease dataset
data/PlantVillage/Potato___healthy/b9ea902d-e557-4fa5-893b-39a7a57c0121___RS_HL 1893.JPG,Potato___healthy,PlantVillage external crop disease dataset
data/PlantVillage/Pepper__bell___healthy/18f48dd2-09d3-4feb-ae1e-f2b854444243___JR_HL 5966.JPG,Pepper__bell___healthy,PlantVillage external crop disease dataset
data/PlantVillage/Potato___Late_blight/456f2c6a-a8c8-4dac-9de1-73668e39cd01___RS_LB 3008.JPG,Potato___Late_blight,PlantVillage external crop disease dataset
data/PlantVillage/Pepper__bell___healthy/1f66bf0a-3af3-4084-ab73-c1e1b8f3dc46___JR_HL 8824.JPG,Pepper__bell___healthy,PlantVillage external crop disease dataset
data/PlantVillage/Tomato__Tomato_YellowLeaf__Curl_Virus/0b115553-d92b-4ecc-a58f-0733b6e57e1f___YLCV_GCREC 5162.JPG,Tomato__Tomato_YellowLeaf__Curl_Virus,PlantVillage external crop disease dataset
data/PlantVillage/Pepper__bell___healthy/2d34f331-50b9-4d90-851c-4b0d2ebc4f31___JR_HL 8724.JPG,Pepper__bell___healthy,PlantVillage external crop disease dataset
data/PlantVillage/Tomato__Tomato_YellowLeaf__Curl_Virus/0aeac05f-804d-4e4c-a753-644ae6547d60___UF.GRC_YLCV_Lab 01539.JPG,Tomato__Tomato_YellowLeaf__Curl_Virus,PlantVillage external crop disease dataset
data/PlantVillage/Potato___Early_blight/002a55fb-7a3d-4a3a-aca8-ce2d5ebc6925___RS_Early.B 8170.JPG,Potato___Early_blight,PlantVillage external crop disease dataset
data/PlantVillage/PlantVillage/Pepper__bell___Bacterial_spot/01613cd0-d3cd-4e96-945c-a312002037bf___JR_B.Spot 3262.JPG,PlantVillage,PlantVillage external crop disease dataset
data/PlantVillage/Tomato_Spider_mites_Two_spotted_spider_mite/07843665-3d98-4371-873a-21b4bbe30a9d___Com.G_SpM_FL 8458.JPG,Tomato_Spider_mites_Two_spotted_spider_mite,PlantVillage external crop disease dataset
data/PlantVillage/Potato___Late_blight/22d5cf8c-308f-417d-9b05-b00a0791ecef___RS_LB 4797.JPG,Potato___Late_blight,PlantVillage external crop disease dataset
data/PlantVillage/Tomato_healthy/062c4b5a-59d7-4bc8-a1d0-abdeb6fc9c0e___RS_HL 0295.JPG,Tomato_healthy,PlantVillage external crop disease dataset
data/PlantVillage/Potato___Late_blight/0201bf8e-27e3-4c92-ae97-2fb4f665b5d3___RS_LB 4320.JPG,Potato___Late_blight,PlantVillage external crop disease dataset
data/PlantVillage/Tomato_Early_blight/0d5f65a3-b32f-4565-b63a-c6da73c1322b___RS_Erly.B 8310.JPG,Tomato_Early_blight,PlantVillage external crop disease dataset
data/PlantVillage/Tomato_Late_blight/1eacb98a-d88b-4e86-bbb8-19ec6a4e6c67___GHLB2 Leaf 148.2.JPG,Tomato_Late_blight,PlantVillage external crop disease dataset
data/PlantVillage/PlantVillage/Pepper__bell___Bacterial_spot/286c3d56-edde-4185-89f2-048ee0e7d6aa___JR_B.Spot 3287.JPG,PlantVillage,PlantVillage external crop disease dataset
data/PlantVillage/Tomato__Tomato_mosaic_virus/227c893f-5a46-4df3-859d-ba3a74e4cb82___PSU_CG 2277.JPG,Tomato__Tomato_mosaic_virus,PlantVillage external crop disease dataset
data/PlantVillage/Tomato_Leaf_Mold/0e5b669e-8534-45ab-a3c0-63134e685069___Crnl_L.Mold 7144.JPG,Tomato_Leaf_Mold,PlantVillage external crop disease dataset
data/PlantVillage/Tomato_Early_blight/3e9af11d-b43d-4bfd-9cdf-1b0d847d3bf6___RS_Erly.B 7739.JPG,Tomato_Early_blight,PlantVillage external crop disease dataset
data/PlantVillage/Tomato__Tomato_YellowLeaf__Curl_Virus/0a22fcaa-634d-4711-b2a8-777063377543___UF.GRC_YLCV_Lab 03238.JPG,Tomato__Tomato_YellowLeaf__Curl_Virus,PlantVillage external crop disease dataset
data/PlantVillage/Tomato_Late_blight/1e095cdc-6a71-4ae4-9709-be97b5668454___GHLB2 Leaf 8845.JPG,Tomato_Late_blight,PlantVillage external crop disease dataset
data/PlantVillage/Tomato_Spider_mites_Two_spotted_spider_mite/08f0fd0e-d4b1-400d-9df1-2d61d24c95f0___Com.G_SpM_FL 9397.JPG,Tomato_Spider_mites_Two_spotted_spider_mite,PlantVillage external crop disease dataset
data/PlantVillage/Tomato_healthy/1ca23194-53c1-44a9-973a-39aa073f4a33___RS_HL 0058.JPG,Tomato_healthy,PlantVillage external crop disease dataset
data/PlantVillage/Tomato_healthy/2e96661f-a313-4deb-bf32-1eacbc10c48d___GH_HL Leaf 424.JPG,Tomato_healthy,PlantVillage external crop disease dataset
data/PlantVillage/Pepper__bell___Bacterial_spot/2c8e565d-14be-4cbe-8873-2aa25a86b98c___JR_B.Spot 8903.JPG,Pepper__bell___Bacterial_spot,PlantVillage external crop disease dataset
data/PlantVillage/Tomato__Tomato_mosaic_virus/33f5422e-7889-4ab4-ab53-93507cc83f78___PSU_CG 2261.JPG,Tomato__Tomato_mosaic_virus,PlantVillage external crop disease dataset
data/PlantVillage/Potato___Early_blight/11e974fa-928f-45f6-b983-e74c74c7d163___RS_Early.B 7992.JPG,Potato___Early_blight,PlantVillage external crop disease dataset
data/PlantVillage/PlantVillage/Pepper__bell___Bacterial_spot/12c9c98f-afc9-4c12-8a97-007e5a40712a___NREC_B.Spot 9053.JPG,PlantVillage,PlantVillage external crop disease dataset
data/PlantVillage/Tomato_Septoria_leaf_spot/09560c54-eb85-4f41-b645-df4d114c8f95___Matt.S_CG 6342.JPG,Tomato_Septoria_leaf_spot,PlantVillage external crop disease dataset
data/PlantVillage/Tomato_Septoria_leaf_spot/0b6a9374-858d-49ce-8a94-ab57c957718c___Matt.S_CG 2488.JPG,Tomato_Septoria_leaf_spot,PlantVillage external crop disease dataset
data/PlantVillage/Pepper__bell___healthy/088fa58f-14a5-476b-b0d6-e2a2d8a1dd2a___JR_HL 7643.JPG,Pepper__bell___healthy,PlantVillage external crop disease dataset
data/PlantVillage/Tomato_Bacterial_spot/072f9c7d-c296-49d9-a432-6ec9448cab2a___GCREC_Bact.Sp 3558.JPG,Tomato_Bacterial_spot,PlantVillage external crop disease dataset
data/PlantVillage/Potato___Late_blight/44112cb9-7423-4983-bb9a-cb32e3ea9ac3___RS_LB 2793.JPG,Potato___Late_blight,PlantVillage external crop disease dataset
data/PlantVillage/Tomato_Spider_mites_Two_spotted_spider_mite/0b5cda10-da2f-4647-b159-69647b42212f___Com.G_SpM_FL 1784.JPG,Tomato_Spider_mites_Two_spotted_spider_mite,PlantVillage external crop disease dataset
data/PlantVillage/Potato___Early_blight/009c8c31-f22d-4ffd-8f16-189c6f06c577___RS_Early.B 7885.JPG,Potato___Early_blight,PlantVillage external crop disease dataset
data/PlantVillage/Tomato__Target_Spot/21979570-bcc3-481e-bde0-ca5e108d3844___Com.G_TgS_FL 8388.JPG,Tomato__Target_Spot,PlantVillage external crop disease dataset
data/PlantVillage/Tomato_Bacterial_spot/051beef3-8c72-4fd8-9dd4-8fececd41a35___GCREC_Bact.Sp 5989.JPG,Tomato_Bacterial_spot,PlantVillage external crop disease dataset
data/PlantVillage/Tomato_healthy/1f43d81a-6889-4613-a727-f92a75cf9861___RS_HL 0297.JPG,Tomato_healthy,PlantVillage external crop disease dataset
data/PlantVillage/Tomato__Tomato_YellowLeaf__Curl_Virus/0d84c5c2-beed-4122-898f-db2ca354de95___YLCV_GCREC 1914.JPG,Tomato__Tomato_YellowLeaf__Curl_Virus,PlantVillage external crop disease dataset
data/PlantVillage/Tomato__Tomato_mosaic_virus/847307bc-58ab-45fc-8001-f1e07a38bc82___PSU_CG 2065.JPG,Tomato__Tomato_mosaic_virus,PlantVillage external crop disease dataset
data/PlantVillage/Tomato__Tomato_YellowLeaf__Curl_Virus/071e46e4-f3ca-4160-a7c4-1e156ee8b34e___UF.GRC_YLCV_Lab 01378.JPG,Tomato__Tomato_YellowLeaf__Curl_Virus,PlantVillage external crop disease dataset
data/PlantVillage/Pepper__bell___healthy/1f700218-0a6a-47ad-a7fa-ded709ab4d2a___JR_HL 5930.JPG,Pepper__bell___healthy,PlantVillage external crop disease dataset
data/PlantVillage/Pepper__bell___healthy/30f972e1-6b7e-4ec1-bf77-10ceedf095bf___JR_HL 8378.JPG,Pepper__bell___healthy,PlantVillage external crop disease dataset
data/PlantVillage/Tomato__Tomato_YellowLeaf__Curl_Virus/0db2375d-d754-4e42-b921-43ca8869bdf7___YLCV_NREC 2342.JPG,Tomato__Tomato_YellowLeaf__Curl_Virus,PlantVillage external crop disease dataset
data/PlantVillage/Tomato_Spider_mites_Two_spotted_spider_mite/13d71bfc-b33a-42ca-962b-3de4bc7faf9c___Com.G_SpM_FL 1346.JPG,Tomato_Spider_mites_Two_spotted_spider_mite,PlantVillage external crop disease dataset
data/PlantVillage/Potato___Late_blight/33fa45a7-e6ff-4e75-9c6e-28570fdfedb6___RS_LB 3054.JPG,Potato___Late_blight,PlantVillage external crop disease dataset
data/PlantVillage/Tomato__Tomato_mosaic_virus/0c05f5bb-e38d-422f-8b1c-632d8c0d730c___PSU_CG 2133.JPG,Tomato__Tomato_mosaic_virus,PlantVillage external crop disease dataset
data/PlantVillage/Tomato_Leaf_Mold/408bcf77-7dd7-4a8a-9f3a-b97684520217___Crnl_L.Mold 6611.JPG,Tomato_Leaf_Mold,PlantVillage external crop disease dataset
data/PlantVillage/Tomato__Tomato_YellowLeaf__Curl_Virus/06998bad-c759-43e6-9de4-6f9e505ae918___UF.GRC_YLCV_Lab 01251.JPG,Tomato__Tomato_YellowLeaf__Curl_Virus,PlantVillage external crop disease dataset
data/PlantVillage/Tomato_Leaf_Mold/2406a1dc-92d9-4cc9-a724-a67c73104717___Crnl_L.Mold 8750.JPG,Tomato_Leaf_Mold,PlantVillage external crop disease dataset
data/PlantVillage/Tomato__Tomato_mosaic_virus/c1ca36c4-bffc-494d-9199-0753d7319bce___PSU_CG 2357.JPG,Tomato__Tomato_mosaic_virus,PlantVillage external crop disease dataset
data/PlantVillage/Tomato_Early_blight/250df77c-cb57-4e85-9cf2-531033930030___RS_Erly.B 6477.JPG,Tomato_Early_blight,PlantVillage external crop disease dataset
data/PlantVillage/Tomato_Late_blight/07d7ad48-0740-4cf5-9a26-91fd9296d6b3___RS_Late.B 5464.JPG,Tomato_Late_blight,PlantVillage external crop disease dataset
data/PlantVillage/Tomato_Leaf_Mold/53583056-c427-4687-b89f-e0507471c8b2___Crnl_L.Mold 9077.JPG,Tomato_Leaf_Mold,PlantVillage external crop disease dataset
data/PlantVillage/Tomato_Bacterial_spot/1eca836c-208e-40a8-a69c-fb7232d92368___GCREC_Bact.Sp 6110.JPG,Tomato_Bacterial_spot,PlantVillage external crop disease dataset
data/PlantVillage/Tomato__Tomato_YellowLeaf__Curl_Virus/07b76767-2537-474e-8fba-8c8dd29537a0___UF.GRC_YLCV_Lab 09587.JPG,Tomato__Tomato_YellowLeaf__Curl_Virus,PlantVillage external crop disease dataset
data/PlantVillage/Potato___Late_blight/4d213f48-e73a-45bf-badd-ead51dda60b4___RS_LB 2981.JPG,Potato___Late_blight,PlantVillage external crop disease dataset
data/PlantVillage/Potato___Early_blight/4f12ef84-6c6e-43d6-b6f1-3a8b0278b3a6___RS_Early.B 8101.JPG,Potato___Early_blight,PlantVillage external crop disease dataset
data/PlantVillage/Tomato_healthy/2a0d08cc-91b5-436b-abe4-31835c5f470b___RS_HL 0396.JPG,Tomato_healthy,PlantVillage external crop disease dataset
data/PlantVillage/Tomato_Leaf_Mold/43728975-7569-464b-b67d-a2b3d0f5ddd5___Crnl_L.Mold 6919.JPG,Tomato_Leaf_Mold,PlantVillage external crop disease dataset
data/PlantVillage/Tomato_Late_blight/0879b927-2226-455f-9eac-10f5e1f36fdd___RS_Late.B 5331.JPG,Tomato_Late_blight,PlantVillage external crop disease dataset
data/PlantVillage/Tomato_Bacterial_spot/1838f883-5e4b-4b24-bf4b-77d4a82f5f46___GCREC_Bact.Sp 6335.JPG,Tomato_Bacterial_spot,PlantVillage external crop disease dataset
data/PlantVillage/Tomato_healthy/1cb9d4d1-280b-479c-95a9-01f71acf70bc___RS_HL 0641.JPG,Tomato_healthy,PlantVillage external crop disease dataset
data/PlantVillage/Pepper__bell___Bacterial_spot/0719e8e8-c1ae-4d5a-b29c-dbadc36d13f3___NREC_B.Spot 1947.JPG,Pepper__bell___Bacterial_spot,PlantVillage external crop disease dataset
data/PlantVillage/Tomato__Tomato_YellowLeaf__Curl_Virus/075ab58c-8001-4e5e-a9d2-5dbf218ee100___YLCV_NREC 2052.JPG,Tomato__Tomato_YellowLeaf__Curl_Virus,PlantVillage external crop disease dataset
data/PlantVillage/Potato___Late_blight/3e81c41f-5b6b-4458-8aa8-6a544a8e678c___RS_LB 4963.JPG,Potato___Late_blight,PlantVillage external crop disease dataset
data/PlantVillage/Tomato_Spider_mites_Two_spotted_spider_mite/1e09bb35-ef0d-4efb-b3eb-320a976a5e13___Com.G_SpM_FL 1529.JPG,Tomato_Spider_mites_Two_spotted_spider_mite,PlantVillage external crop disease dataset
data/PlantVillage/Tomato_Spider_mites_Two_spotted_spider_mite/0eee4e0a-7952-4973-96c9-2c441f864752___Com.G_SpM_FL 8802.JPG,Tomato_Spider_mites_Two_spotted_spider_mite,PlantVillage external crop disease dataset
data/PlantVillage/Tomato__Target_Spot/3057f7d1-30c6-4e73-a21d-ff0564649812___Com.G_TgS_FL 1083.JPG,Tomato__Target_Spot,PlantVillage external crop disease dataset
data/PlantVillage/Tomato__Tomato_YellowLeaf__Curl_Virus/0172fce9-ee7c-4bb8-9a46-7fc0050438b5___UF.GRC_YLCV_Lab 03161.JPG,Tomato__Tomato_YellowLeaf__Curl_Virus,PlantVillage external crop disease dataset
data/PlantVillage/Tomato_healthy/17b48132-9a1d-45e5-9000-30ebd7248273___RS_HL 0385.JPG,Tomato_healthy,PlantVillage external crop disease dataset
data/PlantVillage/Tomato__Tomato_mosaic_virus/124f2b6c-ba93-46dc-9662-04ec2b631a23___PSU_CG 2084.JPG,Tomato__Tomato_mosaic_virus,PlantVillage external crop disease dataset
data/PlantVillage/Tomato_Early_blight/2ef629c7-3366-41b5-a1b7-0e3bcb3ac28c___RS_Erly.B 9395.JPG,Tomato_Early_blight,PlantVillage external crop disease dataset
data/PlantVillage/Potato___Early_blight/3db185d7-7c05-42f9-b508-7a3883e50660___RS_Early.B 7011.JPG,Potato___Early_blight,PlantVillage external crop disease dataset
data/PlantVillage/Tomato__Tomato_YellowLeaf__Curl_Virus/0a972298-84e7-47b4-9968-a77369063b02___YLCV_GCREC 1977.JPG,Tomato__Tomato_YellowLeaf__Curl_Virus,PlantVillage external crop disease dataset
data/PlantVillage/Potato___Early_blight/3d3c01e1-8cde-4c0f-9468-67dd287a2dc0___RS_Early.B 7761.JPG,Potato___Early_blight,PlantVillage external crop disease dataset
data/PlantVillage/Tomato_Septoria_leaf_spot/2b526b63-b759-4187-ab73-ce49ebb07191___JR_Sept.L.S 2681.JPG,Tomato_Septoria_leaf_spot,PlantVillage external crop disease dataset
data/PlantVillage/Tomato_Late_blight/21a75fcc-4cfa-4931-800d-7aefdea77df2___GHLB2 Leaf 8726.JPG,Tomato_Late_blight,PlantVillage external crop disease dataset
data/PlantVillage/Potato___Early_blight/34d2260c-888c-419c-b32c-938efa379b97___RS_Early.B 8253.JPG,Potato___Early_blight,PlantVillage external crop disease dataset
data/PlantVillage/Pepper__bell___Bacterial_spot/17c4557b-7a8f-4ded-b11c-6c5ba3532f37___JR_B.Spot 8824.JPG,Pepper__bell___Bacterial_spot,PlantVillage external crop disease dataset
data/PlantVillage/Tomato__Tomato_YellowLeaf__Curl_Virus/05d890dc-e8a2-4a7d-b19c-5ca629327502___YLCV_GCREC 2827.JPG,Tomato__Tomato_YellowLeaf__Curl_Virus,PlantVillage external crop disease dataset
data/PlantVillage/Tomato_Leaf_Mold/29059c14-7b1c-4e06-8c40-2fc73f28ffe6___Crnl_L.Mold 6927.JPG,Tomato_Leaf_Mold,PlantVillage external crop disease dataset
data/PlantVillage/Pepper__bell___healthy/2b7b288c-141a-495f-9df0-3199a2815c9a___JR_HL 8731.JPG,Pepper__bell___healthy,PlantVillage external crop disease dataset
data/PlantVillage/Tomato_Bacterial_spot/1a570997-ffc2-4166-a436-8f6a7facd3fc___GCREC_Bact.Sp 3227.JPG,Tomato_Bacterial_spot,PlantVillage external crop disease dataset
data/PlantVillage/Tomato__Tomato_mosaic_virus/c2bad1f4-959c-4c08-bd0e-ee2f91640632___PSU_CG 2325.JPG,Tomato__Tomato_mosaic_virus,PlantVillage external crop disease dataset
data/PlantVillage/Pepper__bell___healthy/0f4823db-878f-4d55-8d0f-ef011243dfda___JR_HL 8436.JPG,Pepper__bell___healthy,PlantVillage external crop disease dataset
data/PlantVillage/Tomato__Tomato_mosaic_virus/65226438-efaa-4bf4-91e7-e459e3528565___PSU_CG 2143.JPG,Tomato__Tomato_mosaic_virus,PlantVillage external crop disease dataset
data/PlantVillage/Pepper__bell___Bacterial_spot/1cb295da-e568-4168-a29c-48ab980f3772___NREC_B.Spot 9250.JPG,Pepper__bell___Bacterial_spot,PlantVillage external crop disease dataset
data/PlantVillage/Tomato_Septoria_leaf_spot/23572403-70ff-4ea4-8eb8-6bae4649af5f___Matt.S_CG 7422.JPG,Tomato_Septoria_leaf_spot,PlantVillage external crop disease dataset
data/PlantVillage/Tomato_Septoria_leaf_spot/0751d5c2-c59a-4c96-b348-2a9d3c8c8333___Matt.S_CG 6845.JPG,Tomato_Septoria_leaf_spot,PlantVillage external crop disease dataset
data/PlantVillage/Potato___Late_blight/0c2628d4-8d64-48a9-a157-19a9c902e304___RS_LB 4590.JPG,Potato___Late_blight,PlantVillage external crop disease dataset
data/PlantVillage/Tomato_Early_blight/22b653c4-9e15-4081-8ece-9b5950a94120___RS_Erly.B 7814.JPG,Tomato_Early_blight,PlantVillage external crop disease dataset
data/PlantVillage/Tomato_healthy/083426c2-0042-4788-91ea-b7d93395c24a___RS_HL 9929.JPG,Tomato_healthy,PlantVillage external crop disease dataset
data/PlantVillage/Potato___healthy/80bb8697-bfab-449b-b870-e1ed2089df58___RS_HL 1827.JPG,Potato___healthy,PlantVillage external crop disease dataset
data/PlantVillage/Tomato_Bacterial_spot/21e92c79-7f6e-457f-887f-a6e7ba02494b___GCREC_Bact.Sp 6049.JPG,Tomato_Bacterial_spot,PlantVillage external crop disease dataset
data/PlantVillage/Potato___Early_blight/467991cb-4b55-4b00-9b18-7ff5efdd7adf___RS_Early.B 7290.JPG,Potato___Early_blight,PlantVillage external crop disease dataset
data/PlantVillage/PlantVillage/Pepper__bell___Bacterial_spot/17557939-f9e2-435a-a4e7-f4d3cff8aa8b___JR_B.Spot 3107.JPG,PlantVillage,PlantVillage external crop disease dataset
data/PlantVillage/Tomato_Early_blight/3064e2fc-3a71-4a66-8cd1-dc76ebc0c2e6___RS_Erly.B 7345.JPG,Tomato_Early_blight,PlantVillage external crop disease dataset
data/PlantVillage/Pepper__bell___healthy/1663be64-8704-420b-8f9e-eb6265029f50___JR_HL 7846.JPG,Pepper__bell___healthy,PlantVillage external crop disease dataset
data/PlantVillage/Pepper__bell___healthy/01d03cb9-4505-458c-a6dc-648dedccd71a___JR_HL 8474.JPG,Pepper__bell___healthy,PlantVillage external crop disease dataset
data/PlantVillage/Tomato_healthy/1479f22a-c0d6-4dac-a752-578f575f276d___GH_HL Leaf 173.5.JPG,Tomato_healthy,PlantVillage external crop disease dataset
data/PlantVillage/PlantVillage/Pepper__bell___Bacterial_spot/37e9bf3a-85da-4114-8e69-185498b9a9af___JR_B.Spot 3337.JPG,PlantVillage,PlantVillage external crop disease dataset
data/PlantVillage/Potato___healthy/3a1dbeee-089c-43f0-8f51-a92d3687a515___RS_HL 1754.JPG,Potato___healthy,PlantVillage external crop disease dataset
data/PlantVillage/Pepper__bell___healthy/1ed45244-4767-4607-a59e-61342e8f4750___JR_HL 8601.JPG,Pepper__bell___healthy,PlantVillage external crop disease dataset
data/PlantVillage/Tomato_Late_blight/02790384-a589-421b-8695-693e77970418___GHLB2 Leaf 8920.JPG,Tomato_Late_blight,PlantVillage external crop disease dataset
data/PlantVillage/Potato___healthy/b8b7b98a-eb1a-4213-9b0b-aeef4df427e8___RS_HL 1858.JPG,Potato___healthy,PlantVillage external crop disease dataset
data/PlantVillage/Tomato_Leaf_Mold/03c6374e-c292-440e-b2e3-a70c5e64562a___Crnl_L.Mold 8935.JPG,Tomato_Leaf_Mold,PlantVillage external crop disease dataset
data/PlantVillage/Potato___Early_blight/2c0e712a-fb21-44b6-bbe1-7c67cec7b965___RS_Early.B 7084.JPG,Potato___Early_blight,PlantVillage external crop disease dataset
data/PlantVillage/Potato___healthy/799b10e8-ba67-4e08-9abe-748789572ad1___RS_HL 1881.JPG,Potato___healthy,PlantVillage external crop disease dataset
data/PlantVillage/Tomato_Late_blight/22686908-57fc-4567-92c4-e736d90744b4___GHLB2 Leaf 8590.JPG,Tomato_Late_blight,PlantVillage external crop disease dataset
data/PlantVillage/Pepper__bell___Bacterial_spot/1385e1e7-c7a5-4edb-8273-2f6a54c583fa___NREC_B.Spot 9128.JPG,Pepper__bell___Bacterial_spot,PlantVillage external crop disease dataset
data/PlantVillage/PlantVillage/Pepper__bell___Bacterial_spot/3b3fcf17-b337-4548-b27f-f2b501c035c0___NREC_B.Spot 1942.JPG,PlantVillage,PlantVillage external crop disease dataset
data/PlantVillage/Tomato_Leaf_Mold/4a46bb5d-fbbc-4607-82f0-ed5b98da8a9b___Crnl_L.Mold 6721.JPG,Tomato_Leaf_Mold,PlantVillage external crop disease dataset
data/PlantVillage/Tomato__Tomato_mosaic_virus/29bbbfcc-76ef-4506-9c1b-1a749646856e___PSU_CG 2184.JPG,Tomato__Tomato_mosaic_virus,PlantVillage external crop disease dataset
data/PlantVillage/Tomato_Late_blight/1b7d11ff-e94c-45cb-9ef2-6430f989e90e___GHLB2 Leaf 120.1.JPG,Tomato_Late_blight,PlantVillage external crop disease dataset
data/PlantVillage/Tomato_Late_blight/1af98b62-adaf-43d0-b4eb-83ab3f1ee084___RS_Late.B 4908.JPG,Tomato_Late_blight,PlantVillage external crop disease dataset
data/PlantVillage/Tomato_Septoria_leaf_spot/18b450ff-ae57-4873-9c73-7ebef0b659cd___Matt.S_CG 0953.JPG,Tomato_Septoria_leaf_spot,PlantVillage external crop disease dataset
data/PlantVillage/Tomato_Early_blight/0b494c44-8cd0-4491-bdfd-8a354209c3ae___RS_Erly.B 9561.JPG,Tomato_Early_blight,PlantVillage external crop disease dataset
data/PlantVillage/Tomato__Target_Spot/03002b91-afe3-4c72-86b8-31028913434e___Com.G_TgS_FL 0682.JPG,Tomato__Target_Spot,PlantVillage external crop disease dataset
data/PlantVillage/Tomato_Leaf_Mold/0fd01669-64ab-4042-9715-bf1bcb2ccfbf___Crnl_L.Mold 6996.JPG,Tomato_Leaf_Mold,PlantVillage external crop disease dataset
data/PlantVillage/Potato___Early_blight/06d9fcc9-4eea-4736-8392-5e483e2e948d___RS_Early.B 7411.JPG,Potato___Early_blight,PlantVillage external crop disease dataset
data/PlantVillage/Tomato__Tomato_mosaic_virus/0c676b36-7985-42e8-b550-83e2b1c55535___PSU_CG 2177.JPG,Tomato__Tomato_mosaic_virus,PlantVillage external crop disease dataset
data/PlantVillage/Pepper__bell___Bacterial_spot/1d35e088-7147-4bac-9cce-9330a3f5906d___NREC_B.Spot 9096.JPG,Pepper__bell___Bacterial_spot,PlantVillage external crop disease dataset
data/PlantVillage/Pepper__bell___Bacterial_spot/1044c742-39a0-4b1a-984f-3cb2bdeda94b___NREC_B.Spot 9219.JPG,Pepper__bell___Bacterial_spot,PlantVillage external crop disease dataset
data/PlantVillage/PlantVillage/Pepper__bell___Bacterial_spot/1cce64aa-6f9f-4ce1-b319-dbc4a012b240___JR_B.Spot 8998.JPG,PlantVillage,PlantVillage external crop disease dataset
data/PlantVillage/Tomato_Bacterial_spot/160c389d-886b-433a-a18b-842c45b2f20c___GCREC_Bact.Sp 5743.JPG,Tomato_Bacterial_spot,PlantVillage external crop disease dataset
data/PlantVillage/Pepper__bell___healthy/0760194c-efdd-4065-babb-a12f3b7881a6___JR_HL 7591.JPG,Pepper__bell___healthy,PlantVillage external crop disease dataset
data/PlantVillage/Tomato__Tomato_mosaic_virus/8a398af5-59cc-4d7e-9de9-07c5a5bb2cf3___PSU_CG 2116.JPG,Tomato__Tomato_mosaic_virus,PlantVillage external crop disease dataset
data/PlantVillage/Pepper__bell___healthy/264428d4-7bc0-437e-b4ee-0ee67a742304___JR_HL 5890.JPG,Pepper__bell___healthy,PlantVillage external crop disease dataset
data/PlantVillage/Tomato_Bacterial_spot/19a4a07c-5e82-4a4f-bc64-9f7d941cab88___GCREC_Bact.Sp 3515.JPG,Tomato_Bacterial_spot,PlantVillage external crop disease dataset
data/PlantVillage/Potato___healthy/0be9d721-82f5-42c3-b535-7494afe01dbe___RS_HL 1814.JPG,Potato___healthy,PlantVillage external crop disease dataset
data/PlantVillage/Tomato_Early_blight/023fe2d4-6e1d-40ce-99ae-85ba90f436ff___RS_Erly.B 6354.JPG,Tomato_Early_blight,PlantVillage external crop disease dataset
data/PlantVillage/Pepper__bell___Bacterial_spot/378ed86f-f435-44e8-93b3-3e05aa569492___JR_B.Spot 8864.JPG,Pepper__bell___Bacterial_spot,PlantVillage external crop disease dataset
data/PlantVillage/Pepper__bell___healthy/035746b5-cbe6-4e5d-9c3a-4bfc5c6cf5a1___JR_HL 7728.JPG,Pepper__bell___healthy,PlantVillage external crop disease dataset
data/PlantVillage/Tomato_healthy/07cb5416-a029-467f-a306-252c2a64d2e6___RS_HL 0543.JPG,Tomato_healthy,PlantVillage external crop disease dataset
data/PlantVillage/Tomato_Late_blight/06471eca-3cac-4cc9-afc3-1841af0ba672___GHLB2 Leaf 8893.JPG,Tomato_Late_blight,PlantVillage external crop disease dataset
data/PlantVillage/Pepper__bell___Bacterial_spot/0b47ce18-7cfe-45e8-b21e-b83cb6282455___JR_B.Spot 3162.JPG,Pepper__bell___Bacterial_spot,PlantVillage external crop disease dataset
data/PlantVillage/Potato___Early_blight/0a79700b-f834-41f5-ae51-6ceda6f67a48___RS_Early.B 8951.JPG,Potato___Early_blight,PlantVillage external crop disease dataset
data/PlantVillage/Tomato_Spider_mites_Two_spotted_spider_mite/1d7350c2-9ca5-42c8-89bd-6c6f94dd6459___Com.G_SpM_FL 8803.JPG,Tomato_Spider_mites_Two_spotted_spider_mite,PlantVillage external crop disease dataset
data/PlantVillage/Tomato__Tomato_mosaic_virus/6f020ba1-d1a7-41f4-95da-4ca61471b2e6___PSU_CG 2059.JPG,Tomato__Tomato_mosaic_virus,PlantVillage external crop disease dataset
data/PlantVillage/Tomato__Tomato_mosaic_virus/bfe4e207-18c5-46cb-9022-0a94c6826f81___PSU_CG 2234.JPG,Tomato__Tomato_mosaic_virus,PlantVillage external crop disease dataset
data/PlantVillage/Pepper__bell___healthy/1bf8d046-2b1c-44bf-9a00-9f16e0971d2a___JR_HL 8281.JPG,Pepper__bell___healthy,PlantVillage external crop disease dataset
data/PlantVillage/Tomato__Tomato_mosaic_virus/40f5f8aa-9bba-4e56-8ec0-8a935309c70f___PSU_CG 2211.JPG,Tomato__Tomato_mosaic_virus,PlantVillage external crop disease dataset
data/PlantVillage/Potato___Early_blight/40d1ccba-b047-4f89-b469-af79bc233524___RS_Early.B 7006.JPG,Potato___Early_blight,PlantVillage external crop disease dataset
data/PlantVillage/Potato___Late_blight/20e59080-5a86-4aa8-b5b1-d886a4b273b7___RS_LB 3165.JPG,Potato___Late_blight,PlantVillage external crop disease dataset
data/PlantVillage/Potato___Early_blight/2ebb14eb-0e87-468c-a1cb-80579a77a37a___RS_Early.B 7044.JPG,Potato___Early_blight,PlantVillage external crop disease dataset
data/PlantVillage/Tomato_Spider_mites_Two_spotted_spider_mite/00bc7858-1dca-4bfb-a828-225f03bd72a5___Com.G_SpM_FL 9455.JPG,Tomato_Spider_mites_Two_spotted_spider_mite,PlantVillage external crop disease dataset
data/PlantVillage/Tomato__Tomato_YellowLeaf__Curl_Virus/0c4e96da-6951-4706-9738-bc36bf5d0101___YLCV_GCREC 2150.JPG,Tomato__Tomato_YellowLeaf__Curl_Virus,PlantVillage external crop disease dataset
data/PlantVillage/Tomato_healthy/21f1c16d-2d7f-44e6-a2e4-7d830dfbfda3___RS_HL 9996.JPG,Tomato_healthy,PlantVillage external crop disease dataset
data/PlantVillage/Pepper__bell___healthy/21243b10-533b-4f8d-9ded-2cdff9a223b7___JR_HL 8232.JPG,Pepper__bell___healthy,PlantVillage external crop disease dataset
data/PlantVillage/Tomato__Tomato_mosaic_virus/08e45674-8d1e-4c3c-804a-663d9fef1ead___PSU_CG 2249.JPG,Tomato__Tomato_mosaic_virus,PlantVillage external crop disease dataset
data/PlantVillage/Tomato_healthy/0922314c-48ce-4a7b-a042-68fecb43a228___RS_HL 0260.JPG,Tomato_healthy,PlantVillage external crop disease dataset
data/PlantVillage/Tomato_Late_blight/13adbb9e-c4e1-46bd-8621-ae351dd464ca___RS_Late.B 6595.JPG,Tomato_Late_blight,PlantVillage external crop disease dataset
data/PlantVillage/Pepper__bell___Bacterial_spot/0169b9ac-07b9-4be1-8b85-da94481f05a4___NREC_B.Spot 9169.JPG,Pepper__bell___Bacterial_spot,PlantVillage external crop disease dataset
data/PlantVillage/Pepper__bell___healthy/36391acd-9e10-4c5f-b6fc-3f4ce491dbe7___JR_HL 8637.JPG,Pepper__bell___healthy,PlantVillage external crop disease dataset
data/PlantVillage/Potato___Early_blight/357b61ef-a56b-4207-aa26-161b0ef3e635___RS_Early.B 8492.JPG,Potato___Early_blight,PlantVillage external crop disease dataset
data/PlantVillage/PlantVillage/Pepper__bell___Bacterial_spot/0e57b44f-bb06-43ec-8688-5a7985b461e7___JR_B.Spot 8970.JPG,PlantVillage,PlantVillage external crop disease dataset
data/PlantVillage/Tomato_Spider_mites_Two_spotted_spider_mite/125b13a4-60c6-4334-bee9-a92114a7252d___Com.G_SpM_FL 9590.JPG,Tomato_Spider_mites_Two_spotted_spider_mite,PlantVillage external crop disease dataset
data/PlantVillage/Potato___Late_blight/36555aa6-0ca3-412c-be9f-50f12500861f___RS_LB 3907.JPG,Potato___Late_blight,PlantVillage external crop disease dataset
data/PlantVillage/Tomato_Spider_mites_Two_spotted_spider_mite/21941596-620a-443c-97f9-cf4c98a4e3c5___Com.G_SpM_FL 1581.JPG,Tomato_Spider_mites_Two_spotted_spider_mite,PlantVillage external crop disease dataset
data/PlantVillage/Tomato_Leaf_Mold/2026a463-c6a6-4500-b382-9b5cbd73f9cf___Crnl_L.Mold 8734.JPG,Tomato_Leaf_Mold,PlantVillage external crop disease dataset
data/PlantVillage/Tomato_Early_blight/0ecc2ee7-fb66-41fa-a23b-9bdeaf31078a___RS_Erly.B 6381.JPG,Tomato_Early_blight,PlantVillage external crop disease dataset
data/PlantVillage/Pepper__bell___healthy/0e526c7b-72ee-4547-916b-5cba013097b6___JR_HL 7735.JPG,Pepper__bell___healthy,PlantVillage external crop disease dataset
data/PlantVillage/Tomato__Tomato_mosaic_virus/1ccfd473-6b3d-47a9-897b-0653d7683d75___PSU_CG 2163.JPG,Tomato__Tomato_mosaic_virus,PlantVillage external crop disease dataset
data/PlantVillage/Tomato_Early_blight/3ecc0dc0-87b2-4f7f-894a-8b9d17d7f25d___RS_Erly.B 7413.JPG,Tomato_Early_blight,PlantVillage external crop disease dataset
data/PlantVillage/Potato___Early_blight/34f42d6e-6e09-46cb-800b-5da5fdb5e8b8___RS_Early.B 8110.JPG,Potato___Early_blight,PlantVillage external crop disease dataset
data/PlantVillage/Potato___healthy/71c06efe-089f-49b3-beed-095bd7640e32___RS_HL 1947.JPG,Potato___healthy,PlantVillage external crop disease dataset
data/PlantVillage/Tomato_Septoria_leaf_spot/0aa486df-97b6-4764-89a9-d193e16aabbb___Keller.St_CG 1931.JPG,Tomato_Septoria_leaf_spot,PlantVillage external crop disease dataset
data/PlantVillage/Tomato__Target_Spot/361193d0-3a49-4d6c-a94f-5a36f32e02d7___Com.G_TgS_FL 9756.JPG,Tomato__Target_Spot,PlantVillage external crop disease dataset
data/PlantVillage/Potato___Late_blight/1531198a-c611-47ee-af7d-7b124b863870___RS_LB 4793.JPG,Potato___Late_blight,PlantVillage external crop disease dataset
data/PlantVillage/PlantVillage/Pepper__bell___Bacterial_spot/365ab78f-6a75-49ef-acb8-44b8b21fac2c___NREC_B.Spot 9159.JPG,PlantVillage,PlantVillage external crop disease dataset
data/PlantVillage/Tomato_Septoria_leaf_spot/26b5797e-695b-4014-a0fb-a2e0e11a88f3___Matt.S_CG 7845.JPG,Tomato_Septoria_leaf_spot,PlantVillage external crop disease dataset
data/PlantVillage/Tomato_Late_blight/0a3f65fc-ef1c-4aed-b235-46bae4e5c0e7___GHLB2 Leaf 9065.JPG,Tomato_Late_blight,PlantVillage external crop disease dataset
data/PlantVillage/Tomato_Leaf_Mold/10e1a86f-0355-4534-aed8-08c6f01548d4___Crnl_L.Mold 7018.JPG,Tomato_Leaf_Mold,PlantVillage external crop disease dataset
data/PlantVillage/Tomato_Early_blight/1de17623-e625-4a3a-91e8-64973e6d09fd___RS_Erly.B 9577.JPG,Tomato_Early_blight,PlantVillage external crop disease dataset
data/PlantVillage/Tomato__Target_Spot/0a51617c-ecb5-42ce-9d34-300307be3465___Com.G_TgS_FL 0976.JPG,Tomato__Target_Spot,PlantVillage external crop disease dataset
data/PlantVillage/Pepper__bell___Bacterial_spot/09ae534a-e931-4f83-8545-cf330dfebae9___NREC_B.Spot 9210.JPG,Pepper__bell___Bacterial_spot,PlantVillage external crop disease dataset
data/PlantVillage/Potato___Late_blight/2d8cbe58-280e-4c93-9b06-26f4279eb4d8___RS_LB 2855.JPG,Potato___Late_blight,PlantVillage external crop disease dataset
data/PlantVillage/Tomato_healthy/203dd699-5df7-4f6d-ad63-d1557033f04a___RS_HL 9788.JPG,Tomato_healthy,PlantVillage external crop disease dataset
data/PlantVillage/Tomato_Early_blight/22247648-1650-43d5-8a9b-e03f63cf2f1c___RS_Erly.B 7535.JPG,Tomato_Early_blight,PlantVillage external crop disease dataset
data/PlantVillage/Tomato_Late_blight/2054e9b6-19eb-4066-b384-83e6f6ef2690___GHLB2 Leaf 8565.JPG,Tomato_Late_blight,PlantVillage external crop disease dataset
data/PlantVillage/Tomato_Leaf_Mold/289bd00b-0185-428e-8d12-0b7900a71068___Crnl_L.Mold 6986.JPG,Tomato_Leaf_Mold,PlantVillage external crop disease dataset
data/PlantVillage/Tomato_Late_blight/1fa37cd4-066e-4deb-ab99-5fa8dcc4481c___RS_Late.B 5454.JPG,Tomato_Late_blight,PlantVillage external crop disease dataset
data/PlantVillage/Tomato__Target_Spot/387d80fd-1770-43a6-9937-6a55fd99d461___Com.G_TgS_FL 9990.JPG,Tomato__Target_Spot,PlantVillage external crop disease dataset
data/PlantVillage/Tomato__Tomato_YellowLeaf__Curl_Virus/0e4e83c1-3664-4754-956e-5250f49980c2___UF.GRC_YLCV_Lab 02976.JPG,Tomato__Tomato_YellowLeaf__Curl_Virus,PlantVillage external crop disease dataset
data/PlantVillage/Potato___Early_blight/07953ca1-8935-449f-b338-4357ed683b2d___RS_Early.B 6815.JPG,Potato___Early_blight,PlantVillage external crop disease dataset
data/PlantVillage/Tomato_Bacterial_spot/1169b92d-a606-4560-ae1a-ceee401fc959___GCREC_Bact.Sp 3447.JPG,Tomato_Bacterial_spot,PlantVillage external crop disease dataset
data/PlantVillage/Tomato_Early_blight/1bff3ab2-9e99-4d4b-ad0e-acd943324050___RS_Erly.B 6460.JPG,Tomato_Early_blight,PlantVillage external crop disease dataset
data/PlantVillage/Tomato_Spider_mites_Two_spotted_spider_mite/1e06dafa-f977-4354-992e-3271f34a2344___Com.G_SpM_FL 9601.JPG,Tomato_Spider_mites_Two_spotted_spider_mite,PlantVillage external crop disease dataset
data/PlantVillage/Tomato_Spider_mites_Two_spotted_spider_mite/0100e504-f6bc-464a-a181-38262117f30a___Com.G_SpM_FL 1202.JPG,Tomato_Spider_mites_Two_spotted_spider_mite,PlantVillage external crop disease dataset
data/PlantVillage/Tomato_Septoria_leaf_spot/25c45a05-4f45-42ad-b18a-b7f694023a31___Matt.S_CG 0824.JPG,Tomato_Septoria_leaf_spot,PlantVillage external crop disease dataset
data/PlantVillage/Pepper__bell___Bacterial_spot/17737361-6967-452a-ac5d-efebaa1d8a35___NREC_B.Spot 9127.JPG,Pepper__bell___Bacterial_spot,PlantVillage external crop disease dataset
data/PlantVillage/Pepper__bell___healthy/3564ffeb-efdb-41c5-b0c0-bc4ff12fbbbc___JR_HL 5924.JPG,Pepper__bell___healthy,PlantVillage external crop disease dataset
data/PlantVillage/Tomato_Leaf_Mold/2eeb6fac-5b19-453e-8d2f-76cb490e2f07___Crnl_L.Mold 8796.JPG,Tomato_Leaf_Mold,PlantVillage external crop disease dataset
data/PlantVillage/Tomato_Bacterial_spot/05fc994d-7781-4dc5-a15c-b359f6c681a6___GCREC_Bact.Sp 6304.JPG,Tomato_Bacterial_spot,PlantVillage external crop disease dataset
data/PlantVillage/PlantVillage/Pepper__bell___Bacterial_spot/144ae14f-dbf4-4dfa-9d47-98fb33009a48___JR_B.Spot 3364.JPG,PlantVillage,PlantVillage external crop disease dataset
data/PlantVillage/PlantVillage/Pepper__bell___Bacterial_spot/0495b4d4-66a4-438c-862d-c483f08e4a95___JR_B.Spot 3288.JPG,PlantVillage,PlantVillage external crop disease dataset
data/PlantVillage/Tomato_healthy/01c1da17-8d9f-4d69-8a1e-58d37453d3c3___RS_HL 9641.JPG,Tomato_healthy,PlantVillage external crop disease dataset
data/PlantVillage/Tomato_Early_blight/26b721c9-94fd-4e19-bb7e-521238eb8a1b___RS_Erly.B 9380.JPG,Tomato_Early_blight,PlantVillage external crop disease dataset
data/PlantVillage/Tomato_Leaf_Mold/544d95c7-34a8-442b-8471-3071612ec4ae___Crnl_L.Mold 8881.JPG,Tomato_Leaf_Mold,PlantVillage external crop disease dataset
data/PlantVillage/Tomato_Bacterial_spot/0a64655c-4052-4e5f-a696-2a6cf25d10c9___GCREC_Bact.Sp 6017.JPG,Tomato_Bacterial_spot,PlantVillage external crop disease dataset
data/PlantVillage/Potato___Late_blight/0e7f0484-16eb-4183-b702-0a5b4f94d015___RS_LB 4000.JPG,Potato___Late_blight,PlantVillage external crop disease dataset
data/PlantVillage/Tomato_Early_blight/1c31e2e3-e314-47a8-86fe-e7b8b9199c09___RS_Erly.B 8272.JPG,Tomato_Early_blight,PlantVillage external crop disease dataset
data/PlantVillage/Tomato_Septoria_leaf_spot/2d0ef151-4728-4b00-b70c-ab59ef5d5f9e___Matt.S_CG 6455.JPG,Tomato_Septoria_leaf_spot,PlantVillage external crop disease dataset
data/PlantVillage/Tomato_Bacterial_spot/1ac8d300-077c-43dc-8685-83ac695e07b4___GCREC_Bact.Sp 3672.JPG,Tomato_Bacterial_spot,PlantVillage external crop disease dataset
data/PlantVillage/Tomato__Tomato_mosaic_virus/7569fab7-ac19-4ac4-a01b-b77a4abb0c29___PSU_CG 2350.JPG,Tomato__Tomato_mosaic_virus,PlantVillage external crop disease dataset
data/PlantVillage/Tomato_healthy/13b114fe-22bf-498e-8534-4049123ef655___RS_HL 9775.JPG,Tomato_healthy,PlantVillage external crop disease dataset
data/PlantVillage/Tomato__Tomato_mosaic_virus/4ab5b752-6622-42f2-8743-fa9c9b03e137___PSU_CG 2120.JPG,Tomato__Tomato_mosaic_virus,PlantVillage external crop disease dataset
data/PlantVillage/Tomato_Bacterial_spot/196be0af-51c3-4587-bd91-9a606631d4f3___GCREC_Bact.Sp 3453.JPG,Tomato_Bacterial_spot,PlantVillage external crop disease dataset
data/PlantVillage/PlantVillage/Pepper__bell___Bacterial_spot/31add1a3-eab6-4c9c-946f-d85d89297a0e___NREC_B.Spot 1842.JPG,PlantVillage,PlantVillage external crop disease dataset
data/PlantVillage/Pepper__bell___healthy/10724f1f-17fb-4443-9878-26e31d97e2d9___JR_HL 7585.JPG,Pepper__bell___healthy,PlantVillage external crop disease dataset
data/PlantVillage/Tomato__Tomato_YellowLeaf__Curl_Virus/0b0791c1-7f59-4e84-a59c-ec2fb1934d00___YLCV_GCREC 2804.JPG,Tomato__Tomato_YellowLeaf__Curl_Virus,PlantVillage external crop disease dataset
data/PlantVillage/Tomato__Tomato_YellowLeaf__Curl_Virus/0a351fc7-e2aa-426f-bba0-f6d5096827a3___UF.GRC_YLCV_Lab 02044.JPG,Tomato__Tomato_YellowLeaf__Curl_Virus,PlantVillage external crop disease dataset
data/PlantVillage/PlantVillage/Pepper__bell___Bacterial_spot/41c041c0-d17a-4be1-b2b8-a46a816fbda5___NREC_B.Spot 9192.JPG,PlantVillage,PlantVillage external crop disease dataset
data/PlantVillage/Tomato_Bacterial_spot/0f1d337f-e8c5-445a-83a0-b89915eacb72___UF.GRC_BS_Lab Leaf 0435.JPG,Tomato_Bacterial_spot,PlantVillage external crop disease dataset
data/PlantVillage/Tomato__Tomato_YellowLeaf__Curl_Virus/09fc89d4-fffc-4a3b-aa4d-26b0ee5610c8___UF.GRC_YLCV_Lab 02107.JPG,Tomato__Tomato_YellowLeaf__Curl_Virus,PlantVillage external crop disease dataset
data/PlantVillage/PlantVillage/Pepper__bell___Bacterial_spot/2414f9df-91fd-4aed-b772-bd6b5311eb0b___JR_B.Spot 3141.JPG,PlantVillage,PlantVillage external crop disease dataset
data/PlantVillage/Potato___Early_blight/1a77c047-7ed8-4f02-bfaf-a19e7a67c3dd___RS_Early.B 7076.JPG,Potato___Early_blight,PlantVillage external crop disease dataset
data/PlantVillage/Pepper__bell___healthy/2c8d77dd-0173-41d0-9e95-9e11092af9a8___JR_HL 8737.JPG,Pepper__bell___healthy,PlantVillage external crop disease dataset
data/PlantVillage/PlantVillage/Pepper__bell___Bacterial_spot/3f365db3-6af8-4113-97f1-1c8771cab676___NREC_B.Spot 1789.JPG,PlantVillage,PlantVillage external crop disease dataset
data/PlantVillage/Tomato__Tomato_mosaic_virus/afd8bd61-a7fe-4ee1-8cf8-afa0c116d751___PSU_CG 2391.JPG,Tomato__Tomato_mosaic_virus,PlantVillage external crop disease dataset
data/PlantVillage/Tomato_Late_blight/02fe963e-7c68-4fd3-9f8f-36bf9e153c20___GHLB2 Leaf 8581.JPG,Tomato_Late_blight,PlantVillage external crop disease dataset
data/PlantVillage/Pepper__bell___Bacterial_spot/2b710a19-f4cd-4bcf-afbf-e48face96045___NREC_B.Spot 1931.JPG,Pepper__bell___Bacterial_spot,PlantVillage external crop disease dataset
data/PlantVillage/Potato___Late_blight/1789b0d1-d850-4e04-8a20-bc3901d4ab0a___RS_LB 5251.JPG,Potato___Late_blight,PlantVillage external crop disease dataset
data/PlantVillage/Tomato_Leaf_Mold/4c439043-1b03-485d-8d88-e0b52177c248___Crnl_L.Mold 9145.JPG,Tomato_Leaf_Mold,PlantVillage external crop disease dataset
data/PlantVillage/Tomato_Early_blight/43e84adf-0897-47dc-97a4-94ef0e83eef5___RS_Erly.B 6399.JPG,Tomato_Early_blight,PlantVillage external crop disease dataset
data/PlantVillage/Potato___Late_blight/2438dfce-68a1-4026-a006-4c99a0f6259b___RS_LB 5116.JPG,Potato___Late_blight,PlantVillage external crop disease dataset
data/PlantVillage/Tomato_Septoria_leaf_spot/2698f5c0-5364-477f-a33d-4e32236a43e3___JR_Sept.L.S 2467.JPG,Tomato_Septoria_leaf_spot,PlantVillage external crop disease dataset
data/PlantVillage/Tomato_healthy/0c8c9c80-b7e0-47a7-81d3-b5a2174e545d___GH_HL Leaf 496.1.JPG,Tomato_healthy,PlantVillage external crop disease dataset
data/PlantVillage/Pepper__bell___Bacterial_spot/36aa1467-175d-42d0-8da3-99e8ffd06fbe___NREC_B.Spot 1905.JPG,Pepper__bell___Bacterial_spot,PlantVillage external crop disease dataset
data/PlantVillage/PlantVillage/Pepper__bell___Bacterial_spot/38caf650-d4c8-483d-a75d-b20f12629563___JR_B.Spot 3161.JPG,PlantVillage,PlantVillage external crop disease dataset
data/PlantVillage/Tomato_Leaf_Mold/32ea8308-bcd3-4dcc-bd3a-f2a454f8ab4d___Crnl_L.Mold 9021.JPG,Tomato_Leaf_Mold,PlantVillage external crop disease dataset
data/PlantVillage/Tomato_Spider_mites_Two_spotted_spider_mite/159ef3ee-ef23-4df6-b3bc-a7a8bc01aaa0___Com.G_SpM_FL 8921.JPG,Tomato_Spider_mites_Two_spotted_spider_mite,PlantVillage external crop disease dataset
data/PlantVillage/Tomato_Late_blight/08a94695-4566-49aa-84df-91980c3534a2___RS_Late.B 5396.JPG,Tomato_Late_blight,PlantVillage external crop disease dataset
data/PlantVillage/Tomato__Tomato_YellowLeaf__Curl_Virus/0bfc96b3-56ba-4ba4-804a-fc2ba59e0c6a___UF.GRC_YLCV_Lab 03202.JPG,Tomato__Tomato_YellowLeaf__Curl_Virus,PlantVillage external crop disease dataset
data/PlantVillage/Pepper__bell___Bacterial_spot/41f3e9be-44a8-42b1-9654-8e7127bfc57e___JR_B.Spot 9048.JPG,Pepper__bell___Bacterial_spot,PlantVillage external crop disease dataset
data/PlantVillage/Tomato_Early_blight/389a93c4-2ea1-4df5-94c6-01ea8ad856db___RS_Erly.B 7720.JPG,Tomato_Early_blight,PlantVillage external crop disease dataset
data/PlantVillage/Tomato_Spider_mites_Two_spotted_spider_mite/0f6a5f32-3d95-4ef1-bc01-ba36f2efb2b4___Com.G_SpM_FL 1661.JPG,Tomato_Spider_mites_Two_spotted_spider_mite,PlantVillage external crop disease dataset
data/PlantVillage/Tomato__Tomato_YellowLeaf__Curl_Virus/0848359b-471c-4cb9-a368-879fe6c1483b___UF.GRC_YLCV_Lab 01646.JPG,Tomato__Tomato_YellowLeaf__Curl_Virus,PlantVillage external crop disease dataset
data/PlantVillage/Tomato_Late_blight/10acd4c3-b1b8-4fc7-848a-c9af30086e78___GHLB_PS Leaf 28.2 Day 13.jpg,Tomato_Late_blight,PlantVillage external crop disease dataset
data/PlantVillage/Tomato__Target_Spot/3722662d-173e-4975-b48f-df69a18453e8___Com.G_TgS_FL 0889.JPG,Tomato__Target_Spot,PlantVillage external crop disease dataset
data/PlantVillage/Tomato_Late_blight/15e1e8d7-e05a-4dc1-b872-364b15f004f0___RS_Late.B 4873.JPG,Tomato_Late_blight,PlantVillage external crop disease dataset
data/PlantVillage/PlantVillage/Pepper__bell___Bacterial_spot/17c4557b-7a8f-4ded-b11c-6c5ba3532f37___JR_B.Spot 8824.JPG,PlantVillage,PlantVillage external crop disease dataset
data/PlantVillage/Tomato_healthy/14d46dfe-5348-428c-af6b-82b6625ce6c3___GH_HL Leaf 483.1.JPG,Tomato_healthy,PlantVillage external crop disease dataset
data/PlantVillage/PlantVillage/Pepper__bell___Bacterial_spot/45de9eff-47b2-4e93-941a-11eeedbefc4f___NREC_B.Spot 1945.JPG,PlantVillage,PlantVillage external crop disease dataset
data/PlantVillage/Tomato__Tomato_YellowLeaf__Curl_Virus/06843421-6362-4733-8bbc-aec499a1a452___YLCV_GCREC 2757.JPG,Tomato__Tomato_YellowLeaf__Curl_Virus,PlantVillage external crop disease dataset
data/PlantVillage/Tomato_Septoria_leaf_spot/181ba21a-dd6f-4f26-b279-6734d3579449___Matt.S_CG 7593.JPG,Tomato_Septoria_leaf_spot,PlantVillage external crop disease dataset
data/PlantVillage/Potato___healthy/b35b9f8b-daca-4d12-a5be-defe68d0acc5___RS_HL 1903.JPG,Potato___healthy,PlantVillage external crop disease dataset
data/PlantVillage/Tomato_Late_blight/12d62ed2-a145-4400-824d-3e4d5f64418a___RS_Late.B 6586.JPG,Tomato_Late_blight,PlantVillage external crop disease dataset
data/PlantVillage/Tomato_Late_blight/0566e4e3-675b-4289-9e36-ad199448975b___GHLB2 Leaf 161.2.JPG,Tomato_Late_blight,PlantVillage external crop disease dataset
data/PlantVillage/Tomato_healthy/2b21cbfc-9c23-42fb-984c-9439fa891a4c___RS_HL 9637.JPG,Tomato_healthy,PlantVillage external crop disease dataset
data/PlantVillage/Tomato__Tomato_YellowLeaf__Curl_Virus/0c72b9ff-059c-4169-879e-dd7f7ad46a7c___YLCV_GCREC 2303.JPG,Tomato__Tomato_YellowLeaf__Curl_Virus,PlantVillage external crop disease dataset
data/PlantVillage/Potato___Early_blight/425e5f26-56b0-404d-b537-dc3353ecee09___RS_Early.B 7058.JPG,Potato___Early_blight,PlantVillage external crop disease dataset
data/PlantVillage/Potato___Late_blight/41e3b4c0-7aec-4d49-a84c-f37ed2637407___RS_LB 4377.JPG,Potato___Late_blight,PlantVillage external crop disease dataset
data/PlantVillage/Tomato_Septoria_leaf_spot/249ab309-d471-409d-a4ea-e82d74709c6e___JR_Sept.L.S 8552.JPG,Tomato_Septoria_leaf_spot,PlantVillage external crop disease dataset
data/PlantVillage/Tomato_Bacterial_spot/0db0e663-b580-45b3-bd20-bc8a7f3d8b34___GCREC_Bact.Sp 6189.JPG,Tomato_Bacterial_spot,PlantVillage external crop disease dataset
data/PlantVillage/Pepper__bell___healthy/06ae69f3-53f7-4ad8-b6b0-185dd26b2fc0___JR_HL 7971.JPG,Pepper__bell___healthy,PlantVillage external crop disease dataset
data/PlantVillage/Tomato_Late_blight/1a33a1fd-d077-4cf6-84ac-7825176e25d2___GHLB2 Leaf 8969.JPG,Tomato_Late_blight,PlantVillage external crop disease dataset
data/PlantVillage/Tomato_Early_blight/4845b02b-1b59-454b-8aae-c4df6c02cbd8___RS_Erly.B 7660.JPG,Tomato_Early_blight,PlantVillage external crop disease dataset
data/PlantVillage/Tomato_Late_blight/1a9a2cbf-75f3-4dd9-93ef-3d3c58e97d06___GHLB2 Leaf 8666.JPG,Tomato_Late_blight,PlantVillage external crop disease dataset
data/PlantVillage/Tomato__Target_Spot/13cbc6d9-c5b3-42c8-8228-e11affd93c9b___Com.G_TgS_FL 8137.JPG,Tomato__Target_Spot,PlantVillage external crop disease dataset
data/PlantVillage/Tomato_healthy/24336aa8-a0ad-404e-9669-3661d9920aec___GH_HL Leaf 435.1.JPG,Tomato_healthy,PlantVillage external crop disease dataset
data/PlantVillage/Tomato_Septoria_leaf_spot/22c8fb41-70e6-4fcc-b77b-81511cba9001___Matt.S_CG 1512.JPG,Tomato_Septoria_leaf_spot,PlantVillage external crop disease dataset
data/PlantVillage/Potato___Late_blight/27f1b297-f65a-458f-80d9-0046fa4c8c11___RS_LB 4332.JPG,Potato___Late_blight,PlantVillage external crop disease dataset
data/PlantVillage/Potato___healthy/5df30492-0b54-474d-8883-bba9474ca88f___RS_HL 1801.JPG,Potato___healthy,PlantVillage external crop disease dataset
data/PlantVillage/PlantVillage/Pepper__bell___Bacterial_spot/34b6c910-b4aa-416b-a89d-98f63be5055c___NREC_B.Spot 9201.JPG,PlantVillage,PlantVillage external crop disease dataset
data/PlantVillage/Tomato_healthy/2605218e-e8bf-43d8-8b00-52058e9f0f25___RS_HL 9893.JPG,Tomato_healthy,PlantVillage external crop disease dataset
data/PlantVillage/Tomato__Tomato_mosaic_virus/09910ece-e505-4e19-ae9b-0d9e2eaa2cb1___PSU_CG 2047.JPG,Tomato__Tomato_mosaic_virus,PlantVillage external crop disease dataset
data/PlantVillage/Tomato_healthy/0a9986e6-b629-4ff5-8aab-7488ea9b935b___RS_HL 9704.JPG,Tomato_healthy,PlantVillage external crop disease dataset
data/PlantVillage/Potato___Late_blight/32e6ace8-7ca9-4f95-a313-6747d321e8da___RS_LB 4698.JPG,Potato___Late_blight,PlantVillage external crop disease dataset
data/PlantVillage/Potato___Early_blight/1defd277-6394-4049-895d-470f1e27e189___RS_Early.B 8931.JPG,Potato___Early_blight,PlantVillage external crop disease dataset
data/PlantVillage/Pepper__bell___healthy/08203033-de6c-41fc-b5d2-ea5d3ac9da4f___JR_HL 5854.JPG,Pepper__bell___healthy,PlantVillage external crop disease dataset
data/PlantVillage/Potato___Late_blight/471fd810-047d-4c87-933b-14c8b46d4b20___RS_LB 5450.JPG,Potato___Late_blight,PlantVillage external crop disease dataset
data/PlantVillage/Tomato_healthy/164d5472-31c5-4145-b30a-93198436539d___RS_HL 0103.JPG,Tomato_healthy,PlantVillage external crop disease dataset
data/PlantVillage/Tomato_Septoria_leaf_spot/26f9e49d-d900-4607-96c4-3139ba4db3d5___Matt.S_CG 6067.JPG,Tomato_Septoria_leaf_spot,PlantVillage external crop disease dataset
data/PlantVillage/Tomato_Septoria_leaf_spot/1f9fe103-ec5a-4ebb-bd93-14c97537dd3a___Matt.S_CG 6572.JPG,Tomato_Septoria_leaf_spot,PlantVillage external crop disease dataset
data/PlantVillage/Tomato_Spider_mites_Two_spotted_spider_mite/2fd0efb7-d0fd-4c57-ba78-8e6a3fc5e149___Com.G_SpM_FL 8926.JPG,Tomato_Spider_mites_Two_spotted_spider_mite,PlantVillage external crop disease dataset
data/PlantVillage/Tomato_Bacterial_spot/06d99389-13fd-4fd1-8734-eb82ea657ce3___UF.GRC_BS_Lab Leaf 8896.JPG,Tomato_Bacterial_spot,PlantVillage external crop disease dataset
data/PlantVillage/Tomato__Target_Spot/0abb0bf0-8a1e-4699-80ee-c434385d9514___Com.G_TgS_FL 8115.JPG,Tomato__Target_Spot,PlantVillage external crop disease dataset
data/PlantVillage/Tomato__Tomato_YellowLeaf__Curl_Virus/050c429f-7779-4952-8911-d4d255e00295___YLCV_GCREC 2868.JPG,Tomato__Tomato_YellowLeaf__Curl_Virus,PlantVillage external crop disease dataset
data/PlantVillage/Tomato_Spider_mites_Two_spotted_spider_mite/01963a97-0507-43a6-ae4a-1afd8e0c4f3e___Com.G_SpM_FL 1217.JPG,Tomato_Spider_mites_Two_spotted_spider_mite,PlantVillage external crop disease dataset
data/PlantVillage/Tomato_Spider_mites_Two_spotted_spider_mite/28dbca1c-1fc6-4d8f-a1b9-c81314280954___Com.G_SpM_FL 1249.JPG,Tomato_Spider_mites_Two_spotted_spider_mite,PlantVillage external crop disease dataset
data/PlantVillage/Potato___Late_blight/30920583-57a6-4cc2-81d6-84879ec3af46___RS_LB 4930.JPG,Potato___Late_blight,PlantVillage external crop disease dataset
data/PlantVillage/Potato___Early_blight/201fed44-8dde-4ece-9e76-3706b8afdf46___RS_Early.B 8259.JPG,Potato___Early_blight,PlantVillage external crop disease dataset
data/PlantVillage/PlantVillage/Pepper__bell___Bacterial_spot/22fff6df-23e0-4160-b9d8-166168d03147___NREC_B.Spot 9117.JPG,PlantVillage,PlantVillage external crop disease dataset
data/PlantVillage/Potato___Late_blight/2657bf2b-c03e-4ec6-bf6a-4afe8645acec___RS_LB 3110.JPG,Potato___Late_blight,PlantVillage external crop disease dataset
data/PlantVillage/Tomato_Late_blight/13533985-e30d-4023-8bd3-7a45b07816ca___RS_Late.B 5593.JPG,Tomato_Late_blight,PlantVillage external crop disease dataset
data/PlantVillage/Tomato_Early_blight/150cfe75-133e-4e98-90cb-de96a8120c03___RS_Erly.B 9414.JPG,Tomato_Early_blight,PlantVillage external crop disease dataset
data/PlantVillage/Tomato_Leaf_Mold/0ba88812-fa4f-4602-bcec-c03cd7d0ba2b___Crnl_L.Mold 6990.JPG,Tomato_Leaf_Mold,PlantVillage external crop disease dataset
data/PlantVillage/Tomato_Late_blight/16c1763a-8e49-436c-865e-be56d8dadf4f___GHLB2 Leaf 9107.JPG,Tomato_Late_blight,PlantVillage external crop disease dataset
data/PlantVillage/Tomato_Leaf_Mold/13287ee6-523d-4cc9-b537-6df918dae5a2___Crnl_L.Mold 6528.JPG,Tomato_Leaf_Mold,PlantVillage external crop disease dataset
data/PlantVillage/Tomato__Tomato_mosaic_virus/02cb8c4e-4542-4020-bb46-025de54d97ae___PSU_CG 2098.JPG,Tomato__Tomato_mosaic_virus,PlantVillage external crop disease dataset
data/PlantVillage/PlantVillage/Pepper__bell___Bacterial_spot/1d89d58f-09d2-42ee-a9dc-11e51d0a1635___JR_B.Spot 8826.JPG,PlantVillage,PlantVillage external crop disease dataset
data/PlantVillage/Tomato_healthy/1bfeed83-f119-46cd-b806-0e17e1dae136___RS_HL 0017.JPG,Tomato_healthy,PlantVillage external crop disease dataset
data/PlantVillage/Tomato__Tomato_YellowLeaf__Curl_Virus/039bfc48-4bbe-4455-88b8-f0723211fed8___YLCV_NREC 2477.JPG,Tomato__Tomato_YellowLeaf__Curl_Virus,PlantVillage external crop disease dataset
data/PlantVillage/Tomato__Tomato_YellowLeaf__Curl_Virus/072273b4-ef9e-44ac-941b-4de99c9f2b2e___YLCV_GCREC 2472.JPG,Tomato__Tomato_YellowLeaf__Curl_Virus,PlantVillage external crop disease dataset
data/PlantVillage/Pepper__bell___healthy/0eb476b9-8b21-4b24-adef-7db813abbca3___JR_HL 7926.JPG,Pepper__bell___healthy,PlantVillage external crop disease dataset
data/PlantVillage/Tomato__Tomato_YellowLeaf__Curl_Virus/03d6f96a-c309-4f34-94a3-6d6c3064eaf5___YLCV_GCREC 2841.JPG,Tomato__Tomato_YellowLeaf__Curl_Virus,PlantVillage external crop disease dataset
data/PlantVillage/Tomato_Spider_mites_Two_spotted_spider_mite/222f7028-4365-4d2e-ba07-aeb02d58f3f3___Com.G_SpM_FL 8636.JPG,Tomato_Spider_mites_Two_spotted_spider_mite,PlantVillage external crop disease dataset
data/PlantVillage/Pepper__bell___healthy/24711a2b-ec05-461e-913c-6cc65ec3b87e___JR_HL 8648.JPG,Pepper__bell___healthy,PlantVillage external crop disease dataset
data/PlantVillage/Potato___Late_blight/0f6eac3b-d674-4c4d-ab3a-88689feec07f___RS_LB 5232.JPG,Potato___Late_blight,PlantVillage external crop disease dataset
data/PlantVillage/Potato___Early_blight/4efd8455-c6ef-4e25-abad-d4d273f84c28___RS_Early.B 8128.JPG,Potato___Early_blight,PlantVillage external crop disease dataset
data/PlantVillage/Tomato_Bacterial_spot/0f3160b6-4cd4-486f-b0cf-269e406c41b5___GCREC_Bact.Sp 3522.JPG,Tomato_Bacterial_spot,PlantVillage external crop disease dataset
data/PlantVillage/PlantVillage/Pepper__bell___Bacterial_spot/16e558e3-0aa4-472b-b393-eae1fb4fd62e___NREC_B.Spot 1875.JPG,PlantVillage,PlantVillage external crop disease dataset
data/PlantVillage/Tomato_Leaf_Mold/20bfb40a-3fac-43d0-8864-feb28b97b9cd___Crnl_L.Mold 6849.JPG,Tomato_Leaf_Mold,PlantVillage external crop disease dataset
data/PlantVillage/Potato___Late_blight/04bbcc55-93d3-4a19-9137-8de036a8a4db___RS_LB 2647.JPG,Potato___Late_blight,PlantVillage external crop disease dataset
data/PlantVillage/PlantVillage/Pepper__bell___Bacterial_spot/0b27c03f-b3bc-4d96-9b76-6fbd779404b9___NREC_B.Spot 1799.JPG,PlantVillage,PlantVillage external crop disease dataset
data/PlantVillage/Tomato_Spider_mites_Two_spotted_spider_mite/1075cc73-3ea9-47c1-a92d-98cda4b222b7___Com.G_SpM_FL 9467.JPG,Tomato_Spider_mites_Two_spotted_spider_mite,PlantVillage external crop disease dataset
data/PlantVillage/Pepper__bell___Bacterial_spot/2def1cb7-36cf-4aed-a8e5-ad7864721a44___JR_B.Spot 8915.JPG,Pepper__bell___Bacterial_spot,PlantVillage external crop disease dataset
data/PlantVillage/Tomato__Tomato_YellowLeaf__Curl_Virus/0c9f5882-6af4-4472-8504-0987cdb4048a___UF.GRC_YLCV_Lab 01610.JPG,Tomato__Tomato_YellowLeaf__Curl_Virus,PlantVillage external crop disease dataset
data/PlantVillage/Tomato_Early_blight/1e503089-ae6a-4340-8c3c-f44cbaa6cf6f___RS_Erly.B 8264.JPG,Tomato_Early_blight,PlantVillage external crop disease dataset
data/PlantVillage/Potato___Early_blight/0ede4acd-3685-40d9-b52b-7b3cb6536fa8___RS_Early.B 7377.JPG,Potato___Early_blight,PlantVillage external crop disease dataset
data/PlantVillage/Tomato_Spider_mites_Two_spotted_spider_mite/2ec0c679-521d-455f-8741-067470353fe3___Com.G_SpM_FL 8795.JPG,Tomato_Spider_mites_Two_spotted_spider_mite,PlantVillage external crop disease dataset
data/PlantVillage/Pepper__bell___healthy/08881481-53d5-412c-8d65-13c4edc6e3c1___JR_HL 8166.JPG,Pepper__bell___healthy,PlantVillage external crop disease dataset
data/PlantVillage/Potato___Late_blight/38e8e3d1-7c0e-4d66-a926-79538ceadf07___RS_LB 4130.JPG,Potato___Late_blight,PlantVillage external crop disease dataset
data/PlantVillage/Pepper__bell___healthy/2ddd4ad3-221e-4400-a188-0c5ae7a18403___JR_HL 8154.JPG,Pepper__bell___healthy,PlantVillage external crop disease dataset
data/PlantVillage/Pepper__bell___Bacterial_spot/260e0075-466d-4aa2-8ad6-825cce898cdb___JR_B.Spot 9065.JPG,Pepper__bell___Bacterial_spot,PlantVillage external crop disease dataset
data/PlantVillage/Tomato_Septoria_leaf_spot/2c6373dc-0616-4792-9765-7f3962406a12___Matt.S_CG 6754.JPG,Tomato_Septoria_leaf_spot,PlantVillage external crop disease dataset
data/PlantVillage/Tomato__Tomato_mosaic_virus/7d35f41d-27d1-4ff8-8527-54ca210a47b5___PSU_CG 2359.JPG,Tomato__Tomato_mosaic_virus,PlantVillage external crop disease dataset
data/PlantVillage/Potato___Early_blight/422fa1a6-d0f7-4634-9233-0d002ff139ae___RS_Early.B 7218.JPG,Potato___Early_blight,PlantVillage external crop disease dataset
data/PlantVillage/Tomato_Early_blight/074bc781-f586-46b0-bef5-0237e3bf5043___RS_Erly.B 8375.JPG,Tomato_Early_blight,PlantVillage external crop disease dataset
data/PlantVillage/Tomato__Tomato_mosaic_virus/ba31b5ca-1a78-46f9-a76a-c203d81077d4___PSU_CG 2401.JPG,Tomato__Tomato_mosaic_virus,PlantVillage external crop disease dataset
data/PlantVillage/PlantVillage/Pepper__bell___Bacterial_spot/4683ce17-7653-4718-95a5-7158f3094640___NREC_B.Spot 9196.JPG,PlantVillage,PlantVillage external crop disease dataset
data/PlantVillage/Tomato_Early_blight/1c057b5e-9ad7-4d51-b407-c60637005a13___RS_Erly.B 7594.JPG,Tomato_Early_blight,PlantVillage external crop disease dataset
data/PlantVillage/Potato___Late_blight/1a68ab56-2000-4d7a-ad4a-88d300104b7d___RS_LB 2594.JPG,Potato___Late_blight,PlantVillage external crop disease dataset
data/PlantVillage/Tomato_Late_blight/207dbe65-2d3b-4820-ab49-2a1db65f9bec___RS_Late.B 5485.JPG,Tomato_Late_blight,PlantVillage external crop disease dataset
data/PlantVillage/Tomato_Septoria_leaf_spot/1eb51af9-a622-4f97-a47b-b7474771d414___JR_Sept.L.S 2455.JPG,Tomato_Septoria_leaf_spot,PlantVillage external crop disease dataset
data/PlantVillage/Tomato_Early_blight/3253ff4e-90ab-475a-89d2-f99875c53367___RS_Erly.B 8356.JPG,Tomato_Early_blight,PlantVillage external crop disease dataset
data/PlantVillage/Potato___healthy/d227e4c8-e203-4aa4-b813-25b96baa2869___RS_HL 1831.JPG,Potato___healthy,PlantVillage external crop disease dataset
data/PlantVillage/Tomato_Early_blight/240300f1-a601-4363-84e8-670af8a124a1___RS_Erly.B 7762.JPG,Tomato_Early_blight,PlantVillage external crop disease dataset
data/PlantVillage/Pepper__bell___Bacterial_spot/276e68d4-8a80-4260-a47d-da9eb588bb7b___JR_B.Spot 3319.JPG,Pepper__bell___Bacterial_spot,PlantVillage external crop disease dataset
data/PlantVillage/Tomato_Leaf_Mold/0eda4dc5-7f7b-4e27-9e53-1e0326eef88e___Crnl_L.Mold 8850.JPG,Tomato_Leaf_Mold,PlantVillage external crop disease dataset
data/PlantVillage/Tomato_Bacterial_spot/18f11c42-356f-4f3a-bc6d-f770dd101ba4___GCREC_Bact.Sp 5631.JPG,Tomato_Bacterial_spot,PlantVillage external crop disease dataset
data/PlantVillage/Potato___Late_blight/1a6fc494-81dd-4649-ad8d-a5a6e58a2aa7___RS_LB 2618.JPG,Potato___Late_blight,PlantVillage external crop disease dataset
data/PlantVillage/Tomato__Tomato_mosaic_virus/9fb02b86-77fe-450a-a85e-276cf7d1c1fb___PSU_CG 2376.JPG,Tomato__Tomato_mosaic_virus,PlantVillage external crop disease dataset
data/PlantVillage/Pepper__bell___Bacterial_spot/365ab78f-6a75-49ef-acb8-44b8b21fac2c___NREC_B.Spot 9159.JPG,Pepper__bell___Bacterial_spot,PlantVillage external crop disease dataset
data/PlantVillage/Tomato_Late_blight/18568211-18d7-453f-84a4-d22e2088ec33___RS_Late.B 5239.JPG,Tomato_Late_blight,PlantVillage external crop disease dataset
data/PlantVillage/Tomato_Early_blight/342d78c9-af97-4325-ad0f-0f12e0a206c2___RS_Erly.B 7406.JPG,Tomato_Early_blight,PlantVillage external crop disease dataset
data/PlantVillage/Tomato_Leaf_Mold/41836b15-e96b-4d31-98c5-f9078970dd21___Crnl_L.Mold 6530.JPG,Tomato_Leaf_Mold,PlantVillage external crop disease dataset
data/PlantVillage/Tomato_Late_blight/098f19fb-1064-4c96-9498-70adcd29f5ae___GHLB2 Leaf 8973.JPG,Tomato_Late_blight,PlantVillage external crop disease dataset
data/PlantVillage/Tomato__Tomato_YellowLeaf__Curl_Virus/05df622c-d852-4890-8377-73c311cb5634___YLCV_GCREC 2854.JPG,Tomato__Tomato_YellowLeaf__Curl_Virus,PlantVillage external crop disease dataset
data/PlantVillage/Tomato_Leaf_Mold/559675ba-6f1c-4d85-b66d-849c6b8845d4___Crnl_L.Mold 8651.JPG,Tomato_Leaf_Mold,PlantVillage external crop disease dataset
data/PlantVillage/Tomato_Leaf_Mold/1d25cb12-499f-453f-9a62-dbc3fd20b220___Crnl_L.Mold 7061.JPG,Tomato_Leaf_Mold,PlantVillage external crop disease dataset
data/PlantVillage/Tomato__Target_Spot/0f5f2efc-3544-4fbc-8dcc-e623577596bc___Com.G_TgS_FL 9869.JPG,Tomato__Target_Spot,PlantVillage external crop disease dataset
data/PlantVillage/Tomato_Leaf_Mold/091238ce-b84c-4629-a8b2-ba78254bd2e0___Crnl_L.Mold 8788.JPG,Tomato_Leaf_Mold,PlantVillage external crop disease dataset
data/PlantVillage/Tomato_Septoria_leaf_spot/24e690fe-3696-49c3-ae2d-7ea5dd4aeb48___JR_Sept.L.S 2466.JPG,Tomato_Septoria_leaf_spot,PlantVillage external crop disease dataset
data/PlantVillage/Tomato_Early_blight/4803a0a5-ac23-431f-b792-d60a25a268bd___RS_Erly.B 9508.JPG,Tomato_Early_blight,PlantVillage external crop disease dataset
data/PlantVillage/Tomato__Tomato_YellowLeaf__Curl_Virus/0ae9ff61-7285-4683-897e-a9703ead6307___YLCV_NREC 2199.JPG,Tomato__Tomato_YellowLeaf__Curl_Virus,PlantVillage external crop disease dataset
data/PlantVillage/Tomato_Leaf_Mold/27867fa8-39ae-4480-936e-1adcdceeb7fb___Crnl_L.Mold 6924.JPG,Tomato_Leaf_Mold,PlantVillage external crop disease dataset
data/PlantVillage/PlantVillage/Pepper__bell___Bacterial_spot/18df58d7-c6ac-48e5-8cb0-596b70252a8e___NREC_B.Spot 9153.JPG,PlantVillage,PlantVillage external crop disease dataset
data/PlantVillage/Tomato__Tomato_YellowLeaf__Curl_Virus/0a59259c-71e7-4d92-a232-d9d04e924aac___UF.GRC_YLCV_Lab 01709.JPG,Tomato__Tomato_YellowLeaf__Curl_Virus,PlantVillage external crop disease dataset
data/PlantVillage/Tomato_Bacterial_spot/19a19d0b-373f-497a-89bf-ea941ff5e12b___GCREC_Bact.Sp 3124.JPG,Tomato_Bacterial_spot,PlantVillage external crop disease dataset
data/PlantVillage/Tomato_Leaf_Mold/4c11a95e-122b-4e5e-a90c-cb550f8f6bb2___Crnl_L.Mold 7176.JPG,Tomato_Leaf_Mold,PlantVillage external crop disease dataset
data/PlantVillage/Pepper__bell___Bacterial_spot/37fbacb5-ed9d-48f2-bf19-37656ff7c317___JR_B.Spot 3307.JPG,Pepper__bell___Bacterial_spot,PlantVillage external crop disease dataset
data/PlantVillage/Tomato_Spider_mites_Two_spotted_spider_mite/2339bb0d-0389-46c0-9c13-dd5689506143___Com.G_SpM_FL 8516.JPG,Tomato_Spider_mites_Two_spotted_spider_mite,PlantVillage external crop disease dataset
data/PlantVillage/Pepper__bell___healthy/1d6e01ff-affd-4867-895d-fb82b6b0dce3___JR_HL 7952.JPG,Pepper__bell___healthy,PlantVillage external crop disease dataset
data/PlantVillage/Tomato_Spider_mites_Two_spotted_spider_mite/15b12baa-1e1f-4105-9c7a-6efd0bf0aa56___Com.G_SpM_FL 1701.JPG,Tomato_Spider_mites_Two_spotted_spider_mite,PlantVillage external crop disease dataset
data/PlantVillage/Pepper__bell___Bacterial_spot/055a84c4-8286-4b44-816a-66b82d3bd4bc___NREC_B.Spot 9105.JPG,Pepper__bell___Bacterial_spot,PlantVillage external crop disease dataset
data/PlantVillage/Tomato_Early_blight/1d1d79c6-824d-4c48-bd59-c83a5cf29229___RS_Erly.B 9547.JPG,Tomato_Early_blight,PlantVillage external crop disease dataset
data/PlantVillage/Tomato__Tomato_YellowLeaf__Curl_Virus/09397385-9a50-4d0a-bc52-bccfd6aa7c59___UF.GRC_YLCV_Lab 01763.JPG,Tomato__Tomato_YellowLeaf__Curl_Virus,PlantVillage external crop disease dataset
data/PlantVillage/Potato___Early_blight/29f79006-adf2-4d71-a6a8-bfc02c020b71___RS_Early.B 6833.JPG,Potato___Early_blight,PlantVillage external crop disease dataset
data/PlantVillage/Tomato_Early_blight/3205c4f9-9dd4-44ce-8e4c-0bd93405d60b___RS_Erly.B 6331.JPG,Tomato_Early_blight,PlantVillage external crop disease dataset
data/PlantVillage/Tomato_Late_blight/1a69b38b-c4eb-42c4-9584-bcb14fb8db0c___GHLB2 Leaf 9011.JPG,Tomato_Late_blight,PlantVillage external crop disease dataset
data/PlantVillage/Tomato_Early_blight/38b7f839-7d01-4062-a858-a64b841b7996___RS_Erly.B 7390.JPG,Tomato_Early_blight,PlantVillage external crop disease dataset
data/PlantVillage/Tomato_Leaf_Mold/1826cec0-4c4e-4924-a992-e70eb2a0097e___Crnl_L.Mold 6638.JPG,Tomato_Leaf_Mold,PlantVillage external crop disease dataset
data/PlantVillage/Tomato_Bacterial_spot/1359bde0-60d2-497b-8a90-d59f9efb5fc1___GCREC_Bact.Sp 3278.JPG,Tomato_Bacterial_spot,PlantVillage external crop disease dataset
data/PlantVillage/Tomato__Tomato_mosaic_virus/875b2d3c-44cd-440c-8807-8f52b1e7d45a___PSU_CG 2318.JPG,Tomato__Tomato_mosaic_virus,PlantVillage external crop disease dataset
data/PlantVillage/Tomato_Early_blight/17d051ce-efe1-486e-b5ed-b71b1317a9f0___RS_Erly.B 9614.JPG,Tomato_Early_blight,PlantVillage external crop disease dataset
data/PlantVillage/Potato___Early_blight/1c4e0445-375a-4c5d-b6fd-6123d22f009f___RS_Early.B 7972.JPG,Potato___Early_blight,PlantVillage external crop disease dataset
data/PlantVillage/Tomato_healthy/125ff07a-87f1-4953-9ded-8f9e5adb7b1b___RS_HL 0470.JPG,Tomato_healthy,PlantVillage external crop disease dataset
data/PlantVillage/PlantVillage/Pepper__bell___Bacterial_spot/0705b53e-4c54-4fce-9bc0-833db0619f3d___JR_B.Spot 9068.JPG,PlantVillage,PlantVillage external crop disease dataset
data/PlantVillage/Potato___Late_blight/42b19bb3-68b6-4c46-a626-f7480718360a___RS_LB 4686.JPG,Potato___Late_blight,PlantVillage external crop disease dataset
data/PlantVillage/Tomato_Septoria_leaf_spot/2b63b39d-7d3b-4421-9d68-b81b0862977b___Keller.St_CG 2025.JPG,Tomato_Septoria_leaf_spot,PlantVillage external crop disease dataset
data/PlantVillage/Pepper__bell___healthy/2f9b8f31-1d11-4559-9899-cfe9f92bcc2c___JR_HL 8406.JPG,Pepper__bell___healthy,PlantVillage external crop disease dataset
data/PlantVillage/Tomato_Leaf_Mold/13611825-494e-4068-8be4-68de001adbf8___Crnl_L.Mold 6965.JPG,Tomato_Leaf_Mold,PlantVillage external crop disease dataset
data/PlantVillage/Pepper__bell___Bacterial_spot/0c4e75b2-e4aa-437e-815c-636271d66bec___JR_B.Spot 3244.JPG,Pepper__bell___Bacterial_spot,PlantVillage external crop disease dataset
data/PlantVillage/Tomato_Late_blight/0545d961-8c4c-43ee-9574-e05d7682a99f___GHLB2 Leaf 8631.JPG,Tomato_Late_blight,PlantVillage external crop disease dataset
data/PlantVillage/Tomato_Late_blight/15f05055-2bb1-45f7-8a39-fce071823266___RS_Late.B 6082.JPG,Tomato_Late_blight,PlantVillage external crop disease dataset
data/PlantVillage/Tomato_Septoria_leaf_spot/2423106f-b2fd-45ed-ac52-69c093b39826___Matt.S_CG 2737.JPG,Tomato_Septoria_leaf_spot,PlantVillage external crop disease dataset
data/PlantVillage/Pepper__bell___Bacterial_spot/20a9aed4-ba56-413d-b88d-f4491cf184b3___JR_B.Spot 3265.JPG,Pepper__bell___Bacterial_spot,PlantVillage external crop disease dataset
data/PlantVillage/Pepper__bell___Bacterial_spot/177e323a-7c1d-41f2-a6b3-8ea30795054f___JR_B.Spot 8941.JPG,Pepper__bell___Bacterial_spot,PlantVillage external crop disease dataset
data/PlantVillage/Tomato__Tomato_YellowLeaf__Curl_Virus/0b29fe6c-b8da-4a5e-b94a-79b0b42fd905___UF.GRC_YLCV_Lab 01813.JPG,Tomato__Tomato_YellowLeaf__Curl_Virus,PlantVillage external crop disease dataset
data/PlantVillage/Tomato__Target_Spot/301b5d55-0a07-4135-8a65-0314a4b50fe8___Com.G_TgS_FL 8161.JPG,Tomato__Target_Spot,PlantVillage external crop disease dataset
data/PlantVillage/PlantVillage/Pepper__bell___Bacterial_spot/0169b9ac-07b9-4be1-8b85-da94481f05a4___NREC_B.Spot 9169.JPG,PlantVillage,PlantVillage external crop disease dataset
data/PlantVillage/Potato___Late_blight/3f24e6f6-ff9f-4416-9fce-b8153a030de2___RS_LB 2730.JPG,Potato___Late_blight,PlantVillage external crop disease dataset
data/PlantVillage/Tomato__Tomato_mosaic_virus/5f45109b-365d-47f2-9921-07e576ac9a93___PSU_CG 2314.JPG,Tomato__Tomato_mosaic_virus,PlantVillage external crop disease dataset
data/PlantVillage/Tomato_Late_blight/10d91c8f-6d77-4c15-ad21-459688b52055___GHLB2 Leaf 154.4.JPG,Tomato_Late_blight,PlantVillage external crop disease dataset
data/PlantVillage/Tomato_healthy/17cffb66-bb7f-433c-88b4-442c1f4e8cb4___RS_HL 9708.JPG,Tomato_healthy,PlantVillage external crop disease dataset
data/PlantVillage/Potato___healthy/22322780-95b4-4b45-b626-26b22965d55e___RS_HL 1880.JPG,Potato___healthy,PlantVillage external crop disease dataset
data/PlantVillage/Tomato__Tomato_mosaic_virus/14112644-0ec3-465b-af00-ac2286d8e15f___PSU_CG 2344.JPG,Tomato__Tomato_mosaic_virus,PlantVillage external crop disease dataset
data/PlantVillage/Tomato_Early_blight/2c9fda20-f414-4aaa-8798-faf6bc38f014___RS_Erly.B 6491.JPG,Tomato_Early_blight,PlantVillage external crop disease dataset
data/PlantVillage/Potato___healthy/d50a580b-46bd-47f5-a0bf-8535da774104___RS_HL 5408.JPG,Potato___healthy,PlantVillage external crop disease dataset
data/PlantVillage/Tomato_healthy/0a31e630-0d98-416b-b0e4-88a88aad1dc5___RS_HL 9653.JPG,Tomato_healthy,PlantVillage external crop disease dataset
data/PlantVillage/Potato___healthy/bde33d08-678c-4f84-b80e-fcb986a9a446___RS_HL 5415.JPG,Potato___healthy,PlantVillage external crop disease dataset
data/PlantVillage/PlantVillage/Pepper__bell___Bacterial_spot/3af826c4-e8d8-472f-b4cf-d1a34bc2cd35___NREC_B.Spot 9051.JPG,PlantVillage,PlantVillage external crop disease dataset
data/PlantVillage/Tomato_Early_blight/40b67c0a-5dd8-435c-80ed-764593d2147a___RS_Erly.B 7577.JPG,Tomato_Early_blight,PlantVillage external crop disease dataset
data/PlantVillage/Tomato_Bacterial_spot/23642d88-83e5-491d-b9f2-7ddac809975b___GCREC_Bact.Sp 6186.JPG,Tomato_Bacterial_spot,PlantVillage external crop disease dataset
data/PlantVillage/Tomato__Tomato_YellowLeaf__Curl_Virus/003bce78-28c9-4612-b148-f621e9a23bd4___YLCV_GCREC 5154.JPG,Tomato__Tomato_YellowLeaf__Curl_Virus,PlantVillage external crop disease dataset
data/PlantVillage/Tomato_Spider_mites_Two_spotted_spider_mite/0ac9558f-1e02-4498-9584-887627587bc0___Com.G_SpM_FL 1148.JPG,Tomato_Spider_mites_Two_spotted_spider_mite,PlantVillage external crop disease dataset
data/PlantVillage/Tomato_Early_blight/467b230b-ca0c-4f44-bf22-3e6e0454d51a___RS_Erly.B 9429.JPG,Tomato_Early_blight,PlantVillage external crop disease dataset
data/PlantVillage/PlantVillage/Pepper__bell___Bacterial_spot/0a0dbf1f-1131-496f-b337-169ec6693e6f___NREC_B.Spot 9241.JPG,PlantVillage,PlantVillage external crop disease dataset
data/PlantVillage/Tomato_Leaf_Mold/10671d95-f882-4e19-994f-b35917d2c763___Crnl_L.Mold 9098.JPG,Tomato_Leaf_Mold,PlantVillage external crop disease dataset
data/PlantVillage/Tomato_Spider_mites_Two_spotted_spider_mite/149e2f8c-8527-4d6b-b661-a2c1324b1fd0___Com.G_SpM_FL 1634.JPG,Tomato_Spider_mites_Two_spotted_spider_mite,PlantVillage external crop disease dataset
data/PlantVillage/PlantVillage/Pepper__bell___Bacterial_spot/162f0add-8d7d-477f-a724-cdfc2cc7de77___NREC_B.Spot 9154.JPG,PlantVillage,PlantVillage external crop disease dataset
data/PlantVillage/Tomato_Septoria_leaf_spot/0bbf4db7-38a1-4d5c-8fd7-503e9f37ef8f___Matt.S_CG 7848.JPG,Tomato_Septoria_leaf_spot,PlantVillage external crop disease dataset
data/PlantVillage/Pepper__bell___Bacterial_spot/39875cb8-3958-46b9-a9dc-f810f353af5a___JR_B.Spot 3321.JPG,Pepper__bell___Bacterial_spot,PlantVillage external crop disease dataset
data/PlantVillage/Potato___healthy/5fcbde8f-52af-4963-b324-ff7f4dd6bd4c___RS_HL 1762.JPG,Potato___healthy,PlantVillage external crop disease dataset
data/PlantVillage/Pepper__bell___Bacterial_spot/0915c9a9-25b0-4728-be01-86e5cecb57df___NREC_B.Spot 1816.JPG,Pepper__bell___Bacterial_spot,PlantVillage external crop disease dataset
data/PlantVillage/Tomato_Early_blight/38c6a01b-91c0-431b-8f58-05fa43cf94b7___RS_Erly.B 9408.JPG,Tomato_Early_blight,PlantVillage external crop disease dataset
data/PlantVillage/Tomato_Late_blight/0b137624-885b-4d9b-b9e6-330c6681de4b___GHLB2 Leaf 8848.JPG,Tomato_Late_blight,PlantVillage external crop disease dataset
data/PlantVillage/Tomato__Tomato_YellowLeaf__Curl_Virus/0ca720d9-bea9-4ae0-ae2c-11d58f58cd1c___YLCV_NREC 2931.JPG,Tomato__Tomato_YellowLeaf__Curl_Virus,PlantVillage external crop disease dataset
data/PlantVillage/Tomato__Target_Spot/16717301-b559-40aa-94ce-d6a9f6e3f656___Com.G_TgS_FL 9886.JPG,Tomato__Target_Spot,PlantVillage external crop disease dataset
data/PlantVillage/Tomato_Leaf_Mold/3dde4593-cc1e-4d3e-8cb4-d1a87f9f5b8c___Crnl_L.Mold 8740.JPG,Tomato_Leaf_Mold,PlantVillage external crop disease dataset
data/PlantVillage/Tomato__Tomato_YellowLeaf__Curl_Virus/0d95d4d3-9623-4c1a-a30d-9128a6d04b81___UF.GRC_YLCV_Lab 09449.JPG,Tomato__Tomato_YellowLeaf__Curl_Virus,PlantVillage external crop disease dataset
data/PlantVillage/Tomato_healthy/22e6625c-8075-428b-8356-fc6a97660efc___GH_HL Leaf 444.JPG,Tomato_healthy,PlantVillage external crop disease dataset
data/PlantVillage/Tomato_Septoria_leaf_spot/0ab271a7-765e-4675-8bfc-e249c0c86fdd___Keller.St_CG 1778.JPG,Tomato_Septoria_leaf_spot,PlantVillage external crop disease dataset
data/PlantVillage/Tomato_Late_blight/1aa88c5b-384f-43cf-8046-0d32d26a1133___GHLB Leaf 24 Day 12.JPG,Tomato_Late_blight,PlantVillage external crop disease dataset
data/PlantVillage/Tomato_Bacterial_spot/0e3ded7b-0b9e-4c11-9db7-38eba7e0bdb2___GCREC_Bact.Sp 3598.JPG,Tomato_Bacterial_spot,PlantVillage external crop disease dataset
data/PlantVillage/Potato___Late_blight/489107b2-13f2-401b-b931-39ca7fd4be2b___RS_LB 2665.JPG,Potato___Late_blight,PlantVillage external crop disease dataset
data/PlantVillage/Tomato_Late_blight/06913075-dad1-4047-b5a2-74fe680efa3b___RS_Late.B 6048.JPG,Tomato_Late_blight,PlantVillage external crop disease dataset
data/PlantVillage/Potato___healthy/20ac28d6-5708-4e31-8676-1b1979de094f___RS_HL 1735.JPG,Potato___healthy,PlantVillage external crop disease dataset
data/PlantVillage/Tomato_Late_blight/1430346f-f3f2-4766-bd0e-c6f9316851e9___RS_Late.B 6311.JPG,Tomato_Late_blight,PlantVillage external crop disease dataset
data/PlantVillage/Tomato_Early_blight/0f111718-a749-42cf-9495-412f4b51acf0___RS_Erly.B 7482.JPG,Tomato_Early_blight,PlantVillage external crop disease dataset
data/PlantVillage/Tomato__Target_Spot/205f692a-698d-4572-9b11-b293092cd269___Com.G_TgS_FL 8205.JPG,Tomato__Target_Spot,PlantVillage external crop disease dataset
data/PlantVillage/Tomato_Septoria_leaf_spot/0d12d6ee-bc90-413e-8638-e476cd8ba8ee___Keller.St_CG 1840.JPG,Tomato_Septoria_leaf_spot,PlantVillage external crop disease dataset
data/PlantVillage/Tomato_Late_blight/06c6a302-ae34-4d38-9e4b-3a6acdd42d91___GHLB2 Leaf 9047.JPG,Tomato_Late_blight,PlantVillage external crop disease dataset
data/PlantVillage/Pepper__bell___healthy/1ce80571-2358-4616-b04a-14bbdfd2af6b___JR_HL 8340.JPG,Pepper__bell___healthy,PlantVillage external crop disease dataset
data/PlantVillage/Pepper__bell___Bacterial_spot/01613cd0-d3cd-4e96-945c-a312002037bf___JR_B.Spot 3262.JPG,Pepper__bell___Bacterial_spot,PlantVillage external crop disease dataset
data/PlantVillage/Tomato__Target_Spot/18aec9e4-7df5-42ff-8465-748a8231ab0a___Com.G_TgS_FL 8101.JPG,Tomato__Target_Spot,PlantVillage external crop disease dataset
data/PlantVillage/Tomato_healthy/1457ca6a-4907-4c97-83f8-a0fa22135a27___RS_HL 0441.JPG,Tomato_healthy,PlantVillage external crop disease dataset
data/PlantVillage/PlantVillage/Pepper__bell___Bacterial_spot/3d6a3d51-8a9f-42ff-b4bf-299778c3e0a8___JR_B.Spot 3184.JPG,PlantVillage,PlantVillage external crop disease dataset
data/PlantVillage/Tomato_Septoria_leaf_spot/07679a50-9d8d-4612-80f4-464785781d56___JR_Sept.L.S 2727.JPG,Tomato_Septoria_leaf_spot,PlantVillage external crop disease dataset
data/PlantVillage/Pepper__bell___Bacterial_spot/28c448aa-4d2c-4a96-baf0-e7ed99ae2495___JR_B.Spot 3385.JPG,Pepper__bell___Bacterial_spot,PlantVillage external crop disease dataset
data/PlantVillage/Tomato__Target_Spot/0a3b6099-c254-4bc3-8360-53a9f558a0c4___Com.G_TgS_FL 8259.JPG,Tomato__Target_Spot,PlantVillage external crop disease dataset
data/PlantVillage/Pepper__bell___healthy/206df1c4-53c0-4678-9d2a-61f431aa7e73___JR_HL 8168.JPG,Pepper__bell___healthy,PlantVillage external crop disease dataset
data/PlantVillage/PlantVillage/Pepper__bell___Bacterial_spot/0c99cb45-b4e0-4ade-bba5-fab3b678f0bb___JR_B.Spot 8912.JPG,PlantVillage,PlantVillage external crop disease dataset
data/PlantVillage/Tomato_Leaf_Mold/38393031-c7ba-4221-b435-69047e14bff5___Crnl_L.Mold 8776.JPG,Tomato_Leaf_Mold,PlantVillage external crop disease dataset
data/PlantVillage/Potato___Late_blight/317a40c6-c4d8-4b4e-9878-4f742e7f409a___RS_LB 4462.JPG,Potato___Late_blight,PlantVillage external crop disease dataset
data/PlantVillage/Tomato__Tomato_mosaic_virus/597f8dc8-681f-49a8-8985-4ba5b181b53a___PSU_CG 2193.JPG,Tomato__Tomato_mosaic_virus,PlantVillage external crop disease dataset
data/PlantVillage/Potato___Early_blight/12826416-efc5-49d3-b615-731629c95435___RS_Early.B 7215.JPG,Potato___Early_blight,PlantVillage external crop disease dataset
data/PlantVillage/Tomato__Target_Spot/363a6f1d-d0d7-4991-9e07-643fd9d4631b___Com.G_TgS_FL 8196.JPG,Tomato__Target_Spot,PlantVillage external crop disease dataset
data/PlantVillage/Tomato_Early_blight/07409e2c-a730-4b11-b25e-31025bd63a91___RS_Erly.B 9578.JPG,Tomato_Early_blight,PlantVillage external crop disease dataset
data/PlantVillage/Tomato__Tomato_YellowLeaf__Curl_Virus/01512b8e-6589-41ce-82f1-e16a24da38e7___YLCV_GCREC 2099.JPG,Tomato__Tomato_YellowLeaf__Curl_Virus,PlantVillage external crop disease dataset
data/PlantVillage/Tomato_Late_blight/0220afd9-d40e-4b72-8405-78b417c7b8af___GHLB2 Leaf 8987.JPG,Tomato_Late_blight,PlantVillage external crop disease dataset
data/PlantVillage/Tomato__Tomato_mosaic_virus/0a7cc59f-b2b0-4201-9c4a-d91eca5c03a3___PSU_CG 2230.JPG,Tomato__Tomato_mosaic_virus,PlantVillage external crop disease dataset
data/PlantVillage/Potato___healthy/170f1f57-0fd4-421f-9c82-3b1804be63ad___RS_HL 1771.JPG,Potato___healthy,PlantVillage external crop disease dataset
data/PlantVillage/PlantVillage/Pepper__bell___Bacterial_spot/11092e1c-9fdc-4405-85b9-a8d7548f12bb___JR_B.Spot 9051.JPG,PlantVillage,PlantVillage external crop disease dataset
data/PlantVillage/PlantVillage/Pepper__bell___Bacterial_spot/0a9cfb27-280e-475a-bbb4-8eeaeff38b8c___NREC_B.Spot 9177.JPG,PlantVillage,PlantVillage external crop disease dataset
data/PlantVillage/Tomato_Spider_mites_Two_spotted_spider_mite/174b7a43-238b-4f06-84b0-d00b35857bb3___Com.G_SpM_FL 9267.JPG,Tomato_Spider_mites_Two_spotted_spider_mite,PlantVillage external crop disease dataset
data/PlantVillage/Tomato__Tomato_YellowLeaf__Curl_Virus/00b814ee-cfa9-489a-bed3-c1f927bef05a___YLCV_NREC 0220.JPG,Tomato__Tomato_YellowLeaf__Curl_Virus,PlantVillage external crop disease dataset
data/PlantVillage/Tomato__Tomato_YellowLeaf__Curl_Virus/0413b5b7-7e05-42ff-b2c6-385edce2dc1a___UF.GRC_YLCV_Lab 02756.JPG,Tomato__Tomato_YellowLeaf__Curl_Virus,PlantVillage external crop disease dataset
data/PlantVillage/Tomato_Bacterial_spot/1ff93f22-ad6e-4c74-a677-90e88d1b93df___GCREC_Bact.Sp 3532.JPG,Tomato_Bacterial_spot,PlantVillage external crop disease dataset
data/PlantVillage/Potato___Early_blight/1af20ff8-980d-4912-b337-804b09667de3___RS_Early.B 7392.JPG,Potato___Early_blight,PlantVillage external crop disease dataset
data/PlantVillage/Pepper__bell___Bacterial_spot/1b73d0ec-bad1-4d2d-878e-6aa209aa39d2___JR_B.Spot 9086.JPG,Pepper__bell___Bacterial_spot,PlantVillage external crop disease dataset
data/PlantVillage/Tomato_healthy/10a4a3bd-e4c3-4e1c-94bd-cd0cd4e2705b___GH_HL Leaf 526.JPG,Tomato_healthy,PlantVillage external crop disease dataset
data/PlantVillage/Tomato_Septoria_leaf_spot/1ea484d8-6ebf-4d95-81b1-1c7f78e92015___JR_Sept.L.S 8425.JPG,Tomato_Septoria_leaf_spot,PlantVillage external crop disease dataset
data/PlantVillage/Tomato_Spider_mites_Two_spotted_spider_mite/0a714292-45d6-483a-bbd0-2eab8fe72888___Com.G_SpM_FL 1496.JPG,Tomato_Spider_mites_Two_spotted_spider_mite,PlantVillage external crop disease dataset
data/PlantVillage/Tomato_healthy/1971e05b-fc5e-40c1-a4ff-c6a4c746693f___GH_HL Leaf 237.JPG,Tomato_healthy,PlantVillage external crop disease dataset
data/PlantVillage/Tomato_Late_blight/20b33342-6c05-4cab-9008-6f09548a0db9___RS_Late.B 5128.JPG,Tomato_Late_blight,PlantVillage external crop disease dataset
data/PlantVillage/Potato___healthy/e693354a-053c-4093-8642-cc8f5f9eb2cc___RS_HL 1746.JPG,Potato___healthy,PlantVillage external crop disease dataset
data/PlantVillage/Potato___Late_blight/146c4ea6-cf74-4607-9b8e-19c69c85ec86___RS_LB 4641.JPG,Potato___Late_blight,PlantVillage external crop disease dataset
data/PlantVillage/Tomato_Leaf_Mold/538d20ab-b01e-4d55-ad39-b0fbeb3babbe___Crnl_L.Mold 7002.JPG,Tomato_Leaf_Mold,PlantVillage external crop disease dataset
data/PlantVillage/Tomato_Leaf_Mold/22cb45f2-6368-4e94-8deb-939d1f6b85ca___Crnl_L.Mold 7084.JPG,Tomato_Leaf_Mold,PlantVillage external crop disease dataset
data/PlantVillage/Tomato_Septoria_leaf_spot/02b079eb-8c74-42bf-b956-d3aecdb9d4ad___JR_Sept.L.S 8522.JPG,Tomato_Septoria_leaf_spot,PlantVillage external crop disease dataset
data/PlantVillage/Tomato_Spider_mites_Two_spotted_spider_mite/057ecdbe-a9f1-47ff-8c5e-17ae92ff5670___Com.G_SpM_FL 8427.JPG,Tomato_Spider_mites_Two_spotted_spider_mite,PlantVillage external crop disease dataset
data/PlantVillage/Potato___Late_blight/48f93953-2de7-4724-9c7b-69dc13a47759___RS_LB 4977.JPG,Potato___Late_blight,PlantVillage external crop disease dataset
data/PlantVillage/PlantVillage/Pepper__bell___Bacterial_spot/3d87a319-d032-4bac-9b6c-0160a23531b9___NREC_B.Spot 1853.JPG,PlantVillage,PlantVillage external crop disease dataset
data/PlantVillage/Potato___Early_blight/0d2325ff-4e3e-44bf-9614-e5ad6c23fc16___RS_Early.B 6797.JPG,Potato___Early_blight,PlantVillage external crop disease dataset
data/PlantVillage/Pepper__bell___healthy/1b4b5b1f-9390-46c5-908a-d53b93059f5d___JR_HL 8379.JPG,Pepper__bell___healthy,PlantVillage external crop disease dataset
data/PlantVillage/Tomato__Tomato_mosaic_virus/696758e5-0f10-4599-b596-e9e7566c4791___PSU_CG 2062.JPG,Tomato__Tomato_mosaic_virus,PlantVillage external crop disease dataset
data/PlantVillage/Tomato_healthy/1e4aef32-09c5-4af8-8948-dc86bd8ef2e7___GH_HL Leaf 215.1.JPG,Tomato_healthy,PlantVillage external crop disease dataset
data/PlantVillage/Potato___Early_blight/38757e70-6278-4961-b1f3-19fccbb085f5___RS_Early.B 6968.JPG,Potato___Early_blight,PlantVillage external crop disease dataset
data/PlantVillage/Tomato__Tomato_YellowLeaf__Curl_Virus/0e1fda76-d958-490f-9fcb-21e86c99dbe6___UF.GRC_YLCV_Lab 02200.JPG,Tomato__Tomato_YellowLeaf__Curl_Virus,PlantVillage external crop disease dataset
data/PlantVillage/Tomato_Spider_mites_Two_spotted_spider_mite/19e981b0-9509-4564-8ece-284d1f6b497d___Com.G_SpM_FL 1288.JPG,Tomato_Spider_mites_Two_spotted_spider_mite,PlantVillage external crop disease dataset
data/PlantVillage/PlantVillage/Pepper__bell___Bacterial_spot/32927179-338a-4157-ab64-d5bea77834c1___JR_B.Spot 8933.JPG,PlantVillage,PlantVillage external crop disease dataset
data/PlantVillage/Tomato_Spider_mites_Two_spotted_spider_mite/1dac8b31-ebbc-4ff5-965c-19f58c368e9e___Com.G_SpM_FL 8843.JPG,Tomato_Spider_mites_Two_spotted_spider_mite,PlantVillage external crop disease dataset
data/PlantVillage/Potato___Late_blight/465165a0-33c0-4593-8324-03513e71079d___RS_LB 4445.JPG,Potato___Late_blight,PlantVillage external crop disease dataset
data/PlantVillage/Tomato_Early_blight/375a4113-c296-4b3a-897b-da6f4ac660dc___RS_Erly.B 6408.JPG,Tomato_Early_blight,PlantVillage external crop disease dataset
data/PlantVillage/Tomato__Tomato_YellowLeaf__Curl_Virus/09621d88-f15b-444a-880d-7b6d7db788ab___UF.GRC_YLCV_Lab 02604.JPG,Tomato__Tomato_YellowLeaf__Curl_Virus,PlantVillage external crop disease dataset
data/PlantVillage/Tomato_healthy/2d02a0d6-0734-4ac7-957f-44f2a011fdc3___RS_HL 0375.JPG,Tomato_healthy,PlantVillage external crop disease dataset
data/PlantVillage/Pepper__bell___Bacterial_spot/024623ab-be81-4d99-a653-c3be1495ce8e___JR_B.Spot 8889.JPG,Pepper__bell___Bacterial_spot,PlantVillage external crop disease dataset
data/PlantVillage/PlantVillage/Pepper__bell___Bacterial_spot/33763f26-1135-458f-8b2b-34897b8bb647___JR_B.Spot 3323.JPG,PlantVillage,PlantVillage external crop disease dataset
data/PlantVillage/Tomato_Septoria_leaf_spot/2dbb244d-4879-4607-82e9-1cd28ebee0da___Matt.S_CG 7813.JPG,Tomato_Septoria_leaf_spot,PlantVillage external crop disease dataset
data/PlantVillage/Tomato_Early_blight/45a51377-1fd4-45f3-bfdb-02d9d0953ab2___RS_Erly.B 9471.JPG,Tomato_Early_blight,PlantVillage external crop disease dataset
data/PlantVillage/Potato___Late_blight/3f6db123-4a6e-4b8a-9b26-954ccf29cc3c___RS_LB 4695.JPG,Potato___Late_blight,PlantVillage external crop disease dataset
data/PlantVillage/Tomato__Target_Spot/01e0b8b1-e713-4c6d-973b-f7636280c58a___Com.G_TgS_FL 9816.JPG,Tomato__Target_Spot,PlantVillage external crop disease dataset
data/PlantVillage/Tomato__Tomato_mosaic_virus/2324b02b-1f9d-46a2-82f2-23856019d516___PSU_CG 2382.JPG,Tomato__Tomato_mosaic_virus,PlantVillage external crop disease dataset
data/PlantVillage/Pepper__bell___healthy/337c9b27-d3a4-4e15-b61d-0ff21f717a45___JR_HL 7943.JPG,Pepper__bell___healthy,PlantVillage external crop disease dataset
data/PlantVillage/Potato___Late_blight/0f243024-b1fa-4f96-ac7e-ecaf6dc5bc37___RS_LB 4925.JPG,Potato___Late_blight,PlantVillage external crop disease dataset
data/PlantVillage/Tomato__Tomato_YellowLeaf__Curl_Virus/078b2cb7-33e2-4444-9ced-0d87a28da668___YLCV_NREC 2146.JPG,Tomato__Tomato_YellowLeaf__Curl_Virus,PlantVillage external crop disease dataset
data/PlantVillage/Potato___Late_blight/02282fee-ba3f-460e-91e0-630204ab96c2___RS_LB 5031.JPG,Potato___Late_blight,PlantVillage external crop disease dataset
data/PlantVillage/Pepper__bell___Bacterial_spot/43aa27d3-3a37-4245-8b20-984512abfc6c___JR_B.Spot 3386.JPG,Pepper__bell___Bacterial_spot,PlantVillage external crop disease dataset
data/PlantVillage/Tomato_Spider_mites_Two_spotted_spider_mite/1bb271cf-e12d-4536-a164-9a6a87002cd0___Com.G_SpM_FL 1593.JPG,Tomato_Spider_mites_Two_spotted_spider_mite,PlantVillage external crop disease dataset
data/PlantVillage/Tomato_Septoria_leaf_spot/1a2ce36b-89e9-43ea-9e54-b2da024c08fc___JR_Sept.L.S 8532.JPG,Tomato_Septoria_leaf_spot,PlantVillage external crop disease dataset
data/PlantVillage/Tomato_Bacterial_spot/088a515b-7dd2-469a-b921-6a7de9edb7db___GCREC_Bact.Sp 3365.JPG,Tomato_Bacterial_spot,PlantVillage external crop disease dataset
data/PlantVillage/PlantVillage/Pepper__bell___Bacterial_spot/179067a6-1012-4a23-8f09-e413300e9f32___NREC_B.Spot 9085.JPG,PlantVillage,PlantVillage external crop disease dataset
data/PlantVillage/Tomato_Leaf_Mold/0ddf82ad-9004-4913-ac9c-d00333d7c858___Crnl_L.Mold 7089.JPG,Tomato_Leaf_Mold,PlantVillage external crop disease dataset
data/PlantVillage/Tomato__Target_Spot/33af0d83-bbdd-4617-b5ba-e30b1f2f1101___Com.G_TgS_FL 9976.JPG,Tomato__Target_Spot,PlantVillage external crop disease dataset
data/PlantVillage/PlantVillage/Pepper__bell___Bacterial_spot/2cdea224-6f10-4a3d-a3f1-1debd1a42640___JR_B.Spot 8926.JPG,PlantVillage,PlantVillage external crop disease dataset
data/PlantVillage/Pepper__bell___Bacterial_spot/3d5f977b-126e-4c4b-b6c2-5d81a69cf2d0___JR_B.Spot 3220.JPG,Pepper__bell___Bacterial_spot,PlantVillage external crop disease dataset
data/PlantVillage/Potato___Late_blight/4337f628-ff14-4603-9120-8639c78cacea___RS_LB 3183.JPG,Potato___Late_blight,PlantVillage external crop disease dataset
data/PlantVillage/Tomato_Septoria_leaf_spot/057115de-0a9b-4e3a-b98f-7ba3ce174b8f___Keller.St_CG 1800.JPG,Tomato_Septoria_leaf_spot,PlantVillage external crop disease dataset
data/PlantVillage/Tomato_Septoria_leaf_spot/263f010b-28f0-493b-a5c2-099405b3a117___Keller.St_CG 1895.JPG,Tomato_Septoria_leaf_spot,PlantVillage external crop disease dataset
data/PlantVillage/Tomato_Septoria_leaf_spot/2b45f5a7-e6d1-4750-9e92-bda4c2ca8bf0___Matt.S_CG 7672.JPG,Tomato_Septoria_leaf_spot,PlantVillage external crop disease dataset
data/PlantVillage/Pepper__bell___Bacterial_spot/37e9bf3a-85da-4114-8e69-185498b9a9af___JR_B.Spot 3337.JPG,Pepper__bell___Bacterial_spot,PlantVillage external crop disease dataset
data/PlantVillage/PlantVillage/Pepper__bell___Bacterial_spot/4420dd15-6c5f-4631-b21e-7db8fa5bd405___JR_B.Spot 3290.JPG,PlantVillage,PlantVillage external crop disease dataset
data/PlantVillage/Tomato__Target_Spot/2d842c15-c1cd-4f2b-9e12-27855abb9758___Com.G_TgS_FL 0812.JPG,Tomato__Target_Spot,PlantVillage external crop disease dataset
data/PlantVillage/Potato___Early_blight/4ab9d59b-57ee-4e22-a6bb-d8152710fd28___RS_Early.B 6857.JPG,Potato___Early_blight,PlantVillage external crop disease dataset
data/PlantVillage/Pepper__bell___Bacterial_spot/22fff6df-23e0-4160-b9d8-166168d03147___NREC_B.Spot 9117.JPG,Pepper__bell___Bacterial_spot,PlantVillage external crop disease dataset
data/PlantVillage/Tomato_Early_blight/21ffaf6b-7ad0-45bf-bd7e-7d697413ebbd___RS_Erly.B 9500.JPG,Tomato_Early_blight,PlantVillage external crop disease dataset
data/PlantVillage/Tomato_Late_blight/01ece5a1-8398-4e68-a9e3-198c57b51b01___GHLB2 Leaf 8757.JPG,Tomato_Late_blight,PlantVillage external crop disease dataset
data/PlantVillage/Tomato_Spider_mites_Two_spotted_spider_mite/03fa54ef-d6cc-40f3-8ae2-469d1ab5b541___Com.G_SpM_FL 9653.JPG,Tomato_Spider_mites_Two_spotted_spider_mite,PlantVillage external crop disease dataset
data/PlantVillage/Tomato_Spider_mites_Two_spotted_spider_mite/217c69cd-121a-4993-8537-904fa4de4d55___Com.G_SpM_FL 8807.JPG,Tomato_Spider_mites_Two_spotted_spider_mite,PlantVillage external crop disease dataset
data/PlantVillage/Tomato__Target_Spot/22beb2c0-f830-421b-99b9-eaa0519b1667___Com.G_TgS_FL 0739.JPG,Tomato__Target_Spot,PlantVillage external crop disease dataset
data/PlantVillage/Potato___Early_blight/46dc77f0-be88-4887-b1f7-82adff9aaa39___RS_Early.B 7750.JPG,Potato___Early_blight,PlantVillage external crop disease dataset
data/PlantVillage/Tomato_Septoria_leaf_spot/2ca0f649-659c-458d-aaed-d51529372633___Keller.St_CG 1888.JPG,Tomato_Septoria_leaf_spot,PlantVillage external crop disease dataset
data/PlantVillage/Tomato__Target_Spot/2e84b294-8296-4b6a-a702-22e4bb6df804___Com.G_TgS_FL 0899.JPG,Tomato__Target_Spot,PlantVillage external crop disease dataset
data/PlantVillage/Tomato_Leaf_Mold/32902cc7-5db6-4148-8b4e-0d04199edd98___Crnl_L.Mold 6766.JPG,Tomato_Leaf_Mold,PlantVillage external crop disease dataset
data/PlantVillage/Tomato_Early_blight/070679a9-27e1-4e6e-8072-29f3750d525b___RS_Erly.B 6439.JPG,Tomato_Early_blight,PlantVillage external crop disease dataset
data/PlantVillage/Tomato_Spider_mites_Two_spotted_spider_mite/0d5846df-f761-4d38-b10f-7bdb42b989b7___Com.G_SpM_FL 1484.JPG,Tomato_Spider_mites_Two_spotted_spider_mite,PlantVillage external crop disease dataset
data/PlantVillage/Tomato_Spider_mites_Two_spotted_spider_mite/0f1049cd-1fb5-4792-9b41-8544ee1c18a7___Com.G_SpM_FL 1726.JPG,Tomato_Spider_mites_Two_spotted_spider_mite,PlantVillage external crop disease dataset
data/PlantVillage/Tomato_Early_blight/2f6115d3-4997-4174-aa6a-9025c654e81f___RS_Erly.B 9374.JPG,Tomato_Early_blight,PlantVillage external crop disease dataset
data/PlantVillage/Tomato_Septoria_leaf_spot/2c032ba1-d4fa-4a66-be5e-9e43a28ffbb9___JR_Sept.L.S 2701.JPG,Tomato_Septoria_leaf_spot,PlantVillage external crop disease dataset
data/PlantVillage/Tomato__Target_Spot/109ac0d6-8530-42dc-9dce-8242f839c61f___Com.G_TgS_FL 1105.JPG,Tomato__Target_Spot,PlantVillage external crop disease dataset
data/PlantVillage/Tomato__Tomato_YellowLeaf__Curl_Virus/0b33ec9a-3f2e-4fee-b663-472c143e3951___YLCV_GCREC 2631.JPG,Tomato__Tomato_YellowLeaf__Curl_Virus,PlantVillage external crop disease dataset
data/PlantVillage/Tomato_Spider_mites_Two_spotted_spider_mite/062c5345-1a64-4dba-8c58-0d72902742c1___Com.G_SpM_FL 8874.JPG,Tomato_Spider_mites_Two_spotted_spider_mite,PlantVillage external crop disease dataset
data/PlantVillage/Pepper__bell___healthy/30d8ce3b-74d6-4dea-a70b-7fd4896d36ce___JR_HL 8350.JPG,Pepper__bell___healthy,PlantVillage external crop disease dataset
data/PlantVillage/Potato___healthy/2e0b8b4b-e900-408b-b760-730690bbd382___RS_HL 1901.JPG,Potato___healthy,PlantVillage external crop disease dataset
data/PlantVillage/Tomato_healthy/1a0b9a32-3993-44e4-879f-338cd6e45a09___GH_HL Leaf 178.JPG,Tomato_healthy,PlantVillage external crop disease dataset
data/PlantVillage/Pepper__bell___Bacterial_spot/15f3b9e4-9127-4404-904b-173dbe878fd6___JR_B.Spot 3226.JPG,Pepper__bell___Bacterial_spot,PlantVillage external crop disease dataset
data/PlantVillage/Pepper__bell___healthy/265d5430-3017-440a-b4f3-abfa0d2cbaed___JR_HL 7608.JPG,Pepper__bell___healthy,PlantVillage external crop disease dataset
data/PlantVillage/Pepper__bell___Bacterial_spot/092b3e29-d29a-482f-9207-3cd5fbed6710___JR_B.Spot 3238.JPG,Pepper__bell___Bacterial_spot,PlantVillage external crop disease dataset
data/PlantVillage/Tomato_healthy/10b36861-6a00-41d9-9858-e00adcfb17e7___RS_HL 0235.JPG,Tomato_healthy,PlantVillage external crop disease dataset
data/PlantVillage/Tomato_Early_blight/03b7a13c-f5c0-44c4-beed-443841670e9a___RS_Erly.B 8225.JPG,Tomato_Early_blight,PlantVillage external crop disease dataset
data/PlantVillage/Tomato_Septoria_leaf_spot/2365ce1e-195c-4cf9-a38d-927f0faa489a___JR_Sept.L.S 2725.JPG,Tomato_Septoria_leaf_spot,PlantVillage external crop disease dataset
data/PlantVillage/Tomato_Spider_mites_Two_spotted_spider_mite/0b891169-2116-431d-968f-d2a36bb69243___Com.G_SpM_FL 1743.JPG,Tomato_Spider_mites_Two_spotted_spider_mite,PlantVillage external crop disease dataset
data/PlantVillage/Pepper__bell___healthy/1a93f310-cd75-4af6-96d3-690180b4542a___JR_HL 5850.JPG,Pepper__bell___healthy,PlantVillage external crop disease dataset
data/PlantVillage/Tomato_Leaf_Mold/0160c3b5-d89e-40e5-a313-49ae1524040a___Crnl_L.Mold 6823.JPG,Tomato_Leaf_Mold,PlantVillage external crop disease dataset
data/PlantVillage/Tomato_Septoria_leaf_spot/10b13eee-3523-4a86-96cf-5b94191c3f4b___Matt.S_CG 1305.JPG,Tomato_Septoria_leaf_spot,PlantVillage external crop disease dataset
data/PlantVillage/Pepper__bell___Bacterial_spot/411c6355-117b-4762-80d9-d78556c4e9a1___NREC_B.Spot 1815.JPG,Pepper__bell___Bacterial_spot,PlantVillage external crop disease dataset
data/PlantVillage/Tomato_healthy/2b03b88c-5299-4c2c-8e7f-c40fbd98e145___RS_HL 0104.JPG,Tomato_healthy,PlantVillage external crop disease dataset
data/PlantVillage/Pepper__bell___healthy/0c002246-262c-46d7-9995-bd1e1b2737d9___JR_HL 7969.JPG,Pepper__bell___healthy,PlantVillage external crop disease dataset
data/PlantVillage/Tomato_Bacterial_spot/191ae7fa-8ca5-4654-a01d-c4f497bb7377___UF.GRC_BS_Lab Leaf 0615.JPG,Tomato_Bacterial_spot,PlantVillage external crop disease dataset
data/PlantVillage/Potato___Late_blight/0441138d-5f9f-4ede-ab9a-49edabc605b3___RS_LB 4235.JPG,Potato___Late_blight,PlantVillage external crop disease dataset
data/PlantVillage/Pepper__bell___healthy/29a30b3d-e893-4459-988c-974bc7b5cf36___JR_HL 8772.JPG,Pepper__bell___healthy,PlantVillage external crop disease dataset
data/PlantVillage/PlantVillage/Pepper__bell___Bacterial_spot/376e68b6-818c-4ed5-97d2-ec9b0ac55bff___NREC_B.Spot 9102.JPG,PlantVillage,PlantVillage external crop disease dataset
data/PlantVillage/Tomato__Tomato_YellowLeaf__Curl_Virus/02dec71c-6051-4b2c-8a08-24efbe306766___YLCV_GCREC 5340.JPG,Tomato__Tomato_YellowLeaf__Curl_Virus,PlantVillage external crop disease dataset
data/PlantVillage/Tomato_Late_blight/117a7f38-eaa6-4f88-b892-33e2a66d77d5___RS_Late.B 5129.JPG,Tomato_Late_blight,PlantVillage external crop disease dataset
data/PlantVillage/Tomato__Target_Spot/0c4c7140-1059-4e3a-a6e2-15c4bdd46743___Com.G_TgS_FL 8142.JPG,Tomato__Target_Spot,PlantVillage external crop disease dataset
data/PlantVillage/Tomato_Septoria_leaf_spot/2cf6759a-c628-4861-a83d-b009c83682a2___Matt.S_CG 7674.JPG,Tomato_Septoria_leaf_spot,PlantVillage external crop disease dataset
data/PlantVillage/Tomato_Late_blight/039e5d57-64e2-41de-8ccf-e44598bcedb0___RS_Late.B 6883.JPG,Tomato_Late_blight,PlantVillage external crop disease dataset
data/PlantVillage/Tomato_Bacterial_spot/0e16b13c-0308-4199-a823-c6c2ab944023___GCREC_Bact.Sp 3068.JPG,Tomato_Bacterial_spot,PlantVillage external crop disease dataset
data/PlantVillage/PlantVillage/Pepper__bell___Bacterial_spot/45820fd3-e954-4baf-85cb-23175212dc0d___JR_B.Spot 8844.JPG,PlantVillage,PlantVillage external crop disease dataset
data/PlantVillage/Tomato_Septoria_leaf_spot/212c8703-4c56-4c2b-a1d0-1047a758ca93___Keller.St_CG 1786.JPG,Tomato_Septoria_leaf_spot,PlantVillage external crop disease dataset
data/PlantVillage/Tomato_Spider_mites_Two_spotted_spider_mite/1f100e65-f5ab-4991-8665-f9fb28f5c0e2___Com.G_SpM_FL 1179.JPG,Tomato_Spider_mites_Two_spotted_spider_mite,PlantVillage external crop disease dataset
data/PlantVillage/Tomato__Target_Spot/25f5dde8-4c91-46d6-b2e9-b818a12e3618___Com.G_TgS_FL 0822.JPG,Tomato__Target_Spot,PlantVillage external crop disease dataset
data/PlantVillage/Potato___Early_blight/2cc3eb24-b210-4827-befe-0e3a24161ac4___RS_Early.B 6829.JPG,Potato___Early_blight,PlantVillage external crop disease dataset
data/PlantVillage/Tomato_Bacterial_spot/19e29a5d-897d-4ff0-8aab-8562d74b0eb8___GCREC_Bact.Sp 6031.JPG,Tomato_Bacterial_spot,PlantVillage external crop disease dataset
data/PlantVillage/Tomato_healthy/1a0c4408-634e-4bd5-948d-e73ca5572976___RS_HL 0146.JPG,Tomato_healthy,PlantVillage external crop disease dataset
data/PlantVillage/Tomato_healthy/0d3691ab-5413-4313-870e-9e5d2faf33ea___RS_HL 9958.JPG,Tomato_healthy,PlantVillage external crop disease dataset
data/PlantVillage/Potato___healthy/163ada72-4288-4f85-a3c1-feed23c8d1de___RS_HL 1940.JPG,Potato___healthy,PlantVillage external crop disease dataset
data/PlantVillage/PlantVillage/Pepper__bell___Bacterial_spot/0f72db9c-d635-4415-9781-68937328aed2___NREC_B.Spot 9188.JPG,PlantVillage,PlantVillage external crop disease dataset
data/PlantVillage/Tomato_Spider_mites_Two_spotted_spider_mite/29be21be-a2ed-4ffd-b76a-7c078a9fc017___Com.G_SpM_FL 1446.JPG,Tomato_Spider_mites_Two_spotted_spider_mite,PlantVillage external crop disease dataset
data/PlantVillage/Tomato_Leaf_Mold/176dba1d-32f5-4050-a475-7beb5ce39245___Crnl_L.Mold 6797.JPG,Tomato_Leaf_Mold,PlantVillage external crop disease dataset
data/PlantVillage/Tomato_Bacterial_spot/07246956-b38c-4d28-acec-85d032ba989e___UF.GRC_BS_Lab Leaf 0278.JPG,Tomato_Bacterial_spot,PlantVillage external crop disease dataset
data/PlantVillage/Tomato__Target_Spot/300a1a92-1ef2-4e5f-914a-58cb34268f89___Com.G_TgS_FL 9787.JPG,Tomato__Target_Spot,PlantVillage external crop disease dataset
data/PlantVillage/Pepper__bell___healthy/174172a7-b8c3-4afc-aa95-637c08472656___JR_HL 7923.JPG,Pepper__bell___healthy,PlantVillage external crop disease dataset
data/PlantVillage/Potato___Early_blight/203357f4-1deb-42b2-99ed-32df34aa166c___RS_Early.B 6780.JPG,Potato___Early_blight,PlantVillage external crop disease dataset
data/PlantVillage/Pepper__bell___healthy/206fc5a6-80c8-4e7f-8673-2a80b4593b76___JR_HL 8170.JPG,Pepper__bell___healthy,PlantVillage external crop disease dataset
data/PlantVillage/Potato___Early_blight/3a97c74a-3d6e-4cd9-86e0-10a8e716e7b5___RS_Early.B 8422.JPG,Potato___Early_blight,PlantVillage external crop disease dataset
data/PlantVillage/Pepper__bell___Bacterial_spot/3b58322b-64c3-4354-8612-93a6f50a096e___JR_B.Spot 3291.JPG,Pepper__bell___Bacterial_spot,PlantVillage external crop disease dataset
data/PlantVillage/Tomato__Tomato_mosaic_virus/54355f0e-7332-4990-b96e-fbff2637f5b7___PSU_CG 2245.JPG,Tomato__Tomato_mosaic_virus,PlantVillage external crop disease dataset
data/PlantVillage/Potato___Late_blight/01270f5c-a44b-4da7-9398-289088c197ab___RS_LB 2517.JPG,Potato___Late_blight,PlantVillage external crop disease dataset
data/PlantVillage/Pepper__bell___Bacterial_spot/4420dd15-6c5f-4631-b21e-7db8fa5bd405___JR_B.Spot 3290.JPG,Pepper__bell___Bacterial_spot,PlantVillage external crop disease dataset
data/PlantVillage/Tomato_Bacterial_spot/13bd3ff5-3ecf-4258-9f89-5892ebfa362f___GCREC_Bact.Sp 3080.JPG,Tomato_Bacterial_spot,PlantVillage external crop disease dataset
data/PlantVillage/Pepper__bell___healthy/2c76bbee-0033-4186-bdc6-3f70092c4046___JR_HL 6000.JPG,Pepper__bell___healthy,PlantVillage external crop disease dataset
data/PlantVillage/Tomato__Target_Spot/2696085e-81f7-41d9-a9a3-1780938f0e87___Com.G_TgS_FL 0994.JPG,Tomato__Target_Spot,PlantVillage external crop disease dataset
data/PlantVillage/Tomato__Tomato_mosaic_virus/94cfe1f8-8f00-48a1-abd2-6a4f8e2a4c55___PSU_CG 2077.JPG,Tomato__Tomato_mosaic_virus,PlantVillage external crop disease dataset
data/PlantVillage/Tomato_Spider_mites_Two_spotted_spider_mite/04a5f541-9202-4475-b5a0-01c14543f211___Com.G_SpM_FL 8534.JPG,Tomato_Spider_mites_Two_spotted_spider_mite,PlantVillage external crop disease dataset
data/PlantVillage/Tomato_Leaf_Mold/4e9a0ebe-9df2-4fc6-ad17-3a2e3abdd55c___Crnl_L.Mold 7071.JPG,Tomato_Leaf_Mold,PlantVillage external crop disease dataset
data/PlantVillage/Pepper__bell___healthy/2b19425c-51fd-498a-ad3d-d8875bd29923___JR_HL 8099.JPG,Pepper__bell___healthy,PlantVillage external crop disease dataset
data/PlantVillage/Pepper__bell___Bacterial_spot/1d0e1dec-de79-4e26-b592-b174d7c95739___NREC_B.Spot 9186.JPG,Pepper__bell___Bacterial_spot,PlantVillage external crop disease dataset
data/PlantVillage/Potato___Early_blight/34b0f33c-be8b-4338-9334-5418a5f84f28___RS_Early.B 7532.JPG,Potato___Early_blight,PlantVillage external crop disease dataset
data/PlantVillage/Potato___Early_blight/09ab9573-90d5-4001-9b74-14551935deef___RS_Early.B 7603.JPG,Potato___Early_blight,PlantVillage external crop disease dataset
data/PlantVillage/Potato___Early_blight/2767ef91-3383-4872-9804-e0bcd2bc43fc___RS_Early.B 7783.JPG,Potato___Early_blight,PlantVillage external crop disease dataset
data/PlantVillage/Tomato_healthy/1fa569d8-45ba-4633-b66d-3fdb07ed523e___RS_HL 0533.JPG,Tomato_healthy,PlantVillage external crop disease dataset
data/PlantVillage/Tomato_healthy/0a0d6a11-ddd6-4dac-8469-d5f65af5afca___RS_HL 0555.JPG,Tomato_healthy,PlantVillage external crop disease dataset
data/PlantVillage/Tomato_Leaf_Mold/2857df1b-3a91-46d2-ab63-926b329b4a28___Crnl_L.Mold 7102.JPG,Tomato_Leaf_Mold,PlantVillage external crop disease dataset
data/PlantVillage/Tomato_healthy/087e3b12-a80b-435f-8973-a3b07888f8b4___RS_HL 9847.JPG,Tomato_healthy,PlantVillage external crop disease dataset
data/PlantVillage/Tomato_Early_blight/2f823081-0654-47f1-bb1e-88d7e99a94ca___RS_Erly.B 9542.JPG,Tomato_Early_blight,PlantVillage external crop disease dataset
data/PlantVillage/Tomato__Tomato_YellowLeaf__Curl_Virus/0e2b6085-96c0-427c-801d-324eaef8b315___UF.GRC_YLCV_Lab 02848.JPG,Tomato__Tomato_YellowLeaf__Curl_Virus,PlantVillage external crop disease dataset
data/PlantVillage/Pepper__bell___healthy/1a1a389d-f186-4481-8a5c-b8c6f864ad7f___JR_HL 8649.JPG,Pepper__bell___healthy,PlantVillage external crop disease dataset
data/PlantVillage/Pepper__bell___Bacterial_spot/2414f9df-91fd-4aed-b772-bd6b5311eb0b___JR_B.Spot 3141.JPG,Pepper__bell___Bacterial_spot,PlantVillage external crop disease dataset
data/PlantVillage/Pepper__bell___healthy/040fbd7e-faad-4005-8a4d-0d00b824611a___JR_HL 7754.JPG,Pepper__bell___healthy,PlantVillage external crop disease dataset
data/PlantVillage/Tomato__Target_Spot/2a955c94-cc01-416d-ae86-6ea06af3c253___Com.G_TgS_FL 8056.JPG,Tomato__Target_Spot,PlantVillage external crop disease dataset
data/PlantVillage/Pepper__bell___Bacterial_spot/0c99cb45-b4e0-4ade-bba5-fab3b678f0bb___JR_B.Spot 8912.JPG,Pepper__bell___Bacterial_spot,PlantVillage external crop disease dataset
data/PlantVillage/Pepper__bell___Bacterial_spot/2f26c2e1-a13d-41c9-9adf-51fb0ad99785___NREC_B.Spot 1849.JPG,Pepper__bell___Bacterial_spot,PlantVillage external crop disease dataset
data/PlantVillage/Tomato_Early_blight/2fa6cd46-eb76-481e-b15a-44c858f705b3___RS_Erly.B 9532.JPG,Tomato_Early_blight,PlantVillage external crop disease dataset
data/PlantVillage/PlantVillage/Pepper__bell___Bacterial_spot/178e960f-3250-4378-9783-765b65e54217___NREC_B.Spot 1881.JPG,PlantVillage,PlantVillage external crop disease dataset
data/PlantVillage/Potato___Late_blight/465669d7-b75c-4aab-8ccc-af3566baf2e3___RS_LB 4985.JPG,Potato___Late_blight,PlantVillage external crop disease dataset
data/PlantVillage/Tomato_Bacterial_spot/03af6874-872f-41e1-bce4-b3022bd7a9e6___GCREC_Bact.Sp 2995.JPG,Tomato_Bacterial_spot,PlantVillage external crop disease dataset
data/PlantVillage/Tomato__Tomato_YellowLeaf__Curl_Virus/0ab15cde-93e5-41ff-8fd5-db09c6829d72___YLCV_GCREC 2293.JPG,Tomato__Tomato_YellowLeaf__Curl_Virus,PlantVillage external crop disease dataset
data/PlantVillage/Tomato_Early_blight/2840c2f1-b901-41c2-8d0c-7827bc7f8ab3___RS_Erly.B 9574.JPG,Tomato_Early_blight,PlantVillage external crop disease dataset
data/PlantVillage/Tomato_Leaf_Mold/546f348a-359a-4cff-8cdd-c87ecb1cec95___Crnl_L.Mold 6873.JPG,Tomato_Leaf_Mold,PlantVillage external crop disease dataset
data/PlantVillage/Tomato__Tomato_YellowLeaf__Curl_Virus/0c1943b0-e26d-451b-921f-b1127fa9c56d___UF.GRC_YLCV_Lab 02523.JPG,Tomato__Tomato_YellowLeaf__Curl_Virus,PlantVillage external crop disease dataset
data/PlantVillage/Potato___Early_blight/4bac4925-72ff-43e7-8726-5e2126c6c30d___RS_Early.B 8206.JPG,Potato___Early_blight,PlantVillage external crop disease dataset
data/PlantVillage/Tomato_Early_blight/24455ffa-8700-475c-8b4e-a7775f40ad3f___RS_Erly.B 8365.JPG,Tomato_Early_blight,PlantVillage external crop disease dataset
data/PlantVillage/Potato___Early_blight/4857420e-b28e-4bb5-aa03-5e333cf27af0___RS_Early.B 6847.JPG,Potato___Early_blight,PlantVillage external crop disease dataset
data/PlantVillage/Tomato_Bacterial_spot/1c78d892-4190-488d-b8d3-cf1c63c658f0___GCREC_Bact.Sp 3006.JPG,Tomato_Bacterial_spot,PlantVillage external crop disease dataset
data/PlantVillage/Pepper__bell___healthy/277eb282-4e80-4da6-8efe-740354fa368e___JR_HL 5995.JPG,Pepper__bell___healthy,PlantVillage external crop disease dataset
data/PlantVillage/Tomato_Septoria_leaf_spot/2dd9eb69-138d-4cb6-98f6-e328c5ea25e1___Matt.S_CG 1359.JPG,Tomato_Septoria_leaf_spot,PlantVillage external crop disease dataset
data/PlantVillage/Tomato_Spider_mites_Two_spotted_spider_mite/298f6d1d-401b-498a-9909-a0e53ba0424c___Com.G_SpM_FL 8940.JPG,Tomato_Spider_mites_Two_spotted_spider_mite,PlantVillage external crop disease dataset
data/PlantVillage/Tomato_Leaf_Mold/41b84dbf-0402-4480-a0b2-55ab4686dcdf___Crnl_L.Mold 8933.JPG,Tomato_Leaf_Mold,PlantVillage external crop disease dataset
data/PlantVillage/Potato___Late_blight/1c207156-339d-4ec9-9153-9edb3bc95b5f___RS_LB 4833.JPG,Potato___Late_blight,PlantVillage external crop disease dataset
data/PlantVillage/Pepper__bell___Bacterial_spot/0fcbdf76-fcc4-4271-986a-9466a784d404___JR_B.Spot 3374.JPG,Pepper__bell___Bacterial_spot,PlantVillage external crop disease dataset
data/PlantVillage/Pepper__bell___healthy/31dce414-c0de-4355-b10e-953ac45623f0___JR_HL 8034.JPG,Pepper__bell___healthy,PlantVillage external crop disease dataset
data/PlantVillage/Tomato_healthy/1480b935-0081-4052-a7e8-09ef0040d9b5___GH_HL Leaf 338.JPG,Tomato_healthy,PlantVillage external crop disease dataset
data/PlantVillage/Tomato_Septoria_leaf_spot/2b400c69-36a9-4b78-90a0-3702cd38c896___Matt.S_CG 6876.JPG,Tomato_Septoria_leaf_spot,PlantVillage external crop disease dataset
data/PlantVillage/Pepper__bell___Bacterial_spot/31add1a3-eab6-4c9c-946f-d85d89297a0e___NREC_B.Spot 1842.JPG,Pepper__bell___Bacterial_spot,PlantVillage external crop disease dataset
data/PlantVillage/Tomato_Septoria_leaf_spot/28213c64-ff3b-4b6b-ad13-2dd9e7a197f2___Matt.S_CG 1690.JPG,Tomato_Septoria_leaf_spot,PlantVillage external crop disease dataset
data/PlantVillage/Tomato_Early_blight/2ffcdf9e-9cf5-492e-80f8-6f80cd0be7cb___RS_Erly.B 7421.JPG,Tomato_Early_blight,PlantVillage external crop disease dataset
data/PlantVillage/Tomato__Target_Spot/217b15a1-dcfc-4cf5-85fa-b305f4ecd708___Com.G_TgS_FL 9919.JPG,Tomato__Target_Spot,PlantVillage external crop disease dataset
data/PlantVillage/Tomato_Septoria_leaf_spot/1dbd5efc-4fec-40a2-aca2-d257a7ad823b___Matt.S_CG 2598.JPG,Tomato_Septoria_leaf_spot,PlantVillage external crop disease dataset
data/PlantVillage/Tomato_Late_blight/12044cb0-2591-4696-8a85-3d3f319f4f6a___GHLB2 Leaf 8977.JPG,Tomato_Late_blight,PlantVillage external crop disease dataset
data/PlantVillage/Tomato_Late_blight/118be78d-e498-427f-8399-add5e8ab1b15___GHLB2 Leaf 149.3.JPG,Tomato_Late_blight,PlantVillage external crop disease dataset
data/PlantVillage/PlantVillage/Pepper__bell___Bacterial_spot/10af9ff3-16c3-4cb0-8af0-71d3b8442206___NREC_B.Spot 9090.JPG,PlantVillage,PlantVillage external crop disease dataset
data/PlantVillage/Pepper__bell___Bacterial_spot/04d46cfb-9cc8-4083-82af-ca2bb57c8182___NREC_B.Spot 1814.JPG,Pepper__bell___Bacterial_spot,PlantVillage external crop disease dataset
data/PlantVillage/Potato___Early_blight/495e73a1-0f61-43a6-b539-d7f74e3fbf71___RS_Early.B 8245.JPG,Potato___Early_blight,PlantVillage external crop disease dataset
data/PlantVillage/Potato___Late_blight/324a0ba8-726a-4e6c-a15f-c32a1904f891___RS_LB 3078.JPG,Potato___Late_blight,PlantVillage external crop disease dataset
data/PlantVillage/Pepper__bell___healthy/2152dee6-2fd6-48a8-9e3a-a4189484dd12___JR_HL 8720.JPG,Pepper__bell___healthy,PlantVillage external crop disease dataset
data/PlantVillage/Tomato__Tomato_YellowLeaf__Curl_Virus/075f6382-c728-4bef-a392-fa7a1cced69a___UF.GRC_YLCV_Lab 02054.JPG,Tomato__Tomato_YellowLeaf__Curl_Virus,PlantVillage external crop disease dataset
data/PlantVillage/Tomato_Early_blight/468a0f48-b0c4-4969-9f21-826cb3ae3f61___RS_Erly.B 7725.JPG,Tomato_Early_blight,PlantVillage external crop disease dataset
data/PlantVillage/Potato___Early_blight/0c5b14d9-8b1c-4c39-bb23-1835b5760caa___RS_Early.B 7937.JPG,Potato___Early_blight,PlantVillage external crop disease dataset
data/PlantVillage/Pepper__bell___healthy/2d117ef0-5705-4814-b191-1d184204452f___JR_HL 7744.JPG,Pepper__bell___healthy,PlantVillage external crop disease dataset
data/PlantVillage/Tomato__Tomato_mosaic_virus/69bad8a8-c403-4e4b-bff8-1026169bb582___PSU_CG 2109.JPG,Tomato__Tomato_mosaic_virus,PlantVillage external crop disease dataset
data/PlantVillage/Pepper__bell___Bacterial_spot/14c4fd88-6d2a-4701-94ce-ab9e4b277f57___JR_B.Spot 8875.JPG,Pepper__bell___Bacterial_spot,PlantVillage external crop disease dataset
data/PlantVillage/Tomato_Late_blight/0a4b3cde-c83a-4c83-b037-010369738152___RS_Late.B 6985.JPG,Tomato_Late_blight,PlantVillage external crop disease dataset
data/PlantVillage/Tomato__Tomato_mosaic_virus/22a98961-90fb-4ff5-a6db-6313fa61f74b___PSU_CG 2125.JPG,Tomato__Tomato_mosaic_virus,PlantVillage external crop disease dataset
data/PlantVillage/Tomato__Tomato_mosaic_virus/2d053972-2f30-414c-9de9-e37c98e44648___PSU_CG 2104.JPG,Tomato__Tomato_mosaic_virus,PlantVillage external crop disease dataset
data/PlantVillage/Potato___Early_blight/4be99b40-e269-4c69-8c90-ac75514650af___RS_Early.B 6830.JPG,Potato___Early_blight,PlantVillage external crop disease dataset
data/PlantVillage/Tomato_Bacterial_spot/04210e47-ad95-4648-8f1e-dc183581157c___UF.GRC_BS_Lab Leaf 0320.JPG,Tomato_Bacterial_spot,PlantVillage external crop disease dataset
data/PlantVillage/PlantVillage/Pepper__bell___Bacterial_spot/2d9f1bf4-6409-488c-8992-92b2909822bd___JR_B.Spot 3342.JPG,PlantVillage,PlantVillage external crop disease dataset
data/PlantVillage/Tomato_Leaf_Mold/156f079b-411f-41db-8023-fa934de343f9___Crnl_L.Mold 7039.JPG,Tomato_Leaf_Mold,PlantVillage external crop disease dataset
data/PlantVillage/Tomato_Leaf_Mold/19014458-f5de-4c92-beb5-8faf0e6a6bf3___Crnl_L.Mold 8754.JPG,Tomato_Leaf_Mold,PlantVillage external crop disease dataset
data/PlantVillage/Tomato_healthy/1528d8ea-c972-4da3-8f66-b4a0de6ace90___RS_HL 0573.JPG,Tomato_healthy,PlantVillage external crop disease dataset
data/PlantVillage/Tomato_Septoria_leaf_spot/1a02cfc4-375a-4be1-82a6-fa7ec5117ced___Matt.S_CG 6049.JPG,Tomato_Septoria_leaf_spot,PlantVillage external crop disease dataset
data/PlantVillage/Potato___Late_blight/377e9523-f375-4c0c-9d66-5abf2abfaefb___RS_LB 2504.JPG,Potato___Late_blight,PlantVillage external crop disease dataset
data/PlantVillage/Tomato_Early_blight/3be94535-c405-4f67-99cb-6ffc5f596639___RS_Erly.B 7783.JPG,Tomato_Early_blight,PlantVillage external crop disease dataset
data/PlantVillage/Potato___Early_blight/15ab8118-01fb-4e9c-83a9-94ab224d6854___RS_Early.B 7962.JPG,Potato___Early_blight,PlantVillage external crop disease dataset
data/PlantVillage/Tomato_Bacterial_spot/1d6494e5-d659-47f2-a854-95f7633f8018___GCREC_Bact.Sp 6102.JPG,Tomato_Bacterial_spot,PlantVillage external crop disease dataset
data/PlantVillage/Pepper__bell___healthy/0ade14b6-8937-43ea-93eb-98343af6bae7___JR_HL 8026.JPG,Pepper__bell___healthy,PlantVillage external crop disease dataset
data/PlantVillage/Tomato_Spider_mites_Two_spotted_spider_mite/0794d252-5524-49d2-9871-011677db2698___Com.G_SpM_FL 8571.JPG,Tomato_Spider_mites_Two_spotted_spider_mite,PlantVillage external crop disease dataset
data/PlantVillage/Tomato_Late_blight/1b212ad6-e65a-4467-bfd1-9f9139070d33___GHLB2 Leaf 8609.JPG,Tomato_Late_blight,PlantVillage external crop disease dataset
data/PlantVillage/Tomato_Leaf_Mold/1b35b99c-c7c0-4f2c-975e-148e4b6e18b3___Crnl_L.Mold 8820.JPG,Tomato_Leaf_Mold,PlantVillage external crop disease dataset
data/PlantVillage/Tomato_Leaf_Mold/46cb40a7-b7f5-428c-91a3-121085ec73b5___Crnl_L.Mold 9116.JPG,Tomato_Leaf_Mold,PlantVillage external crop disease dataset
data/PlantVillage/PlantVillage/Pepper__bell___Bacterial_spot/1d2949cc-b0fa-4a29-8540-2983230c34e9___JR_B.Spot 9017.JPG,PlantVillage,PlantVillage external crop disease dataset
data/PlantVillage/Tomato__Tomato_mosaic_virus/97465c93-52c3-4df9-a820-de9ae6f4d03e___PSU_CG 2232.JPG,Tomato__Tomato_mosaic_virus,PlantVillage external crop disease dataset
data/PlantVillage/Tomato_Septoria_leaf_spot/07dd57ec-cbf0-4fc1-b680-6b3226da51e4___JR_Sept.L.S 8524.JPG,Tomato_Septoria_leaf_spot,PlantVillage external crop disease dataset
data/PlantVillage/Tomato__Tomato_mosaic_virus/8b43c3f3-73ae-47bc-a620-079ebeeb10a4___PSU_CG 2094.JPG,Tomato__Tomato_mosaic_virus,PlantVillage external crop disease dataset
data/PlantVillage/Tomato_Early_blight/0bed4d68-b82c-4e96-bbfe-e0fc10df01aa___RS_Erly.B 8301.JPG,Tomato_Early_blight,PlantVillage external crop disease dataset
data/PlantVillage/Potato___Late_blight/38fa4c3b-0541-4d14-80e7-84a1153b9e5f___RS_LB 4713.JPG,Potato___Late_blight,PlantVillage external crop disease dataset
data/PlantVillage/Tomato_Spider_mites_Two_spotted_spider_mite/2141c98c-1ff5-405e-9fe7-06dd14099edc___Com.G_SpM_FL 8984.JPG,Tomato_Spider_mites_Two_spotted_spider_mite,PlantVillage external crop disease dataset
data/PlantVillage/PlantVillage/Pepper__bell___Bacterial_spot/01ebc916-4793-40a3-b5e4-a32687e4fa3d___NREC_B.Spot 9125.JPG,PlantVillage,PlantVillage external crop disease dataset
data/PlantVillage/Tomato_Septoria_leaf_spot/2142a16f-dd81-4045-8ea8-1bb853595821___JR_Sept.L.S 2523.JPG,Tomato_Septoria_leaf_spot,PlantVillage external crop disease dataset
data/PlantVillage/Potato___Early_blight/4af8e9e9-077d-4c7b-859d-626f74d3b1ff___RS_Early.B 7738.JPG,Potato___Early_blight,PlantVillage external crop disease dataset
data/PlantVillage/Tomato__Tomato_mosaic_virus/5e990ddc-28f3-4624-8498-28f3b10111fd___PSU_CG 2182.JPG,Tomato__Tomato_mosaic_virus,PlantVillage external crop disease dataset
data/PlantVillage/Potato___Early_blight/3ab92984-3126-4154-9bfd-f2c8c9fd670e___RS_Early.B 7440.JPG,Potato___Early_blight,PlantVillage external crop disease dataset
data/PlantVillage/PlantVillage/Pepper__bell___Bacterial_spot/12f47cff-1a75-47ec-99d2-01720786e478___NREC_B.Spot 1859.JPG,PlantVillage,PlantVillage external crop disease dataset
data/PlantVillage/Tomato_Spider_mites_Two_spotted_spider_mite/06f22419-20df-43ab-9402-7ee76eb08921___Com.G_SpM_FL 1325.JPG,Tomato_Spider_mites_Two_spotted_spider_mite,PlantVillage external crop disease dataset
data/PlantVillage/PlantVillage/Pepper__bell___Bacterial_spot/28b0cad6-b695-4e4b-9cd1-27f2e43647e7___JR_B.Spot 9071.JPG,PlantVillage,PlantVillage external crop disease dataset
data/PlantVillage/Tomato_Leaf_Mold/113ae06c-f41b-47f3-a1a5-bffd33fcfac1___Crnl_L.Mold 8746.JPG,Tomato_Leaf_Mold,PlantVillage external crop disease dataset
data/PlantVillage/Tomato_Bacterial_spot/1737e7ba-181e-400c-ab66-7723468e277f___UF.GRC_BS_Lab Leaf 0348.JPG,Tomato_Bacterial_spot,PlantVillage external crop disease dataset
data/PlantVillage/Tomato_Septoria_leaf_spot/1c85a28a-19b9-487a-b9e4-0e6d7c08e4a8___Keller.St_CG 1771.JPG,Tomato_Septoria_leaf_spot,PlantVillage external crop disease dataset
data/PlantVillage/Potato___Late_blight/3f3bd8d4-82d4-456c-a3fc-068a63710d52___RS_LB 4971.JPG,Potato___Late_blight,PlantVillage external crop disease dataset
data/PlantVillage/Potato___Early_blight/438176fc-2e4a-45d1-9014-3eb2391c5832___RS_Early.B 8147.JPG,Potato___Early_blight,PlantVillage external crop disease dataset
data/PlantVillage/Tomato_healthy/2d4db3f7-a768-4a27-832c-fc72496e79b4___GH_HL Leaf 446.JPG,Tomato_healthy,PlantVillage external crop disease dataset
data/PlantVillage/Tomato_Leaf_Mold/3d232a86-283d-45ec-b5cf-99829d78afa8___Crnl_L.Mold 6550.JPG,Tomato_Leaf_Mold,PlantVillage external crop disease dataset
data/PlantVillage/Tomato__Tomato_mosaic_virus/89bc4fcf-1c6c-4285-84b5-564fd657e150___PSU_CG 2419.JPG,Tomato__Tomato_mosaic_virus,PlantVillage external crop disease dataset
data/PlantVillage/Tomato_healthy/0764cff7-f198-467a-9afd-d9f0c7bcf7c9___RS_HL 0443.JPG,Tomato_healthy,PlantVillage external crop disease dataset
data/PlantVillage/Tomato__Tomato_YellowLeaf__Curl_Virus/009dd1f5-281a-4e54-9f80-a068d0d8cfcd___YLCV_NREC 2162.JPG,Tomato__Tomato_YellowLeaf__Curl_Virus,PlantVillage external crop disease dataset
data/PlantVillage/Tomato__Tomato_YellowLeaf__Curl_Virus/0a9ce4eb-961b-4f11-a06f-2946cfd0d562___UF.GRC_YLCV_Lab 02233.JPG,Tomato__Tomato_YellowLeaf__Curl_Virus,PlantVillage external crop disease dataset
data/PlantVillage/Tomato_Early_blight/0ba3d536-8732-4ea1-b3e1-a1be86e5dc6a___RS_Erly.B 9499.JPG,Tomato_Early_blight,PlantVillage external crop disease dataset
data/PlantVillage/Potato___Late_blight/2c3eddb8-f475-42ce-af72-81271630ba07___RS_LB 4991.JPG,Potato___Late_blight,PlantVillage external crop disease dataset
data/PlantVillage/Tomato_Septoria_leaf_spot/0ef9804e-d695-40e4-8950-08551255fa05___JR_Sept.L.S 8540.JPG,Tomato_Septoria_leaf_spot,PlantVillage external crop disease dataset
data/PlantVillage/Tomato__Tomato_mosaic_virus/38748c94-80b0-4a2b-b330-61d2619f5913___PSU_CG 2081.JPG,Tomato__Tomato_mosaic_virus,PlantVillage external crop disease dataset
data/PlantVillage/Pepper__bell___healthy/346a8afc-772b-4d9d-a4ad-e1aaec6227bc___JR_HL 8730.JPG,Pepper__bell___healthy,PlantVillage external crop disease dataset
data/PlantVillage/Tomato__Tomato_mosaic_virus/6c468dae-d392-4435-8d2f-adcadf0425b8___PSU_CG 2276.JPG,Tomato__Tomato_mosaic_virus,PlantVillage external crop disease dataset
data/PlantVillage/Tomato_Leaf_Mold/02a29ab9-8cba-47a0-bc2f-e7af7dbae149___Crnl_L.Mold 7165.JPG,Tomato_Leaf_Mold,PlantVillage external crop disease dataset
data/PlantVillage/Tomato_healthy/061bd6f1-8532-4bc8-977d-bc48ffab4ac3___RS_HL 0476.JPG,Tomato_healthy,PlantVillage external crop disease dataset
data/PlantVillage/Pepper__bell___Bacterial_spot/197fdd19-46d1-46f7-8e79-aa9545f76ff0___JR_B.Spot 9000.JPG,Pepper__bell___Bacterial_spot,PlantVillage external crop disease dataset
data/PlantVillage/PlantVillage/Pepper__bell___Bacterial_spot/32d3951c-8c10-4e8f-b35c-81f7de2513c7___JR_B.Spot 3112.JPG,PlantVillage,PlantVillage external crop disease dataset
data/PlantVillage/Tomato_Septoria_leaf_spot/281da113-7611-44bf-9df7-b742fcbce900___JR_Sept.L.S 8568.JPG,Tomato_Septoria_leaf_spot,PlantVillage external crop disease dataset
data/PlantVillage/Potato___Early_blight/00d8f10f-5038-4e0f-bb58-0b885ddc0cc5___RS_Early.B 8722.JPG,Potato___Early_blight,PlantVillage external crop disease dataset
data/PlantVillage/Tomato_Early_blight/0982d864-182e-4d36-959a-dcc67d85d9e6___RS_Erly.B 9481.JPG,Tomato_Early_blight,PlantVillage external crop disease dataset
data/PlantVillage/Tomato_Bacterial_spot/070228e2-ba4e-4de8-813b-074e51ed6f5a___UF.GRC_BS_Lab Leaf 0661.JPG,Tomato_Bacterial_spot,PlantVillage external crop disease dataset
data/PlantVillage/Tomato_Spider_mites_Two_spotted_spider_mite/2b92d125-cf19-499f-9987-9579b0ba695b___Com.G_SpM_FL 8591.JPG,Tomato_Spider_mites_Two_spotted_spider_mite,PlantVillage external crop disease dataset
data/PlantVillage/Tomato__Tomato_mosaic_virus/71ed39c0-f601-4913-aaf0-7719b3cc75b2___PSU_CG 2152.JPG,Tomato__Tomato_mosaic_virus,PlantVillage external crop disease dataset
data/PlantVillage/Tomato_Septoria_leaf_spot/10738d0a-42a6-4f9f-aab6-d2676eb89236___Matt.S_CG 1692.JPG,Tomato_Septoria_leaf_spot,PlantVillage external crop disease dataset
data/PlantVillage/Tomato_Bacterial_spot/1bfdc27c-5d3b-4b96-a835-86a09fe407de___GCREC_Bact.Sp 6266.JPG,Tomato_Bacterial_spot,PlantVillage external crop disease dataset
data/PlantVillage/Tomato__Tomato_YellowLeaf__Curl_Virus/0897310f-384b-40ea-ad5b-5cdb64669281___YLCV_GCREC 1916.JPG,Tomato__Tomato_YellowLeaf__Curl_Virus,PlantVillage external crop disease dataset
data/PlantVillage/Pepper__bell___healthy/105c1a83-1454-4b75-a174-4fa8443ff97f___JR_HL 8844.JPG,Pepper__bell___healthy,PlantVillage external crop disease dataset
data/PlantVillage/Potato___healthy/1ae826e2-5148-47bd-a44c-711ec9cc9c75___RS_HL 1954.JPG,Potato___healthy,PlantVillage external crop disease dataset
data/PlantVillage/Tomato_Late_blight/09cdb8a4-0c20-4acd-b4c8-709fad7010fd___GHLB_PS Leaf 37 Day 16.jpg,Tomato_Late_blight,PlantVillage external crop disease dataset
data/PlantVillage/Tomato_Leaf_Mold/44e7d155-8e61-4620-8442-132abc23ca58___Crnl_L.Mold 6598.JPG,Tomato_Leaf_Mold,PlantVillage external crop disease dataset
data/PlantVillage/Tomato_Late_blight/1c8bf271-8455-42f5-8e9f-8a92418116f9___GHLB2 Leaf 9066.JPG,Tomato_Late_blight,PlantVillage external crop disease dataset
data/PlantVillage/Potato___Late_blight/25bf1e56-4039-4d92-9a66-65b62e3b0f4d___RS_LB 4949.JPG,Potato___Late_blight,PlantVillage external crop disease dataset
data/PlantVillage/Tomato__Tomato_YellowLeaf__Curl_Virus/09f1a64a-addd-4216-aa34-58d250ac0ace___YLCV_GCREC 5517.JPG,Tomato__Tomato_YellowLeaf__Curl_Virus,PlantVillage external crop disease dataset
data/PlantVillage/Potato___Early_blight/4bba904e-b4af-4a81-8252-b8d997bc5057___RS_Early.B 7695.JPG,Potato___Early_blight,PlantVillage external crop disease dataset
data/PlantVillage/Tomato__Tomato_YellowLeaf__Curl_Virus/06718520-1ddc-40e0-ada1-37910bc41e36___UF.GRC_YLCV_Lab 01534.JPG,Tomato__Tomato_YellowLeaf__Curl_Virus,PlantVillage external crop disease dataset
data/PlantVillage/Tomato__Target_Spot/096df0cf-7d61-4e67-8785-cba26db95895___Com.G_TgS_FL 9970.JPG,Tomato__Target_Spot,PlantVillage external crop disease dataset
data/PlantVillage/Tomato__Tomato_YellowLeaf__Curl_Virus/04e0bd12-ec63-432a-9b4a-23e23bb6d2be___YLCV_GCREC 2208.JPG,Tomato__Tomato_YellowLeaf__Curl_Virus,PlantVillage external crop disease dataset
data/PlantVillage/Pepper__bell___healthy/3290a3a9-07b9-40a0-948b-3c346ee4e202___JR_HL 5920.JPG,Pepper__bell___healthy,PlantVillage external crop disease dataset
data/PlantVillage/Tomato_Bacterial_spot/12eda6e1-d42f-4e52-b04f-ff4f4d932783___GCREC_Bact.Sp 6275.JPG,Tomato_Bacterial_spot,PlantVillage external crop disease dataset
data/PlantVillage/Tomato__Tomato_YellowLeaf__Curl_Virus/006c18c6-2486-412b-8113-956819390392___YLCV_NREC 2629.JPG,Tomato__Tomato_YellowLeaf__Curl_Virus,PlantVillage external crop disease dataset
data/PlantVillage/Tomato__Tomato_mosaic_virus/bf950cb4-985f-4174-b32b-9ae2d6e99a84___PSU_CG 2320.JPG,Tomato__Tomato_mosaic_virus,PlantVillage external crop disease dataset
data/PlantVillage/Tomato_Late_blight/0ac3df5b-d713-42ef-b0ad-20b5410237ad___RS_Late.B 4969.JPG,Tomato_Late_blight,PlantVillage external crop disease dataset
data/PlantVillage/Tomato_Septoria_leaf_spot/1a555e99-78f6-459f-8572-b877b2e7b73c___Matt.S_CG 7415.JPG,Tomato_Septoria_leaf_spot,PlantVillage external crop disease dataset
data/PlantVillage/PlantVillage/Pepper__bell___Bacterial_spot/15b7cf0f-46ea-4390-a902-375b5b68e3fd___JR_B.Spot 3320.JPG,PlantVillage,PlantVillage external crop disease dataset
data/PlantVillage/Tomato_Spider_mites_Two_spotted_spider_mite/2a1b18db-6bbb-4c36-ad06-bf0fcaa5c4b8___Com.G_SpM_FL 1418.JPG,Tomato_Spider_mites_Two_spotted_spider_mite,PlantVillage external crop disease dataset
data/PlantVillage/Tomato_healthy/188107b9-d61f-4084-94da-4d5f8d9eedc1___RS_HL 0553.JPG,Tomato_healthy,PlantVillage external crop disease dataset
data/PlantVillage/Tomato_Late_blight/05b90bad-941f-499f-a2f6-a88e54c1da85___GHLB2 Leaf 155.2.JPG,Tomato_Late_blight,PlantVillage external crop disease dataset
data/PlantVillage/Potato___Early_blight/0d2e2971-f1c9-4278-b35c-91dd8a22a64d___RS_Early.B 7581.JPG,Potato___Early_blight,PlantVillage external crop disease dataset
data/PlantVillage/PlantVillage/Pepper__bell___Bacterial_spot/2679d7e8-de91-4864-8123-d5652069232e___JR_B.Spot 3375.JPG,PlantVillage,PlantVillage external crop disease dataset
data/PlantVillage/Tomato__Tomato_YellowLeaf__Curl_Virus/053d3504-ce55-4fa1-b0e4-742f3fb86973___UF.GRC_YLCV_Lab 01980.JPG,Tomato__Tomato_YellowLeaf__Curl_Virus,PlantVillage external crop disease dataset
data/PlantVillage/Potato___Late_blight/2565077d-44d3-4213-82c2-bf5ae9a64368___RS_LB 3295.JPG,Potato___Late_blight,PlantVillage external crop disease dataset
data/PlantVillage/Tomato__Target_Spot/2cf65636-9118-4fd6-ada3-1ac605d85356___Com.G_TgS_FL 0971.JPG,Tomato__Target_Spot,PlantVillage external crop disease dataset
data/PlantVillage/Potato___Late_blight/350662fe-0ebf-4e6b-9ff9-6ceaf9d22067___RS_LB 3877.JPG,Potato___Late_blight,PlantVillage external crop disease dataset
data/PlantVillage/Tomato__Target_Spot/290ea84a-2458-4291-8065-644c5a826935___Com.G_TgS_FL 0039.JPG,Tomato__Target_Spot,PlantVillage external crop disease dataset
data/PlantVillage/Tomato_Leaf_Mold/0db4cbf4-fa94-42c8-8bf5-90114281c569___Crnl_L.Mold 8681.JPG,Tomato_Leaf_Mold,PlantVillage external crop disease dataset
data/PlantVillage/Tomato_healthy/27bda660-1691-4763-a125-824f521587d9___RS_HL 0305.JPG,Tomato_healthy,PlantVillage external crop disease dataset
data/PlantVillage/Tomato_Bacterial_spot/0ac8c80f-6d67-46ee-b662-8265d9df9183___GCREC_Bact.Sp 6115.JPG,Tomato_Bacterial_spot,PlantVillage external crop disease dataset
data/PlantVillage/Tomato_Leaf_Mold/0a555f63-bf03-4958-8993-e1932b8dce9f___Crnl_L.Mold 9064.JPG,Tomato_Leaf_Mold,PlantVillage external crop disease dataset
data/PlantVillage/Tomato_Septoria_leaf_spot/23e043f7-9634-44e5-a49a-25d4ee7e151a___Matt.S_CG 7798.JPG,Tomato_Septoria_leaf_spot,PlantVillage external crop disease dataset
data/PlantVillage/Tomato_Early_blight/0e39c18a-9e04-4f6b-b557-dc0e944d22e5___RS_Erly.B 9501.JPG,Tomato_Early_blight,PlantVillage external crop disease dataset
data/PlantVillage/Potato___Late_blight/2c1218c8-eaea-4f5a-be4b-34e34a705063___RS_LB 2530.JPG,Potato___Late_blight,PlantVillage external crop disease dataset
data/PlantVillage/Tomato_Spider_mites_Two_spotted_spider_mite/21f453e9-2c35-42f3-9f9f-2a0bedee16d0___Com.G_SpM_FL 1513.JPG,Tomato_Spider_mites_Two_spotted_spider_mite,PlantVillage external crop disease dataset
data/PlantVillage/Tomato_Late_blight/1ac4f6ea-d2d0-4b94-93f0-788a5e92fe90___GHLB2 Leaf 8707.JPG,Tomato_Late_blight,PlantVillage external crop disease dataset
data/PlantVillage/Pepper__bell___healthy/10e9f67f-8f2f-4bec-a20a-62d032cc3414___JR_HL 7808.JPG,Pepper__bell___healthy,PlantVillage external crop disease dataset
data/PlantVillage/Tomato__Target_Spot/13eec704-81e1-46ff-b316-f9271fc39d3b___Com.G_TgS_FL 1114.JPG,Tomato__Target_Spot,PlantVillage external crop disease dataset
data/PlantVillage/Potato___healthy/31a09d39-6791-4ecb-8f44-af2ed85dbd33___RS_HL 1970.JPG,Potato___healthy,PlantVillage external crop disease dataset
data/PlantVillage/Tomato__Tomato_mosaic_virus/8bfa3082-1cd3-4520-b8cc-2fae871dbc55___PSU_CG 2239.JPG,Tomato__Tomato_mosaic_virus,PlantVillage external crop disease dataset
data/PlantVillage/Tomato__Target_Spot/20e074f5-27bb-48ac-8cb6-bb6586f3aeaa___Com.G_TgS_FL 8200.JPG,Tomato__Target_Spot,PlantVillage external crop disease dataset
data/PlantVillage/Potato___healthy/949cafd0-098b-497f-9590-f0fb8ccafc94___RS_HL 4168.JPG,Potato___healthy,PlantVillage external crop disease dataset
data/PlantVillage/Tomato__Target_Spot/1dcaf64c-19e6-4854-8d99-53c30dbefcef___Com.G_TgS_FL 0999.JPG,Tomato__Target_Spot,PlantVillage external crop disease dataset
data/PlantVillage/PlantVillage/Pepper__bell___Bacterial_spot/41f3e9be-44a8-42b1-9654-8e7127bfc57e___JR_B.Spot 9048.JPG,PlantVillage,PlantVillage external crop disease dataset
data/PlantVillage/Tomato__Tomato_mosaic_virus/4139ab06-a33a-448d-819a-3b6da9784a2d___PSU_CG 2049.JPG,Tomato__Tomato_mosaic_virus,PlantVillage external crop disease dataset
data/PlantVillage/Tomato__Tomato_YellowLeaf__Curl_Virus/057bc3cc-7742-4aea-a79c-e1f3d5b7e7ee___UF.GRC_YLCV_Lab 02000.JPG,Tomato__Tomato_YellowLeaf__Curl_Virus,PlantVillage external crop disease dataset
data/PlantVillage/Tomato_Septoria_leaf_spot/296f4660-5675-43b8-8b1f-20e8e9b228b7___JR_Sept.L.S 2612.JPG,Tomato_Septoria_leaf_spot,PlantVillage external crop disease dataset
data/PlantVillage/Pepper__bell___Bacterial_spot/0fe8a42b-b943-43d6-88c4-78abdcbfe02d___NREC_B.Spot 9236.JPG,Pepper__bell___Bacterial_spot,PlantVillage external crop disease dataset
data/PlantVillage/Tomato_Leaf_Mold/269f3e0a-4d4f-4598-b19d-9f5428342464___Crnl_L.Mold 8745.JPG,Tomato_Leaf_Mold,PlantVillage external crop disease dataset
data/PlantVillage/Tomato_Early_blight/22742bf8-7e7f-41cc-bf74-5fe80d6cf0cd___RS_Erly.B 6370.JPG,Tomato_Early_blight,PlantVillage external crop disease dataset
data/PlantVillage/Tomato_Bacterial_spot/04fcd6e4-a96e-49ba-b67a-32b88337b505___GCREC_Bact.Sp 3689.JPG,Tomato_Bacterial_spot,PlantVillage external crop disease dataset
data/PlantVillage/Tomato_Spider_mites_Two_spotted_spider_mite/08261e43-0fe0-42bd-9c15-3dca406ba0bf___Com.G_SpM_FL 1359.JPG,Tomato_Spider_mites_Two_spotted_spider_mite,PlantVillage external crop disease dataset
data/PlantVillage/Tomato_Early_blight/28d03063-a772-4136-80fd-3bbff0fffa41___RS_Erly.B 7370.JPG,Tomato_Early_blight,PlantVillage external crop disease dataset
data/PlantVillage/Tomato__Tomato_mosaic_virus/2bd56a9c-3dec-41f7-ab7a-403670ea0462___PSU_CG 2346.JPG,Tomato__Tomato_mosaic_virus,PlantVillage external crop disease dataset
data/PlantVillage/Tomato_Leaf_Mold/329f2f31-ceca-402f-a007-21d64fe75f5e___Crnl_L.Mold 6519.JPG,Tomato_Leaf_Mold,PlantVillage external crop disease dataset
data/PlantVillage/Tomato_healthy/06639369-2e38-48cc-a27a-5b90388d227e___RS_HL 0389.JPG,Tomato_healthy,PlantVillage external crop disease dataset
data/PlantVillage/Pepper__bell___Bacterial_spot/11a23270-53e7-41b6-8c79-91caeaf9cfa6___JR_B.Spot 9050.JPG,Pepper__bell___Bacterial_spot,PlantVillage external crop disease dataset
data/PlantVillage/Tomato_Bacterial_spot/0b13b997-9957-4029-b2a4-ef4a046eb088___UF.GRC_BS_Lab Leaf 0595.JPG,Tomato_Bacterial_spot,PlantVillage external crop disease dataset
data/PlantVillage/Tomato_Spider_mites_Two_spotted_spider_mite/2f577458-6085-4b56-9291-56a902c577d4___Com.G_SpM_FL 1466.JPG,Tomato_Spider_mites_Two_spotted_spider_mite,PlantVillage external crop disease dataset
data/PlantVillage/Tomato_healthy/15ba0299-5f38-47ed-ab19-fe6a72737705___RS_HL 9732.JPG,Tomato_healthy,PlantVillage external crop disease dataset
data/PlantVillage/Tomato_Late_blight/098502fa-e07f-4d89-8279-adf307800887___GHLB2 Leaf 8980.JPG,Tomato_Late_blight,PlantVillage external crop disease dataset
data/PlantVillage/Potato___Early_blight/432f1b02-9493-4cf1-8ef7-a40f817e43ff___RS_Early.B 8497.JPG,Potato___Early_blight,PlantVillage external crop disease dataset
data/PlantVillage/Potato___Late_blight/351a1e47-c9b5-4b38-a5c1-b3d390bfe506___RS_LB 4429.JPG,Potato___Late_blight,PlantVillage external crop disease dataset
data/PlantVillage/Tomato_Spider_mites_Two_spotted_spider_mite/14ad9c80-2dcc-4ed3-85d8-84e5621af8ae___Com.G_SpM_FL 1276.JPG,Tomato_Spider_mites_Two_spotted_spider_mite,PlantVillage external crop disease dataset
data/PlantVillage/Potato___Late_blight/304b3fa0-f0cb-41b5-b835-9bd13773150a___RS_LB 4696.JPG,Potato___Late_blight,PlantVillage external crop disease dataset
data/PlantVillage/Tomato_Septoria_leaf_spot/129fba33-b39b-4c74-b45f-4e602eb7af20___Keller.St_CG 1837.JPG,Tomato_Septoria_leaf_spot,PlantVillage external crop disease dataset
data/PlantVillage/Potato___Late_blight/2e2bc24d-9900-4b0b-a8ec-abb444350c03___RS_LB 4701.JPG,Potato___Late_blight,PlantVillage external crop disease dataset
data/PlantVillage/Potato___healthy/3a00204c-5e53-4e5d-95a6-f8819031744e___RS_HL 5420.JPG,Potato___healthy,PlantVillage external crop disease dataset
data/PlantVillage/Pepper__bell___healthy/32ad9931-dd83-42be-9502-d0cf967048f9___JR_HL 8255.JPG,Pepper__bell___healthy,PlantVillage external crop disease dataset
data/PlantVillage/Tomato__Tomato_mosaic_virus/453cf1e5-cfb7-4350-8257-c51a47fb36b8___PSU_CG 2111.JPG,Tomato__Tomato_mosaic_virus,PlantVillage external crop disease dataset
data/PlantVillage/Pepper__bell___Bacterial_spot/45c9c618-5b71-4d9d-a08a-4bd3ceaa0be4___NREC_B.Spot 9178.JPG,Pepper__bell___Bacterial_spot,PlantVillage external crop disease dataset
data/PlantVillage/Pepper__bell___healthy/1bb25702-cb7c-4ff1-9f08-41153553fd58___JR_HL 8364.JPG,Pepper__bell___healthy,PlantVillage external crop disease dataset
data/PlantVillage/Tomato_Late_blight/21f3629a-8126-4f23-85c5-05636ff87644___RS_Late.B 6906.JPG,Tomato_Late_blight,PlantVillage external crop disease dataset
data/PlantVillage/Tomato__Tomato_mosaic_virus/3ecbb7b8-ad66-4944-886e-de2ae2c2c35e___PSU_CG 2095.JPG,Tomato__Tomato_mosaic_virus,PlantVillage external crop disease dataset
data/PlantVillage/Pepper__bell___Bacterial_spot/06d752a4-d4a5-439e-b374-231a2cc64032___NREC_B.Spot 1868.JPG,Pepper__bell___Bacterial_spot,PlantVillage external crop disease dataset
data/PlantVillage/Tomato_Late_blight/2164b3f8-102c-481c-9d89-7e2f6087a121___RS_Late.B 5065.JPG,Tomato_Late_blight,PlantVillage external crop disease dataset
data/PlantVillage/Tomato__Tomato_mosaic_virus/a3bfb1c8-d60a-4894-adf8-297035279f47___PSU_CG 2306.JPG,Tomato__Tomato_mosaic_virus,PlantVillage external crop disease dataset
data/PlantVillage/Pepper__bell___healthy/3306b49b-e3b3-4450-8609-ae44ab2b6593___bell-pepper-plant-61726.jpg,Pepper__bell___healthy,PlantVillage external crop disease dataset
data/PlantVillage/Tomato_Spider_mites_Two_spotted_spider_mite/174d0b38-319e-465d-bdaa-4e32693d0e91___Com.G_SpM_FL 1221.JPG,Tomato_Spider_mites_Two_spotted_spider_mite,PlantVillage external crop disease dataset
data/PlantVillage/PlantVillage/Pepper__bell___Bacterial_spot/2d553272-2101-4d56-9819-9f08de938418___NREC_B.Spot 9087.JPG,PlantVillage,PlantVillage external crop disease dataset
data/PlantVillage/Tomato_Bacterial_spot/247444c2-846f-4626-9c69-762c6f278538___GCREC_Bact.Sp 3452.JPG,Tomato_Bacterial_spot,PlantVillage external crop disease dataset
data/PlantVillage/Potato___healthy/d325e580-5faa-4aea-927d-2700f52cc343___RS_HL 1872.JPG,Potato___healthy,PlantVillage external crop disease dataset
data/PlantVillage/Tomato_Spider_mites_Two_spotted_spider_mite/23e686ff-5f19-4bda-a1f5-b66aa15b48ad___Com.G_SpM_FL 1773.JPG,Tomato_Spider_mites_Two_spotted_spider_mite,PlantVillage external crop disease dataset
data/PlantVillage/PlantVillage/Pepper__bell___Bacterial_spot/1b589f92-a658-4e58-96de-db41acc411ce___JR_B.Spot 3239.JPG,PlantVillage,PlantVillage external crop disease dataset
data/PlantVillage/Tomato_healthy/0764ce38-ecb9-4046-88d9-c8f176c6ee8b___GH_HL Leaf 423.JPG,Tomato_healthy,PlantVillage external crop disease dataset
data/PlantVillage/Tomato__Tomato_mosaic_virus/176ff795-1f59-4248-8374-bf5a88187934___PSU_CG 2160.JPG,Tomato__Tomato_mosaic_virus,PlantVillage external crop disease dataset
data/PlantVillage/Tomato__Tomato_mosaic_virus/0fcf9c2a-5c8c-4f37-aa43-6fd41d5e5442___PSU_CG 2055.JPG,Tomato__Tomato_mosaic_virus,PlantVillage external crop disease dataset
data/PlantVillage/Potato___Late_blight/1ed357f9-f036-4bf2-b180-1588976eb116___RS_LB 3005.JPG,Potato___Late_blight,PlantVillage external crop disease dataset
data/PlantVillage/Tomato_Leaf_Mold/4721ba47-ec00-4557-bca6-ba454ddcb9a9___Crnl_L.Mold 6722.JPG,Tomato_Leaf_Mold,PlantVillage external crop disease dataset
data/PlantVillage/Tomato_Early_blight/16ce3799-ff03-4724-8c99-48a4243a6ff9___RS_Erly.B 9565.JPG,Tomato_Early_blight,PlantVillage external crop disease dataset
data/PlantVillage/Tomato__Target_Spot/39c2047a-9d7b-489e-b790-45bf9340ee97___Com.G_TgS_FL 8331.JPG,Tomato__Target_Spot,PlantVillage external crop disease dataset
data/PlantVillage/Tomato_Late_blight/1909260c-1e08-4a8f-a702-60549ada08b2___RS_Late.B 6671.JPG,Tomato_Late_blight,PlantVillage external crop disease dataset
data/PlantVillage/Tomato_Septoria_leaf_spot/2b66d465-d98a-405a-9775-3b03ac58e7e5___Matt.S_CG 0757.JPG,Tomato_Septoria_leaf_spot,PlantVillage external crop disease dataset
data/PlantVillage/Tomato__Tomato_mosaic_virus/3cb6ee9b-8550-4216-bde5-814807add4e5___PSU_CG 2395.JPG,Tomato__Tomato_mosaic_virus,PlantVillage external crop disease dataset
data/PlantVillage/Tomato_Spider_mites_Two_spotted_spider_mite/20630492-00f2-4da5-bda0-97c3a0bbdcc8___Com.G_SpM_FL 1150.JPG,Tomato_Spider_mites_Two_spotted_spider_mite,PlantVillage external crop disease dataset
data/PlantVillage/Potato___healthy/f30983c0-6e20-43cc-8672-4622ca34c830___RS_HL 1949.JPG,Potato___healthy,PlantVillage external crop disease dataset
data/PlantVillage/Potato___healthy/ff700844-68ad-4e99-8427-58a39c07f817___RS_HL 1860.JPG,Potato___healthy,PlantVillage external crop disease dataset
data/PlantVillage/Tomato_healthy/2c741e7d-d03b-4903-8e42-1e43f5ad7286___RS_HL 0131.JPG,Tomato_healthy,PlantVillage external crop disease dataset
data/PlantVillage/Pepper__bell___Bacterial_spot/12f47cff-1a75-47ec-99d2-01720786e478___NREC_B.Spot 1859.JPG,Pepper__bell___Bacterial_spot,PlantVillage external crop disease dataset
data/PlantVillage/Tomato__Tomato_mosaic_virus/6c3a09c7-04b2-4c0d-bbe0-bf55ea2e5472___PSU_CG 2195.JPG,Tomato__Tomato_mosaic_virus,PlantVillage external crop disease dataset
data/PlantVillage/Tomato__Target_Spot/098d910d-90dd-45c4-9949-dd7b181aed32___Com.G_TgS_FL 0651.JPG,Tomato__Target_Spot,PlantVillage external crop disease dataset
data/PlantVillage/Tomato_Septoria_leaf_spot/13bc2fc9-24ab-44c5-bf5d-ea0d1a68798f___Matt.S_CG 0980.JPG,Tomato_Septoria_leaf_spot,PlantVillage external crop disease dataset
data/PlantVillage/Pepper__bell___Bacterial_spot/264753e7-97b9-4f1e-a1c2-a9239eb691b9___JR_B.Spot 8866.JPG,Pepper__bell___Bacterial_spot,PlantVillage external crop disease dataset
data/PlantVillage/Tomato_Late_blight/22c36fa3-849f-4918-8790-99a8bda1e527___RS_Late.B 5987.JPG,Tomato_Late_blight,PlantVillage external crop disease dataset
data/PlantVillage/Potato___Late_blight/23e2a413-2191-4a94-a305-c12b4ed24aa3___RS_LB 2555.JPG,Potato___Late_blight,PlantVillage external crop disease dataset
data/PlantVillage/Tomato_Leaf_Mold/22d04ec1-94b9-4716-a441-ae6c40232131___Crnl_L.Mold 8744.JPG,Tomato_Leaf_Mold,PlantVillage external crop disease dataset
data/PlantVillage/Potato___Early_blight/49f13f57-6881-4caa-839b-d93215ce1b77___RS_Early.B 7009.JPG,Potato___Early_blight,PlantVillage external crop disease dataset
data/PlantVillage/Tomato__Target_Spot/093309e9-6802-4e67-9d9c-b944aff0f743___Com.G_TgS_FL 9732.JPG,Tomato__Target_Spot,PlantVillage external crop disease dataset
data/PlantVillage/Tomato_Bacterial_spot/0f80595f-b712-4028-b7db-7627322ce019___GCREC_Bact.Sp 5712.JPG,Tomato_Bacterial_spot,PlantVillage external crop disease dataset
data/PlantVillage/Tomato_Leaf_Mold/50f3f827-c254-4de3-a7d3-0a5d755367fc___Crnl_L.Mold 8733.JPG,Tomato_Leaf_Mold,PlantVillage external crop disease dataset
data/PlantVillage/Potato___Late_blight/22b19227-ae7e-495e-9fe0-d286fbcf9412___RS_LB 3996.JPG,Potato___Late_blight,PlantVillage external crop disease dataset
data/PlantVillage/Tomato_Bacterial_spot/1a017b74-a549-433b-979b-3e3ace67b50d___GCREC_Bact.Sp 5715.JPG,Tomato_Bacterial_spot,PlantVillage external crop disease dataset
data/PlantVillage/Tomato_Early_blight/0f1fb081-c715-414e-aa64-2c398ba6c320___RS_Erly.B 6382.JPG,Tomato_Early_blight,PlantVillage external crop disease dataset
data/PlantVillage/Pepper__bell___healthy/21d172cd-9cac-4bad-bdcb-4f72eb265f5a___JR_HL 8422.JPG,Pepper__bell___healthy,PlantVillage external crop disease dataset
data/PlantVillage/Potato___Late_blight/09fa42e4-1736-494e-8c46-50c6900586d6___RS_LB 5212.JPG,Potato___Late_blight,PlantVillage external crop disease dataset
data/PlantVillage/PlantVillage/Pepper__bell___Bacterial_spot/21556c18-1833-43a9-86b2-8e7130b4dbce___JR_B.Spot 3230.JPG,PlantVillage,PlantVillage external crop disease dataset
data/PlantVillage/Tomato_Septoria_leaf_spot/006c018a-bb21-4a24-b1ff-d8b2864a7354___Matt.S_CG 6192.JPG,Tomato_Septoria_leaf_spot,PlantVillage external crop disease dataset
data/PlantVillage/Tomato__Target_Spot/1d4b2b39-04ca-4921-b824-52c7062f4efb___Com.G_TgS_FL 9810.JPG,Tomato__Target_Spot,PlantVillage external crop disease dataset
data/PlantVillage/Potato___Late_blight/1338edcb-9e0e-458c-845e-206b869f9199___RS_LB 3205.JPG,Potato___Late_blight,PlantVillage external crop disease dataset
data/PlantVillage/Tomato_Spider_mites_Two_spotted_spider_mite/1767a6b2-2764-49a1-b774-3c411337bb63___Com.G_SpM_FL 1201.JPG,Tomato_Spider_mites_Two_spotted_spider_mite,PlantVillage external crop disease dataset
data/PlantVillage/Tomato_Leaf_Mold/55aaf81e-1a23-419c-9b20-a24f5ab5e0ec___Crnl_L.Mold 6549.JPG,Tomato_Leaf_Mold,PlantVillage external crop disease dataset
data/PlantVillage/Pepper__bell___Bacterial_spot/3700475e-b0b1-4b8b-90bd-374be22dbfd0___NREC_B.Spot 1860.JPG,Pepper__bell___Bacterial_spot,PlantVillage external crop disease dataset
data/PlantVillage/Potato___Early_blight/4eb1fee6-e288-4c32-841d-9fc1d1824508___RS_Early.B 8446.JPG,Potato___Early_blight,PlantVillage external crop disease dataset
data/PlantVillage/PlantVillage/Pepper__bell___Bacterial_spot/234f12c4-f47d-4712-8780-3e1e99bf4c42___JR_B.Spot 3174.JPG,PlantVillage,PlantVillage external crop disease dataset
data/PlantVillage/PlantVillage/Pepper__bell___Bacterial_spot/292d6666-67ca-4c4f-91e9-b7313fdd523c___NREC_B.Spot 9130.JPG,PlantVillage,PlantVillage external crop disease dataset
data/PlantVillage/PlantVillage/Pepper__bell___Bacterial_spot/113d374f-8b12-454c-84cc-ee91043bc988___NREC_B.Spot 9146.JPG,PlantVillage,PlantVillage external crop disease dataset
data/PlantVillage/Tomato_Bacterial_spot/01d7f4fe-793f-4a9b-bc8b-8aa05200984f___GCREC_Bact.Sp 2984.JPG,Tomato_Bacterial_spot,PlantVillage external crop disease dataset
data/PlantVillage/Tomato_Leaf_Mold/0d54c850-da9a-498d-a636-ddeac067fd7e___Crnl_L.Mold 6746.JPG,Tomato_Leaf_Mold,PlantVillage external crop disease dataset
data/PlantVillage/Potato___Late_blight/40285dce-33de-4a59-82f4-2eb1d6d38469___RS_LB 4929.JPG,Potato___Late_blight,PlantVillage external crop disease dataset
data/PlantVillage/Tomato__Tomato_mosaic_virus/7a6e4837-d63d-465a-abae-ef857bf43e2d___PSU_CG 2117.JPG,Tomato__Tomato_mosaic_virus,PlantVillage external crop disease dataset
data/PlantVillage/Pepper__bell___Bacterial_spot/2becae93-578d-44c6-8e74-056e59d15c8e___JR_B.Spot 3396.JPG,Pepper__bell___Bacterial_spot,PlantVillage external crop disease dataset
data/PlantVillage/Tomato_Early_blight/0db67be3-f733-4d15-b7d9-5d075b2cafc7___RS_Erly.B 6401.JPG,Tomato_Early_blight,PlantVillage external crop disease dataset
data/PlantVillage/Potato___healthy/1dcfeaa9-006d-470c-b3e5-d67609d07d4e___RS_HL 1808.JPG,Potato___healthy,PlantVillage external crop disease dataset
data/PlantVillage/Tomato_Leaf_Mold/1ed685c5-7ed4-497e-b9dc-f2851fe7d865___Crnl_L.Mold 6828.JPG,Tomato_Leaf_Mold,PlantVillage external crop disease dataset
data/PlantVillage/PlantVillage/Pepper__bell___Bacterial_spot/418e8c33-046a-4056-99a6-83f20ba017fa___JR_B.Spot 3300.JPG,PlantVillage,PlantVillage external crop disease dataset
data/PlantVillage/Tomato_Bacterial_spot/12cb9794-7459-488f-820e-f86a3d6b8a3a___GCREC_Bact.Sp 3119.JPG,Tomato_Bacterial_spot,PlantVillage external crop disease dataset
data/PlantVillage/Tomato_Early_blight/0abc57ec-7f3b-482a-8579-21f3b2fb780b___RS_Erly.B 7609.JPG,Tomato_Early_blight,PlantVillage external crop disease dataset
data/PlantVillage/Tomato_Early_blight/3a5a5775-fd2c-43ea-ad6b-ce2e50b36dcf___RS_Erly.B 6469.JPG,Tomato_Early_blight,PlantVillage external crop disease dataset
data/PlantVillage/Tomato_healthy/042d59c2-2fd8-45c2-91bb-c0a05dd07f30___RS_HL 0257.JPG,Tomato_healthy,PlantVillage external crop disease dataset
data/PlantVillage/Tomato_Early_blight/42c0d61f-b28e-43e9-9fa3-bb03c6ec086a___RS_Erly.B 9601.JPG,Tomato_Early_blight,PlantVillage external crop disease dataset
data/PlantVillage/Tomato__Tomato_mosaic_virus/3b0a3f5d-ff2c-4c7b-a8b9-71d8daa6dd4f___PSU_CG 2097.JPG,Tomato__Tomato_mosaic_virus,PlantVillage external crop disease dataset
data/PlantVillage/Pepper__bell___Bacterial_spot/0c1eb1fd-9e3a-4396-81bc-7d1d3eccc5ed___JR_B.Spot 3369.JPG,Pepper__bell___Bacterial_spot,PlantVillage external crop disease dataset
data/PlantVillage/Potato___Late_blight/38c1c136-d91d-4527-aa8f-623a574a41d9___RS_LB 3042.JPG,Potato___Late_blight,PlantVillage external crop disease dataset
data/PlantVillage/Tomato_Leaf_Mold/4f0b72d1-a80a-4602-9b93-495a7174dcdb___Crnl_L.Mold 8936.JPG,Tomato_Leaf_Mold,PlantVillage external crop disease dataset
data/PlantVillage/Tomato_healthy/000146ff-92a4-4db6-90ad-8fce2ae4fddd___GH_HL Leaf 259.1.JPG,Tomato_healthy,PlantVillage external crop disease dataset
data/PlantVillage/Pepper__bell___healthy/1d9f7d60-de05-420d-b620-63d0d1670b76___JR_HL 8837.JPG,Pepper__bell___healthy,PlantVillage external crop disease dataset
data/PlantVillage/Pepper__bell___healthy/30017b31-dbab-47e3-9c73-78864b785972___JR_HL 5905.JPG,Pepper__bell___healthy,PlantVillage external crop disease dataset
data/PlantVillage/Tomato_Septoria_leaf_spot/21e23277-e1e0-49b6-a2e7-e6b3756c3647___Matt.S_CG 6811.JPG,Tomato_Septoria_leaf_spot,PlantVillage external crop disease dataset
data/PlantVillage/Tomato_Bacterial_spot/04ee9562-c932-46ef-8e31-da20d4e2e740___GCREC_Bact.Sp 6121.JPG,Tomato_Bacterial_spot,PlantVillage external crop disease dataset
data/PlantVillage/Tomato__Target_Spot/2685b528-885d-4ee4-b525-2d4c10ec2d21___Com.G_TgS_FL 0045.JPG,Tomato__Target_Spot,PlantVillage external crop disease dataset
data/PlantVillage/Tomato__Tomato_YellowLeaf__Curl_Virus/086d934e-5c88-4eb1-9011-5a7358529704___YLCV_GCREC 5450.JPG,Tomato__Tomato_YellowLeaf__Curl_Virus,PlantVillage external crop disease dataset
data/PlantVillage/Tomato_healthy/0aacdad5-c9b9-4309-96e3-0797bbed1375___RS_HL 9836.JPG,Tomato_healthy,PlantVillage external crop disease dataset
data/PlantVillage/Tomato__Tomato_mosaic_virus/a5bc7391-adbd-4d94-89b0-e3aeb7ba81b9___PSU_CG 2368.JPG,Tomato__Tomato_mosaic_virus,PlantVillage external crop disease dataset
data/PlantVillage/Tomato__Tomato_mosaic_virus/1b9dc07a-40ab-45bc-a873-1ad4212e35a3___PSU_CG 2289.JPG,Tomato__Tomato_mosaic_virus,PlantVillage external crop disease dataset
data/PlantVillage/Pepper__bell___Bacterial_spot/0c2392f6-3e69-4baf-b9f3-197623f6631a___JR_B.Spot 3176.JPG,Pepper__bell___Bacterial_spot,PlantVillage external crop disease dataset
data/PlantVillage/Tomato_Early_blight/3c09557f-b69a-423e-a84f-8fd9ee6467d2___RS_Erly.B 9490.JPG,Tomato_Early_blight,PlantVillage external crop disease dataset
data/PlantVillage/Potato___Early_blight/336e5156-8947-46a7-a6fb-e993255d9091___RS_Early.B 8085.JPG,Potato___Early_blight,PlantVillage external crop disease dataset
data/PlantVillage/Tomato_Bacterial_spot/18f7004e-226b-42cc-bcaf-db9c47c5da65___UF.GRC_BS_Lab Leaf 9237.JPG,Tomato_Bacterial_spot,PlantVillage external crop disease dataset
data/PlantVillage/Pepper__bell___Bacterial_spot/376e68b6-818c-4ed5-97d2-ec9b0ac55bff___NREC_B.Spot 9102.JPG,Pepper__bell___Bacterial_spot,PlantVillage external crop disease dataset
data/PlantVillage/Potato___Late_blight/36f84bc9-df52-44b6-b420-29c3881dea1e___RS_LB 4485.JPG,Potato___Late_blight,PlantVillage external crop disease dataset
data/PlantVillage/Pepper__bell___healthy/35f2cedd-7967-4ae8-9e69-c86a8cd0c20d___JR_HL 7579.JPG,Pepper__bell___healthy,PlantVillage external crop disease dataset
data/PlantVillage/Tomato_Spider_mites_Two_spotted_spider_mite/1954b3c0-6f93-40ee-9618-4efafe5d7b87___Com.G_SpM_FL 8961.JPG,Tomato_Spider_mites_Two_spotted_spider_mite,PlantVillage external crop disease dataset
data/PlantVillage/Pepper__bell___Bacterial_spot/292d6666-67ca-4c4f-91e9-b7313fdd523c___NREC_B.Spot 9130.JPG,Pepper__bell___Bacterial_spot,PlantVillage external crop disease dataset
data/PlantVillage/Tomato_Spider_mites_Two_spotted_spider_mite/128451c9-2ad2-44b3-8188-82ee11bcb6d5___Com.G_SpM_FL 1157.JPG,Tomato_Spider_mites_Two_spotted_spider_mite,PlantVillage external crop disease dataset
data/PlantVillage/Tomato_Leaf_Mold/0425e1f8-950e-4f8f-a8cc-66809d61ef54___Crnl_L.Mold 6783.JPG,Tomato_Leaf_Mold,PlantVillage external crop disease dataset
data/PlantVillage/Tomato_Bacterial_spot/1371d8ed-b95f-4dd0-834c-9f3a944ca8dd___GCREC_Bact.Sp 3463.JPG,Tomato_Bacterial_spot,PlantVillage external crop disease dataset
data/PlantVillage/Tomato_Spider_mites_Two_spotted_spider_mite/1d1c9133-33c7-476d-a358-8699d5de8e1d___Com.G_SpM_FL 8915.JPG,Tomato_Spider_mites_Two_spotted_spider_mite,PlantVillage external crop disease dataset
data/PlantVillage/Potato___Early_blight/1e671694-5713-4568-b8ad-06f15688d25e___RS_Early.B 7659.JPG,Potato___Early_blight,PlantVillage external crop disease dataset
data/PlantVillage/Tomato_Septoria_leaf_spot/0c1aa7e5-a820-4fb8-8bc2-623a6056e749___JR_Sept.L.S 2659.JPG,Tomato_Septoria_leaf_spot,PlantVillage external crop disease dataset
data/PlantVillage/Tomato_Septoria_leaf_spot/2a2b0821-26eb-4322-a603-1ba569b9de98___JR_Sept.L.S 8513.JPG,Tomato_Septoria_leaf_spot,PlantVillage external crop disease dataset
data/PlantVillage/Tomato_Late_blight/0c9ff8e1-b610-43e3-b914-5e9576dd8083___GHLB2 Leaf 107.1.JPG,Tomato_Late_blight,PlantVillage external crop disease dataset
data/PlantVillage/Tomato_healthy/2db5d3de-824c-4e62-9db1-e271d13ea27e___GH_HL Leaf 273.1.JPG,Tomato_healthy,PlantVillage external crop disease dataset
data/PlantVillage/Tomato__Target_Spot/10e35abb-b0a4-4aa2-a533-ab12c7fbe76a___Com.G_TgS_FL 8035.JPG,Tomato__Target_Spot,PlantVillage external crop disease dataset
data/PlantVillage/Pepper__bell___healthy/03e8ce3f-9bb5-481c-945b-1fa7d5da09e3___JR_HL 7583.JPG,Pepper__bell___healthy,PlantVillage external crop disease dataset
data/PlantVillage/Potato___healthy/b42621c3-f751-46e1-a8d2-83ed85b90554___RS_HL 1740.JPG,Potato___healthy,PlantVillage external crop disease dataset
data/PlantVillage/Tomato__Target_Spot/13eeb215-0df7-48c3-a6ed-5bc0db687a5f___Com.G_TgS_FL 9723.JPG,Tomato__Target_Spot,PlantVillage external crop disease dataset
data/PlantVillage/Potato___Early_blight/042135e2-e126-4900-9212-d42d900b8125___RS_Early.B 8791.JPG,Potato___Early_blight,PlantVillage external crop disease dataset
data/PlantVillage/Tomato_healthy/283a4ff6-4a72-498d-b5fc-df970b8b4b83___RS_HL 9643.JPG,Tomato_healthy,PlantVillage external crop disease dataset
data/PlantVillage/PlantVillage/Pepper__bell___Bacterial_spot/0c2392f6-3e69-4baf-b9f3-197623f6631a___JR_B.Spot 3176.JPG,PlantVillage,PlantVillage external crop disease dataset
data/PlantVillage/Potato___Late_blight/0b2bdc8e-90fd-4bb4-bedb-485502fe8a96___RS_LB 4906.JPG,Potato___Late_blight,PlantVillage external crop disease dataset
data/PlantVillage/PlantVillage/Pepper__bell___Bacterial_spot/3ddc56a6-7b13-43ae-841a-c6f6818d001b___JR_B.Spot 3190.JPG,PlantVillage,PlantVillage external crop disease dataset
data/PlantVillage/Tomato_Early_blight/1f4c6478-a39b-4974-aeef-3fcfa5ea69a6___RS_Erly.B 7385.JPG,Tomato_Early_blight,PlantVillage external crop disease dataset
data/PlantVillage/Tomato_Early_blight/3b86d42f-4b22-4bfe-bfa9-ec4567c886dc___RS_Erly.B 7823.JPG,Tomato_Early_blight,PlantVillage external crop disease dataset
data/PlantVillage/Tomato__Tomato_YellowLeaf__Curl_Virus/0a3d19ca-a126-4ea3-83e3-0abb0e9b02e3___YLCV_GCREC 2449.JPG,Tomato__Tomato_YellowLeaf__Curl_Virus,PlantVillage external crop disease dataset
data/PlantVillage/Potato___Late_blight/1d05837e-11e4-40a4-8bd5-cfe5ad67365a___RS_LB 5428.JPG,Potato___Late_blight,PlantVillage external crop disease dataset
data/PlantVillage/Tomato__Target_Spot/1070e740-6ac0-4e66-b450-ae7ced095091___Com.G_TgS_FL 0757.JPG,Tomato__Target_Spot,PlantVillage external crop disease dataset
data/PlantVillage/Tomato_Spider_mites_Two_spotted_spider_mite/1dde88ff-2897-4181-834f-e3629e3cd12c___Com.G_SpM_FL 9560.JPG,Tomato_Spider_mites_Two_spotted_spider_mite,PlantVillage external crop disease dataset
data/PlantVillage/Tomato__Target_Spot/1bd1e7a3-614e-4ae4-8707-effd2b0e42fb___Com.G_TgS_FL 0688.JPG,Tomato__Target_Spot,PlantVillage external crop disease dataset
data/PlantVillage/Tomato__Tomato_mosaic_virus/71aa5741-6923-4593-9a23-bc7f58dc40b2___PSU_CG 2183.JPG,Tomato__Tomato_mosaic_virus,PlantVillage external crop disease dataset
data/PlantVillage/PlantVillage/Pepper__bell___Bacterial_spot/33af0ec5-80ce-4e3c-ba72-42959820f651___JR_B.Spot 8996.JPG,PlantVillage,PlantVillage external crop disease dataset
data/PlantVillage/Tomato_Leaf_Mold/3876f39d-ca68-494d-ac22-f71d5d459a66___Crnl_L.Mold 9175.JPG,Tomato_Leaf_Mold,PlantVillage external crop disease dataset
data/PlantVillage/Tomato__Tomato_mosaic_virus/5d5ee5fc-35e3-4be9-980e-111679ec95b3___PSU_CG 2170.JPG,Tomato__Tomato_mosaic_virus,PlantVillage external crop disease dataset
data/PlantVillage/Pepper__bell___Bacterial_spot/4307f7a4-e666-40ee-a2b5-ff9c4e3e70e1___JR_B.Spot 3109.JPG,Pepper__bell___Bacterial_spot,PlantVillage external crop disease dataset
data/PlantVillage/Potato___healthy/0f4ebc5a-d646-436a-919d-961342997cde___RS_HL 4183.JPG,Potato___healthy,PlantVillage external crop disease dataset
data/PlantVillage/Potato___Early_blight/49b24f9e-12d4-4f32-8bc8-482d66514a17___RS_Early.B 8037.JPG,Potato___Early_blight,PlantVillage external crop disease dataset
data/PlantVillage/Tomato_Septoria_leaf_spot/04840559-16ed-4f17-908b-2048ba83ab80___Keller.St_CG 1780.JPG,Tomato_Septoria_leaf_spot,PlantVillage external crop disease dataset
data/PlantVillage/Tomato_Bacterial_spot/1657e79d-9172-4170-aa17-56714f2ad03b___UF.GRC_BS_Lab Leaf 9145.JPG,Tomato_Bacterial_spot,PlantVillage external crop disease dataset
data/PlantVillage/Potato___Early_blight/08392b44-ecc6-4f38-8566-361b552cfe21___RS_Early.B 7393.JPG,Potato___Early_blight,PlantVillage external crop disease dataset
data/PlantVillage/Pepper__bell___Bacterial_spot/2c4a898a-9812-423b-bd8a-419a09699270___JR_B.Spot 8853.JPG,Pepper__bell___Bacterial_spot,PlantVillage external crop disease dataset
data/PlantVillage/Potato___Early_blight/392c5f68-3ee5-4b61-90e9-afa16375beb8___RS_Early.B 8047.JPG,Potato___Early_blight,PlantVillage external crop disease dataset
data/PlantVillage/Pepper__bell___Bacterial_spot/188f102a-6f64-4180-9d38-f98b61aaec60___JR_B.Spot 9014.JPG,Pepper__bell___Bacterial_spot,PlantVillage external crop disease dataset
data/PlantVillage/Tomato_healthy/136a69f1-2cf0-4fc6-bf40-8ed63bd3db94___RS_HL 9624.JPG,Tomato_healthy,PlantVillage external crop disease dataset
data/PlantVillage/Tomato__Tomato_mosaic_virus/67c65196-795d-4df0-bbd8-0c18af1028c1___PSU_CG 2387.JPG,Tomato__Tomato_mosaic_virus,PlantVillage external crop disease dataset
data/PlantVillage/Tomato_Early_blight/3b0f2e65-0005-4b3a-b63c-4ec99b3b92e5___RS_Erly.B 8227.JPG,Tomato_Early_blight,PlantVillage external crop disease dataset
data/PlantVillage/Potato___Late_blight/10f41035-20e2-4037-96b6-474ce343d6c2___RS_LB 2725.JPG,Potato___Late_blight,PlantVillage external crop disease dataset
data/PlantVillage/Tomato_Spider_mites_Two_spotted_spider_mite/0af13d73-170d-4b37-bddf-51a14e597905___Com.G_SpM_FL 1438.JPG,Tomato_Spider_mites_Two_spotted_spider_mite,PlantVillage external crop disease dataset
data/PlantVillage/Tomato_Septoria_leaf_spot/2cc68344-7fcb-49cc-8a1b-5c956696dd4c___JR_Sept.L.S 2673.JPG,Tomato_Septoria_leaf_spot,PlantVillage external crop disease dataset
data/PlantVillage/Tomato_Late_blight/239c7429-bf86-4ee3-9271-74314374ba35___RS_Late.B 6616.JPG,Tomato_Late_blight,PlantVillage external crop disease dataset
data/PlantVillage/Tomato__Tomato_mosaic_virus/5fe42ce9-0173-49ba-9cd5-9c4fb3f24883___PSU_CG 2351.JPG,Tomato__Tomato_mosaic_virus,PlantVillage external crop disease dataset
data/PlantVillage/Tomato_Early_blight/08615b7d-eca7-487e-a9ea-07842ecf81e8___RS_Erly.B 7543.JPG,Tomato_Early_blight,PlantVillage external crop disease dataset
data/PlantVillage/Tomato_healthy/2df73051-0fdf-4ed5-a626-205e245ad8c7___GH_HL Leaf 233.JPG,Tomato_healthy,PlantVillage external crop disease dataset
data/PlantVillage/PlantVillage/Pepper__bell___Bacterial_spot/447735c7-b650-4ef6-a53b-8fb661470de3___JR_B.Spot 3370.JPG,PlantVillage,PlantVillage external crop disease dataset
data/PlantVillage/Tomato_Late_blight/08f6ed0a-4cd0-4bd3-8983-469002cad2d9___GHLB2 Leaf 9078.JPG,Tomato_Late_blight,PlantVillage external crop disease dataset
data/PlantVillage/Tomato_Spider_mites_Two_spotted_spider_mite/05d67c02-8fb8-40dd-bbbe-efdc9837dced___Com.G_SpM_FL 1598.JPG,Tomato_Spider_mites_Two_spotted_spider_mite,PlantVillage external crop disease dataset
data/PlantVillage/Potato___Late_blight/0eb24a67-a174-43db-86c7-cca8795942a2___RS_LB 4722.JPG,Potato___Late_blight,PlantVillage external crop disease dataset
data/PlantVillage/Pepper__bell___Bacterial_spot/178e960f-3250-4378-9783-765b65e54217___NREC_B.Spot 1881.JPG,Pepper__bell___Bacterial_spot,PlantVillage external crop disease dataset
data/PlantVillage/Tomato__Tomato_mosaic_virus/2480c7f8-eb75-4606-bf92-24f09ac52a37___PSU_CG 2380.JPG,Tomato__Tomato_mosaic_virus,PlantVillage external crop disease dataset
data/PlantVillage/Pepper__bell___Bacterial_spot/2edf5fe8-706b-4ce7-8b59-dc6bfa4b6b42___JR_B.Spot 8823.JPG,Pepper__bell___Bacterial_spot,PlantVillage external crop disease dataset
data/PlantVillage/Tomato_Bacterial_spot/0f6384da-7338-4309-b6b2-0d4b1dfe9de3___GCREC_Bact.Sp 6039.JPG,Tomato_Bacterial_spot,PlantVillage external crop disease dataset
data/PlantVillage/Potato___Late_blight/410cba02-24db-487a-a30c-fc7cefba924b___RS_LB 2571.JPG,Potato___Late_blight,PlantVillage external crop disease dataset
data/PlantVillage/PlantVillage/Pepper__bell___Bacterial_spot/0558ff5a-45c7-4ea0-9479-3f71f0048208___JR_B.Spot 3183.JPG,PlantVillage,PlantVillage external crop disease dataset
data/PlantVillage/Tomato__Tomato_YellowLeaf__Curl_Virus/02aabe96-31be-42a5-a825-261d854e15be___YLCV_GCREC 2894.JPG,Tomato__Tomato_YellowLeaf__Curl_Virus,PlantVillage external crop disease dataset
data/PlantVillage/Tomato_Septoria_leaf_spot/211aafec-c358-4573-abe9-72eb49936ba5___JR_Sept.L.S 8558.JPG,Tomato_Septoria_leaf_spot,PlantVillage external crop disease dataset
data/PlantVillage/Tomato_Septoria_leaf_spot/2d6af601-172c-4f61-b4f7-838cd63bcbb6___Matt.S_CG 6921.JPG,Tomato_Septoria_leaf_spot,PlantVillage external crop disease dataset
data/PlantVillage/Tomato_healthy/20024ad7-62d7-492c-aa7c-5a139a9a2aff___GH_HL Leaf 416.JPG,Tomato_healthy,PlantVillage external crop disease dataset
data/PlantVillage/Tomato_Septoria_leaf_spot/256b92d9-41f3-47a4-870f-c0c0f0ac201e___Matt.S_CG 6842.JPG,Tomato_Septoria_leaf_spot,PlantVillage external crop disease dataset
data/PlantVillage/Tomato_Bacterial_spot/116f4d08-405e-492c-a8b2-dd596b19b820___GCREC_Bact.Sp 3053.JPG,Tomato_Bacterial_spot,PlantVillage external crop disease dataset
data/PlantVillage/Tomato_Bacterial_spot/09c1a12a-ad44-4522-9755-851d6a042f02___GCREC_Bact.Sp 5585.JPG,Tomato_Bacterial_spot,PlantVillage external crop disease dataset
data/PlantVillage/PlantVillage/Pepper__bell___Bacterial_spot/4307f7a4-e666-40ee-a2b5-ff9c4e3e70e1___JR_B.Spot 3109.JPG,PlantVillage,PlantVillage external crop disease dataset
data/PlantVillage/Tomato_Leaf_Mold/240a5b33-6071-4129-b017-1c7bba52a690___Crnl_L.Mold 6991.JPG,Tomato_Leaf_Mold,PlantVillage external crop disease dataset
data/PlantVillage/Tomato_Septoria_leaf_spot/13d82f96-ac84-4176-abf9-f1fbaac4aabd___Matt.S_CG 0989.JPG,Tomato_Septoria_leaf_spot,PlantVillage external crop disease dataset
data/PlantVillage/Potato___Late_blight/468629f7-6ca2-4823-9a39-d42b4d92c4bb___RS_LB 5312.JPG,Potato___Late_blight,PlantVillage external crop disease dataset
data/PlantVillage/Potato___Late_blight/0450570b-44d1-4290-956d-5d970164a2e2___RS_LB 5160.JPG,Potato___Late_blight,PlantVillage external crop disease dataset
data/PlantVillage/PlantVillage/Pepper__bell___Bacterial_spot/0bd0f439-013b-40ed-a6d1-4e67e971d437___JR_B.Spot 3272.JPG,PlantVillage,PlantVillage external crop disease dataset
data/PlantVillage/Potato___Early_blight/13e2be1d-56bc-40c6-b5d1-e3bafc1b111e___RS_Early.B 8830.JPG,Potato___Early_blight,PlantVillage external crop disease dataset
data/PlantVillage/Tomato_Bacterial_spot/0cc3364e-3f2a-42b2-aefe-5af03dad2966___GCREC_Bact.Sp 5580.JPG,Tomato_Bacterial_spot,PlantVillage external crop disease dataset
data/PlantVillage/Tomato_Leaf_Mold/55cc7d97-c88a-4053-8691-288e94bf96b0___Crnl_L.Mold 9182.JPG,Tomato_Leaf_Mold,PlantVillage external crop disease dataset
data/PlantVillage/Tomato_Septoria_leaf_spot/1c7bc7c5-daec-45bd-beb9-89beb159c755___Keller.St_CG 2018.JPG,Tomato_Septoria_leaf_spot,PlantVillage external crop disease dataset
data/PlantVillage/Pepper__bell___Bacterial_spot/3342ddb9-c0b2-44c1-90eb-035e207a5c8a___JR_B.Spot 3372.JPG,Pepper__bell___Bacterial_spot,PlantVillage external crop disease dataset
data/PlantVillage/Potato___Late_blight/2572d994-464a-461e-a0c8-597dc2229c09___RS_LB 2763.JPG,Potato___Late_blight,PlantVillage external crop disease dataset
data/PlantVillage/PlantVillage/Pepper__bell___Bacterial_spot/0c4e75b2-e4aa-437e-815c-636271d66bec___JR_B.Spot 3244.JPG,PlantVillage,PlantVillage external crop disease dataset
data/PlantVillage/Potato___Late_blight/31d61797-f3dd-4452-8db9-cdfd8be9ebf2___RS_LB 4823.JPG,Potato___Late_blight,PlantVillage external crop disease dataset
data/PlantVillage/Tomato_Spider_mites_Two_spotted_spider_mite/185427fc-b158-483e-8bbf-3579fc49c8dc___Com.G_SpM_FL 1428.JPG,Tomato_Spider_mites_Two_spotted_spider_mite,PlantVillage external crop disease dataset
data/PlantVillage/Tomato_Leaf_Mold/4914514e-fd44-4e2b-becd-5daf581c78e6___Crnl_L.Mold 9019.JPG,Tomato_Leaf_Mold,PlantVillage external crop disease dataset
data/PlantVillage/Tomato_Spider_mites_Two_spotted_spider_mite/2fad548e-ff9d-4f86-9831-3ce68a76da57___Com.G_SpM_FL 1203.JPG,Tomato_Spider_mites_Two_spotted_spider_mite,PlantVillage external crop disease dataset
data/PlantVillage/Potato___Early_blight/34d7e068-10e6-4ea0-8547-c90937fccbbc___RS_Early.B 8198.JPG,Potato___Early_blight,PlantVillage external crop disease dataset
data/PlantVillage/Potato___Early_blight/26f15c9c-5cbf-49c8-ac4e-c5b15d03e319___RS_Early.B 9022.JPG,Potato___Early_blight,PlantVillage external crop disease dataset
data/PlantVillage/Tomato__Tomato_mosaic_virus/79bc1836-99f1-48ac-a05c-3113b59b1a3d___PSU_CG 2172.JPG,Tomato__Tomato_mosaic_virus,PlantVillage external crop disease dataset
data/PlantVillage/Tomato_Early_blight/3d8e1f90-be34-4da7-b124-a98eddb346d1___RS_Erly.B 7414.JPG,Tomato_Early_blight,PlantVillage external crop disease dataset
data/PlantVillage/Tomato_Early_blight/2312305e-c167-4730-a07a-db5c9956077a___RS_Erly.B 7752.JPG,Tomato_Early_blight,PlantVillage external crop disease dataset
data/PlantVillage/PlantVillage/Pepper__bell___Bacterial_spot/14c4fd88-6d2a-4701-94ce-ab9e4b277f57___JR_B.Spot 8875.JPG,PlantVillage,PlantVillage external crop disease dataset
data/PlantVillage/Tomato_Early_blight/2bdca297-e0d1-41f0-b1dc-3801384faa1a___RS_Erly.B 7858.JPG,Tomato_Early_blight,PlantVillage external crop disease dataset
data/PlantVillage/Pepper__bell___Bacterial_spot/23e657c9-1f08-4714-817b-48fd2f3e2cf3___JR_B.Spot 8962.JPG,Pepper__bell___Bacterial_spot,PlantVillage external crop disease dataset
data/PlantVillage/Tomato_Spider_mites_Two_spotted_spider_mite/0a2b122a-0f23-4c92-8b7a-21b274dffbe5___Com.G_SpM_FL 9350.JPG,Tomato_Spider_mites_Two_spotted_spider_mite,PlantVillage external crop disease dataset
data/PlantVillage/Potato___healthy/5e19b1f4-fd65-4c4d-bcd2-18c8c519eddb___RS_HL 1965.JPG,Potato___healthy,PlantVillage external crop disease dataset
data/PlantVillage/Pepper__bell___healthy/0b76f650-27cf-4b62-b3ad-c97d81e0db0c___JR_HL 8554.JPG,Pepper__bell___healthy,PlantVillage external crop disease dataset
data/PlantVillage/Tomato__Target_Spot/02b891ad-b252-4f46-8618-89a0c36193c2___Com.G_TgS_FL 0038.JPG,Tomato__Target_Spot,PlantVillage external crop disease dataset
data/PlantVillage/Tomato_Late_blight/147539f7-632d-42ee-a19a-071b9c7c85f2___RS_Late.B 5140.JPG,Tomato_Late_blight,PlantVillage external crop disease dataset
data/PlantVillage/Tomato__Target_Spot/122577a3-0f69-45f0-9e73-48528f9dea1c___Com.G_TgS_FL 8179.JPG,Tomato__Target_Spot,PlantVillage external crop disease dataset
data/PlantVillage/Tomato_Leaf_Mold/3a0fc986-02fd-42fd-a1e8-9a1d6e635fb0___Crnl_L.Mold 8969.JPG,Tomato_Leaf_Mold,PlantVillage external crop disease dataset
data/PlantVillage/Tomato__Tomato_YellowLeaf__Curl_Virus/08987b0c-8562-4de5-b99c-bd3082fb4608___UF.GRC_YLCV_Lab 09486.JPG,Tomato__Tomato_YellowLeaf__Curl_Virus,PlantVillage external crop disease dataset
data/PlantVillage/Pepper__bell___healthy/11f58a03-e692-48ef-9ede-b97e5e732224___JR_HL 7912.JPG,Pepper__bell___healthy,PlantVillage external crop disease dataset
data/PlantVillage/Tomato__Target_Spot/35fc2de1-f8e1-4ceb-b3fd-6cead6562333___Com.G_TgS_FL 8143.JPG,Tomato__Target_Spot,PlantVillage external crop disease dataset
data/PlantVillage/Tomato__Target_Spot/2e92c5f1-e71e-4d65-9fa8-6f51c242142e___Com.G_TgS_FL 0936.JPG,Tomato__Target_Spot,PlantVillage external crop disease dataset
data/PlantVillage/Pepper__bell___Bacterial_spot/1f838b54-c372-4b51-b398-6988377b2218___JR_B.Spot 8977.JPG,Pepper__bell___Bacterial_spot,PlantVillage external crop disease dataset
data/PlantVillage/Potato___Late_blight/33baf253-755d-4e3f-8d52-5caf59d0835d___RS_LB 2867.JPG,Potato___Late_blight,PlantVillage external crop disease dataset
data/PlantVillage/PlantVillage/Pepper__bell___Bacterial_spot/301b41f3-647f-4bd2-9adb-ef98c8b8c238___JR_B.Spot 3399.JPG,PlantVillage,PlantVillage external crop disease dataset
data/PlantVillage/Tomato_Bacterial_spot/06c56818-dc01-4603-b93c-1be193f95178___GCREC_Bact.Sp 5831.JPG,Tomato_Bacterial_spot,PlantVillage external crop disease dataset
data/PlantVillage/Tomato_Leaf_Mold/2b31c158-d7d5-4625-b13b-e3e626d791ff___Crnl_L.Mold 6665.JPG,Tomato_Leaf_Mold,PlantVillage external crop disease dataset
data/PlantVillage/Pepper__bell___Bacterial_spot/0022d6b7-d47c-4ee2-ae9a-392a53f48647___JR_B.Spot 8964.JPG,Pepper__bell___Bacterial_spot,PlantVillage external crop disease dataset
data/PlantVillage/PlantVillage/Pepper__bell___Bacterial_spot/22a8af9b-34c3-447d-bd82-559f7d2206af___JR_B.Spot 3289.JPG,PlantVillage,PlantVillage external crop disease dataset
data/PlantVillage/Pepper__bell___Bacterial_spot/4495c311-4a29-4d3b-9805-e63ec24e805f___JR_B.Spot 9082.JPG,Pepper__bell___Bacterial_spot,PlantVillage external crop disease dataset
data/PlantVillage/Pepper__bell___healthy/08c9ab27-c1a4-4ccd-a179-ca6e2fa05d78___JR_HL 8769.JPG,Pepper__bell___healthy,PlantVillage external crop disease dataset
data/PlantVillage/Tomato_Bacterial_spot/166a69a7-cae0-4e6e-ac75-bc207a5335f4___GCREC_Bact.Sp 5705.JPG,Tomato_Bacterial_spot,PlantVillage external crop disease dataset
data/PlantVillage/Tomato_Septoria_leaf_spot/29f85709-2e5c-41fe-a548-ca77f774a68b___Matt.S_CG 6163.JPG,Tomato_Septoria_leaf_spot,PlantVillage external crop disease dataset
data/PlantVillage/Tomato_Early_blight/345b59b4-87fd-43a2-9783-fed3e492c4d7___RS_Erly.B 7402.JPG,Tomato_Early_blight,PlantVillage external crop disease dataset
data/PlantVillage/Tomato_Septoria_leaf_spot/22e12bfe-129c-4afe-bfd3-6cb467b1dd7f___Matt.S_CG 0794.JPG,Tomato_Septoria_leaf_spot,PlantVillage external crop disease dataset
data/PlantVillage/Potato___Early_blight/25703c4f-ec40-4099-b249-a4fd07b07752___RS_Early.B 7040.JPG,Potato___Early_blight,PlantVillage external crop disease dataset
data/PlantVillage/Tomato_Leaf_Mold/1bfe7244-44ab-4fac-abe5-f229217cdf0b___Crnl_L.Mold 6815.JPG,Tomato_Leaf_Mold,PlantVillage external crop disease dataset
data/PlantVillage/Tomato_healthy/196e5fd8-8b4e-4a45-9db7-ae59c877e9a7___GH_HL Leaf 284.JPG,Tomato_healthy,PlantVillage external crop disease dataset
data/PlantVillage/Potato___Late_blight/19d8aac3-db88-4a07-84f2-40f7597c2a25___RS_LB 3867.JPG,Potato___Late_blight,PlantVillage external crop disease dataset
data/PlantVillage/Tomato__Target_Spot/003a5321-0430-42dd-a38d-30ac4563f4ba___Com.G_TgS_FL 8121.JPG,Tomato__Target_Spot,PlantVillage external crop disease dataset
data/PlantVillage/Tomato_Leaf_Mold/30677953-f7e1-4f57-95f2-288425b6bc02___Crnl_L.Mold 6938.JPG,Tomato_Leaf_Mold,PlantVillage external crop disease dataset
data/PlantVillage/Tomato_Spider_mites_Two_spotted_spider_mite/1d7bff81-b441-4f32-8cc0-85dd50b79cf3___Com.G_SpM_FL 1443.JPG,Tomato_Spider_mites_Two_spotted_spider_mite,PlantVillage external crop disease dataset
data/PlantVillage/Tomato_Septoria_leaf_spot/20c3bfbf-a2c7-425c-9ad7-bd1ec8f3b181___JR_Sept.L.S 2656.JPG,Tomato_Septoria_leaf_spot,PlantVillage external crop disease dataset
data/PlantVillage/Tomato__Target_Spot/23b6e2a4-c231-4270-994e-6a5e58edddc7___Com.G_TgS_FL 8279.JPG,Tomato__Target_Spot,PlantVillage external crop disease dataset
data/PlantVillage/Tomato_Leaf_Mold/15b7a74c-2c9d-41e5-bcc6-799471cd8e43___Crnl_L.Mold 6616.JPG,Tomato_Leaf_Mold,PlantVillage external crop disease dataset
data/PlantVillage/Tomato_Bacterial_spot/10eddc16-1127-4de1-832e-6ae55cc0f953___GCREC_Bact.Sp 6180.JPG,Tomato_Bacterial_spot,PlantVillage external crop disease dataset
data/PlantVillage/Tomato_Leaf_Mold/3aa896a7-f25b-43b7-a319-0c5c5b8184c7___Crnl_L.Mold 6753.JPG,Tomato_Leaf_Mold,PlantVillage external crop disease dataset
data/PlantVillage/Tomato_Late_blight/15313d25-7420-46aa-a28d-92e4b631233e___GHLB2 Leaf 8698.JPG,Tomato_Late_blight,PlantVillage external crop disease dataset
data/PlantVillage/Tomato__Tomato_mosaic_virus/155b3b3a-2eab-4b55-aa3c-bb8d7b53b624___PSU_CG 2302.JPG,Tomato__Tomato_mosaic_virus,PlantVillage external crop disease dataset
data/PlantVillage/Tomato_Early_blight/2b5bebdd-3af4-41ca-b206-efc1a141e71d___RS_Erly.B 6363.JPG,Tomato_Early_blight,PlantVillage external crop disease dataset
data/PlantVillage/Tomato_Bacterial_spot/13cc9108-fcd9-4e6f-aed4-01813cebc881___UF.GRC_BS_Lab Leaf 8611.JPG,Tomato_Bacterial_spot,PlantVillage external crop disease dataset
data/PlantVillage/PlantVillage/Pepper__bell___Bacterial_spot/3ff12256-cb79-4a74-8c2f-2df51b31d646___NREC_B.Spot 9242.JPG,PlantVillage,PlantVillage external crop disease dataset
data/PlantVillage/Potato___Early_blight/38aa30f4-14d5-446f-80c3-ec60ce67ccc3___RS_Early.B 6789.JPG,Potato___Early_blight,PlantVillage external crop disease dataset
data/PlantVillage/Tomato__Tomato_mosaic_virus/91247151-4bae-4d55-a35c-edb9318bdb09___PSU_CG 2139.JPG,Tomato__Tomato_mosaic_virus,PlantVillage external crop disease dataset
data/PlantVillage/Tomato_Spider_mites_Two_spotted_spider_mite/08ddab1e-8a69-47b2-b0ff-6d53e6315eee___Com.G_SpM_FL 1445.JPG,Tomato_Spider_mites_Two_spotted_spider_mite,PlantVillage external crop disease dataset
data/PlantVillage/Pepper__bell___Bacterial_spot/35ef7246-60e5-4bcc-bc1f-020eac1eacc2___JR_B.Spot 3298.JPG,Pepper__bell___Bacterial_spot,PlantVillage external crop disease dataset
data/PlantVillage/Tomato_Early_blight/01f87f04-ff38-4aba-b7d1-587aa06e5282___RS_Erly.B 7851.JPG,Tomato_Early_blight,PlantVillage external crop disease dataset
data/PlantVillage/Tomato_healthy/16fd1407-644b-42f1-a40a-6cacd9bc0258___RS_HL 9705.JPG,Tomato_healthy,PlantVillage external crop disease dataset
data/PlantVillage/Tomato__Tomato_YellowLeaf__Curl_Virus/08222fef-0e15-4e09-b0d7-931fda2af1b5___UF.GRC_YLCV_Lab 02691.JPG,Tomato__Tomato_YellowLeaf__Curl_Virus,PlantVillage external crop disease dataset
data/PlantVillage/Tomato_Septoria_leaf_spot/1ad425d4-caa9-44da-b99f-a951fda7ec94___Keller.St_CG 1835.JPG,Tomato_Septoria_leaf_spot,PlantVillage external crop disease dataset
data/PlantVillage/Tomato_Spider_mites_Two_spotted_spider_mite/221d4e4f-36f9-4dd8-8204-b2551aa1d96a___Com.G_SpM_FL 8994.JPG,Tomato_Spider_mites_Two_spotted_spider_mite,PlantVillage external crop disease dataset
data/PlantVillage/Pepper__bell___Bacterial_spot/41da62b7-c3af-4604-aaa5-c457356e04bd___JR_B.Spot 9034.JPG,Pepper__bell___Bacterial_spot,PlantVillage external crop disease dataset
data/PlantVillage/Tomato_Late_blight/1def69ef-c2f3-4052-8f02-b397428c7580___GHLB2 Leaf 8627.JPG,Tomato_Late_blight,PlantVillage external crop disease dataset
data/PlantVillage/Tomato_Spider_mites_Two_spotted_spider_mite/27eae93a-d090-4c95-9812-366f9b761b72___Com.G_SpM_FL 9279.JPG,Tomato_Spider_mites_Two_spotted_spider_mite,PlantVillage external crop disease dataset
data/PlantVillage/Potato___Late_blight/030e8945-d3ce-4ad3-8a91-a14c18285249___RS_LB 2532.JPG,Potato___Late_blight,PlantVillage external crop disease dataset
data/PlantVillage/Tomato_Early_blight/0cd2270f-87f8-45b5-a4af-19fa34b2acaa___RS_Erly.B 9567.JPG,Tomato_Early_blight,PlantVillage external crop disease dataset
data/PlantVillage/Tomato_Septoria_leaf_spot/1c7e9ef5-bf97-4e53-b6c1-7fd148d043d5___Matt.S_CG 6482.JPG,Tomato_Septoria_leaf_spot,PlantVillage external crop disease dataset
data/PlantVillage/Potato___healthy/f4b5ec24-d318-4309-8294-9126450d5d7f___RS_HL 1824.JPG,Potato___healthy,PlantVillage external crop disease dataset
data/PlantVillage/Tomato__Tomato_mosaic_virus/914cd3f1-e98f-49b3-8223-0a55870362b0___PSU_CG 2259.JPG,Tomato__Tomato_mosaic_virus,PlantVillage external crop disease dataset
data/PlantVillage/Pepper__bell___Bacterial_spot/3a03526d-0bf4-4898-9f0f-8a9c31afd3eb___JR_B.Spot 3380.JPG,Pepper__bell___Bacterial_spot,PlantVillage external crop disease dataset
data/PlantVillage/Tomato_Bacterial_spot/23cf28cd-1d94-4797-82ed-0f3c79a39200___GCREC_Bact.Sp 5702.JPG,Tomato_Bacterial_spot,PlantVillage external crop disease dataset
data/PlantVillage/Potato___healthy/b925ad3e-fc49-497d-a6eb-115f0de20800___RS_HL 4170.JPG,Potato___healthy,PlantVillage external crop disease dataset
data/PlantVillage/Tomato_healthy/2b14b93f-0664-4b7f-93fa-b7d3df03dc06___GH_HL Leaf 508.1.JPG,Tomato_healthy,PlantVillage external crop disease dataset
data/PlantVillage/Tomato__Tomato_mosaic_virus/a4917ff1-44a6-4f13-bb49-9368acb3a7e9___PSU_CG 2069.JPG,Tomato__Tomato_mosaic_virus,PlantVillage external crop disease dataset
data/PlantVillage/Tomato__Target_Spot/12c492b4-fb79-47c4-9bdd-720c1361a355___Com.G_TgS_FL 8224.JPG,Tomato__Target_Spot,PlantVillage external crop disease dataset
data/PlantVillage/Tomato_Leaf_Mold/55495e8f-9873-4dda-a02e-32736fed032a___Crnl_L.Mold 6499.JPG,Tomato_Leaf_Mold,PlantVillage external crop disease dataset
data/PlantVillage/Tomato_Early_blight/30480c06-fc07-47f2-8059-51d08240aad8___RS_Erly.B 9528.JPG,Tomato_Early_blight,PlantVillage external crop disease dataset
data/PlantVillage/Tomato_Septoria_leaf_spot/2d640131-6b73-4b67-bb77-00266ff41bb8___JR_Sept.L.S 8531.JPG,Tomato_Septoria_leaf_spot,PlantVillage external crop disease dataset
data/PlantVillage/Tomato_healthy/0c3eaf2d-8203-441d-9248-1c64e00b5b8b___RS_HL 0018.JPG,Tomato_healthy,PlantVillage external crop disease dataset
data/PlantVillage/Potato___Early_blight/3682433d-fb0a-495b-a6e8-d753542b042b___RS_Early.B 8189.JPG,Potato___Early_blight,PlantVillage external crop disease dataset
data/PlantVillage/Pepper__bell___healthy/10614d60-3077-4bdf-9771-53e8be8add9e___JR_HL 8302.JPG,Pepper__bell___healthy,PlantVillage external crop disease dataset
data/PlantVillage/Tomato_Bacterial_spot/149fd0ef-ec5a-4a34-aa8f-8ed381b7d77d___GCREC_Bact.Sp 3370.JPG,Tomato_Bacterial_spot,PlantVillage external crop disease dataset
data/PlantVillage/Pepper__bell___Bacterial_spot/3294ec88-cc8d-4e3a-af08-f2f9d7f4a73b___JR_B.Spot 3196.JPG,Pepper__bell___Bacterial_spot,PlantVillage external crop disease dataset
data/PlantVillage/Tomato_Bacterial_spot/225a427b-3e65-45fc-aaa4-1210fb81c20e___GCREC_Bact.Sp 3457.JPG,Tomato_Bacterial_spot,PlantVillage external crop disease dataset
data/PlantVillage/Tomato_Septoria_leaf_spot/27c7ab66-e5fe-477e-8aab-4ece72a04843___JR_Sept.L.S 8432.JPG,Tomato_Septoria_leaf_spot,PlantVillage external crop disease dataset
data/PlantVillage/Pepper__bell___Bacterial_spot/0a0dbf1f-1131-496f-b337-169ec6693e6f___NREC_B.Spot 9241.JPG,Pepper__bell___Bacterial_spot,PlantVillage external crop disease dataset
data/PlantVillage/Tomato_Early_blight/10a46a0b-debe-49f9-8562-c7c81855160e___RS_Erly.B 6339.JPG,Tomato_Early_blight,PlantVillage external crop disease dataset
data/PlantVillage/Tomato_Leaf_Mold/1c03ffcb-9476-453c-96be-5bd1f629b2d1___Crnl_L.Mold 8853.JPG,Tomato_Leaf_Mold,PlantVillage external crop disease dataset
data/PlantVillage/Tomato_healthy/2b50c7a7-e22e-4103-9e23-909377ab00e3___RS_HL 0193.JPG,Tomato_healthy,PlantVillage external crop disease dataset
data/PlantVillage/Tomato_Spider_mites_Two_spotted_spider_mite/1da21007-3d29-487f-b839-e835993f20d2___Com.G_SpM_FL 1389.JPG,Tomato_Spider_mites_Two_spotted_spider_mite,PlantVillage external crop disease dataset
data/PlantVillage/PlantVillage/Pepper__bell___Bacterial_spot/26ca895f-8155-4d26-a0ac-7e04a7487832___NREC_B.Spot 9222.JPG,PlantVillage,PlantVillage external crop disease dataset
data/PlantVillage/Tomato_Bacterial_spot/01a46cb5-d354-4f59-868e-e56186701541___GCREC_Bact.Sp 5638.JPG,Tomato_Bacterial_spot,PlantVillage external crop disease dataset
data/PlantVillage/Tomato_Bacterial_spot/1b752a19-0731-4f93-b9ad-ca01fff2ab8b___GCREC_Bact.Sp 6048.JPG,Tomato_Bacterial_spot,PlantVillage external crop disease dataset
data/PlantVillage/Tomato__Target_Spot/3722d404-e409-4af2-8883-2117d4ecdb5d___Com.G_TgS_FL 0937.JPG,Tomato__Target_Spot,PlantVillage external crop disease dataset
data/PlantVillage/Tomato_Leaf_Mold/5232c7a2-7f94-4e6e-b47a-6264e1e49ff8___Crnl_L.Mold 7161.JPG,Tomato_Leaf_Mold,PlantVillage external crop disease dataset
data/PlantVillage/PlantVillage/Pepper__bell___Bacterial_spot/0694ee73-2dbc-4583-9d2d-2b053ef0475b___NREC_B.Spot 1798.JPG,PlantVillage,PlantVillage external crop disease dataset
data/PlantVillage/Pepper__bell___healthy/031f6e91-afc0-48c2-8989-a2ce770549d5___JR_HL 7911.JPG,Pepper__bell___healthy,PlantVillage external crop disease dataset
data/PlantVillage/PlantVillage/Pepper__bell___Bacterial_spot/2a8a3b2f-d65a-416b-a251-63bb89f448c3___JR_B.Spot 3322.JPG,PlantVillage,PlantVillage external crop disease dataset
data/PlantVillage/Tomato__Tomato_YellowLeaf__Curl_Virus/0b4f1295-fb19-4541-afa5-271800914460___UF.GRC_YLCV_Lab 03030.JPG,Tomato__Tomato_YellowLeaf__Curl_Virus,PlantVillage external crop disease dataset
data/PlantVillage/Tomato_Bacterial_spot/0ed6d8f5-dd9f-4f1d-a33d-2f556be12a27___UF.GRC_BS_Lab Leaf 0291.JPG,Tomato_Bacterial_spot,PlantVillage external crop disease dataset
data/PlantVillage/Potato___Early_blight/0faca7fe-7254-4dfa-8388-bbc776338c9c___RS_Early.B 7929.JPG,Potato___Early_blight,PlantVillage external crop disease dataset
data/PlantVillage/Tomato_Late_blight/049dbcab-de65-4f09-9b1b-e59886f56f2e___RS_Late.B 5141.JPG,Tomato_Late_blight,PlantVillage external crop disease dataset
data/PlantVillage/Tomato__Tomato_mosaic_virus/9ec78399-de3a-4431-a5fc-e100406c5642___PSU_CG 2275.JPG,Tomato__Tomato_mosaic_virus,PlantVillage external crop disease dataset
data/PlantVillage/Tomato_Septoria_leaf_spot/1bdd9bcf-49b6-4a59-90ed-5e053de56994___JR_Sept.L.S 2587.JPG,Tomato_Septoria_leaf_spot,PlantVillage external crop disease dataset
data/PlantVillage/Tomato_Late_blight/0f8887d8-24b4-4f25-bc03-d47421ab47f7___RS_Late.B 4948.JPG,Tomato_Late_blight,PlantVillage external crop disease dataset
data/PlantVillage/Tomato_Septoria_leaf_spot/11a34cf0-d80f-420e-8234-5d0e7295ca5d___Matt.S_CG 2691.JPG,Tomato_Septoria_leaf_spot,PlantVillage external crop disease dataset
data/PlantVillage/Tomato_Spider_mites_Two_spotted_spider_mite/11c54a04-20e8-439c-b520-2d5a3c18d12b___Com.G_SpM_FL 8875.JPG,Tomato_Spider_mites_Two_spotted_spider_mite,PlantVillage external crop disease dataset
data/PlantVillage/Tomato__Tomato_mosaic_virus/14c21616-aa9e-4d85-8aff-bdf7f4cf3720___PSU_CG 2079.JPG,Tomato__Tomato_mosaic_virus,PlantVillage external crop disease dataset
data/PlantVillage/Potato___Late_blight/2d736aa6-79a6-42b0-9e92-d859bcd72824___RS_LB 5244.JPG,Potato___Late_blight,PlantVillage external crop disease dataset
data/PlantVillage/Tomato_Bacterial_spot/12071472-8b0f-494e-994e-8abff2082ec4___GCREC_Bact.Sp 6130.JPG,Tomato_Bacterial_spot,PlantVillage external crop disease dataset
data/PlantVillage/Potato___Early_blight/4b925312-1973-41cf-afdf-9090d02dd539___RS_Early.B 7913.JPG,Potato___Early_blight,PlantVillage external crop disease dataset
data/PlantVillage/Tomato_Spider_mites_Two_spotted_spider_mite/2482ef02-b513-41ee-95df-81ae24ef55dd___Com.G_SpM_FL 8562.JPG,Tomato_Spider_mites_Two_spotted_spider_mite,PlantVillage external crop disease dataset
data/PlantVillage/PlantVillage/Pepper__bell___Bacterial_spot/22d71c45-e246-4210-bf3a-a0ce5eeacfb5___JR_B.Spot 8888.JPG,PlantVillage,PlantVillage external crop disease dataset
data/PlantVillage/Tomato_Spider_mites_Two_spotted_spider_mite/0fb21160-9113-4c5a-b1d4-7001b5253bb9___Com.G_SpM_FL 8790.JPG,Tomato_Spider_mites_Two_spotted_spider_mite,PlantVillage external crop disease dataset
data/PlantVillage/Tomato_Early_blight/06d6d114-8d26-43eb-b79f-44218bbfa0d1___RS_Erly.B 9441.JPG,Tomato_Early_blight,PlantVillage external crop disease dataset
data/PlantVillage/Tomato_Leaf_Mold/519d366c-f967-452e-aaef-a9965368c310___Crnl_L.Mold 6952.JPG,Tomato_Leaf_Mold,PlantVillage external crop disease dataset
data/PlantVillage/Tomato_Spider_mites_Two_spotted_spider_mite/00fa99e8-2605-4d72-be69-98277587d84b___Com.G_SpM_FL 1453.JPG,Tomato_Spider_mites_Two_spotted_spider_mite,PlantVillage external crop disease dataset
data/PlantVillage/Tomato_Leaf_Mold/447ca40f-8640-43d7-b7af-3372e8afbfba___Crnl_L.Mold 8870.JPG,Tomato_Leaf_Mold,PlantVillage external crop disease dataset
data/PlantVillage/Tomato_Early_blight/1941f5d9-f31f-453e-b07c-3f90da6aa381___RS_Erly.B 8238.JPG,Tomato_Early_blight,PlantVillage external crop disease dataset
data/PlantVillage/Pepper__bell___Bacterial_spot/1694ae00-3c5f-488c-9402-e65c70c73cf2___JR_B.Spot 3179.JPG,Pepper__bell___Bacterial_spot,PlantVillage external crop disease dataset
data/PlantVillage/Tomato__Tomato_mosaic_virus/983cd485-5bc8-46a0-94cc-26c522228508___PSU_CG 2397.JPG,Tomato__Tomato_mosaic_virus,PlantVillage external crop disease dataset
data/PlantVillage/Tomato_Septoria_leaf_spot/22368f32-693c-4a7f-b235-76f020778d18___Matt.S_CG 6918.JPG,Tomato_Septoria_leaf_spot,PlantVillage external crop disease dataset
data/PlantVillage/Tomato_Spider_mites_Two_spotted_spider_mite/2960d2b0-5db9-4112-89f6-c7c0d2f01b97___Com.G_SpM_FL 8806.JPG,Tomato_Spider_mites_Two_spotted_spider_mite,PlantVillage external crop disease dataset
data/PlantVillage/Pepper__bell___healthy/11dfe9bb-1cf0-462d-991b-9066bdea7078___JR_HL 7763.JPG,Pepper__bell___healthy,PlantVillage external crop disease dataset
data/PlantVillage/Potato___Late_blight/35c3e2fe-7b97-4137-adc6-aada45306425___RS_LB 4123.JPG,Potato___Late_blight,PlantVillage external crop disease dataset
data/PlantVillage/Tomato__Tomato_mosaic_virus/c3ddea5d-2076-46cf-8769-0d200185c259___PSU_CG 2348.JPG,Tomato__Tomato_mosaic_virus,PlantVillage external crop disease dataset
data/PlantVillage/Pepper__bell___healthy/279a5c86-76d2-4c9d-9293-9ce666ced419___JR_HL 7893.JPG,Pepper__bell___healthy,PlantVillage external crop disease dataset
data/PlantVillage/Potato___Late_blight/0f1fb568-1b12-45ef-ad99-c59fa9075693___RS_LB 3242.JPG,Potato___Late_blight,PlantVillage external crop disease dataset
data/PlantVillage/Tomato_Bacterial_spot/21b0722c-abfd-4aab-88cb-646b6e284cbf___UF.GRC_BS_Lab Leaf 8683.JPG,Tomato_Bacterial_spot,PlantVillage external crop disease dataset
data/PlantVillage/Pepper__bell___Bacterial_spot/33941a5f-32df-4c22-956f-e6db538dac8d___JR_B.Spot 3344.JPG,Pepper__bell___Bacterial_spot,PlantVillage external crop disease dataset
data/PlantVillage/Tomato_Early_blight/2792287f-aa8e-4c03-aabe-479e75cdc0f8___RS_Erly.B 9584.JPG,Tomato_Early_blight,PlantVillage external crop disease dataset
data/PlantVillage/Tomato_Early_blight/0efaac13-1988-48db-aec3-f31df3045b95___RS_Erly.B 8342.JPG,Tomato_Early_blight,PlantVillage external crop disease dataset
data/PlantVillage/Tomato__Tomato_mosaic_virus/629e19d4-c6f5-457f-9e17-80a1e77140fe___PSU_CG 2129.JPG,Tomato__Tomato_mosaic_virus,PlantVillage external crop disease dataset
data/PlantVillage/Tomato__Tomato_mosaic_virus/6ebb483a-d1b6-4d7d-aad1-e717c2a36167___PSU_CG 2286.JPG,Tomato__Tomato_mosaic_virus,PlantVillage external crop disease dataset
data/PlantVillage/Tomato_Early_blight/32e59188-5c46-4369-8991-5acfa253263b___RS_Erly.B 7781.JPG,Tomato_Early_blight,PlantVillage external crop disease dataset
data/PlantVillage/Potato___healthy/dbe4f332-9189-4b76-b30c-f0c9a55e48d3___RS_HL 1841.JPG,Potato___healthy,PlantVillage external crop disease dataset
data/PlantVillage/Tomato__Tomato_mosaic_virus/b386eecb-c3b8-4b92-8352-b3b687c2db15___PSU_CG 2236.JPG,Tomato__Tomato_mosaic_virus,PlantVillage external crop disease dataset
data/PlantVillage/Tomato_Late_blight/0920260a-69be-47bb-bb71-8a2c2cab149b___GHLB2 Leaf 88.1.JPG,Tomato_Late_blight,PlantVillage external crop disease dataset
data/PlantVillage/Tomato_Late_blight/16e4a1f9-21c2-4c1a-bdbc-1336da74ba2c___GHLB2 Leaf 145.3.JPG,Tomato_Late_blight,PlantVillage external crop disease dataset
data/PlantVillage/Pepper__bell___healthy/36a22116-062b-462c-9fed-37e5d2e4bc8b___JR_HL 8338.JPG,Pepper__bell___healthy,PlantVillage external crop disease dataset
data/PlantVillage/Tomato__Target_Spot/2871a865-06e7-4a2e-be51-77743b1a9f72___Com.G_TgS_FL 8149.JPG,Tomato__Target_Spot,PlantVillage external crop disease dataset
data/PlantVillage/Tomato_Spider_mites_Two_spotted_spider_mite/089621fa-9c68-4401-a964-ee3383a31cd6___Com.G_SpM_FL 8554.JPG,Tomato_Spider_mites_Two_spotted_spider_mite,PlantVillage external crop disease dataset
data/PlantVillage/PlantVillage/Pepper__bell___Bacterial_spot/276e68d4-8a80-4260-a47d-da9eb588bb7b___JR_B.Spot 3319.JPG,PlantVillage,PlantVillage external crop disease dataset
data/PlantVillage/PlantVillage/Pepper__bell___Bacterial_spot/0719e8e8-c1ae-4d5a-b29c-dbadc36d13f3___NREC_B.Spot 1947.JPG,PlantVillage,PlantVillage external crop disease dataset
data/PlantVillage/Tomato_healthy/170e86b9-f51d-49a6-a992-15e00c85ee5d___GH_HL Leaf 189.JPG,Tomato_healthy,PlantVillage external crop disease dataset
data/PlantVillage/Tomato_healthy/0782c04b-2a91-4e10-89a7-cf3d3e48be82___RS_HL 9645.JPG,Tomato_healthy,PlantVillage external crop disease dataset
data/PlantVillage/Pepper__bell___healthy/01dd93b0-0e34-447b-87ea-ccc9f2b62d03___JR_HL 8005.JPG,Pepper__bell___healthy,PlantVillage external crop disease dataset
data/PlantVillage/Tomato_healthy/2d9352d7-2509-40a1-be35-01404448266c___RS_HL 9805.JPG,Tomato_healthy,PlantVillage external crop disease dataset
data/PlantVillage/Tomato__Tomato_mosaic_virus/39dc536a-03ba-4e34-9ade-9618715f4b96___PSU_CG 2106.JPG,Tomato__Tomato_mosaic_virus,PlantVillage external crop disease dataset
data/PlantVillage/Potato___Late_blight/43396f0d-f05b-4dce-a209-9edcbd62d39c___RS_LB 4407.JPG,Potato___Late_blight,PlantVillage external crop disease dataset
data/PlantVillage/Tomato_Septoria_leaf_spot/09033832-a345-408c-823e-a4081d7fbbf4___JR_Sept.L.S 8523.JPG,Tomato_Septoria_leaf_spot,PlantVillage external crop disease dataset
data/PlantVillage/Tomato_Spider_mites_Two_spotted_spider_mite/2eacde8c-c10b-4768-b5f8-9405673cd19b___Com.G_SpM_FL 1188.JPG,Tomato_Spider_mites_Two_spotted_spider_mite,PlantVillage external crop disease dataset
data/PlantVillage/Tomato_Early_blight/3af16e88-1b4d-46d5-a099-7450600f11e8___RS_Erly.B 9545.JPG,Tomato_Early_blight,PlantVillage external crop disease dataset
data/PlantVillage/Potato___Late_blight/0f824e18-3821-486c-81a1-f1f64cf6e767___RS_LB 4894.JPG,Potato___Late_blight,PlantVillage external crop disease dataset
data/PlantVillage/Tomato__Tomato_mosaic_virus/62416312-84be-45de-98ad-4df14365e38e___PSU_CG 2058.JPG,Tomato__Tomato_mosaic_virus,PlantVillage external crop disease dataset
data/PlantVillage/Tomato_Spider_mites_Two_spotted_spider_mite/0e05cc2b-1209-4a5a-9ae1-26b3dd13204b___Com.G_SpM_FL 8428.JPG,Tomato_Spider_mites_Two_spotted_spider_mite,PlantVillage external crop disease dataset
data/PlantVillage/Tomato_Late_blight/19f3e2cd-2900-4043-bb15-31a0098d26b9___RS_Late.B 5197.JPG,Tomato_Late_blight,PlantVillage external crop disease dataset
data/PlantVillage/Tomato__Tomato_YellowLeaf__Curl_Virus/0b3778d6-b81e-43eb-9512-7e9067a9ca8f___UF.GRC_YLCV_Lab 08551.JPG,Tomato__Tomato_YellowLeaf__Curl_Virus,PlantVillage external crop disease dataset
data/PlantVillage/Tomato_Late_blight/2353e9af-9267-4262-840e-1eb109fff56c___RS_Late.B 5135.JPG,Tomato_Late_blight,PlantVillage external crop disease dataset
data/PlantVillage/Tomato_Septoria_leaf_spot/1bd1e4bf-3f5e-4954-a265-edb058f2db96___Matt.S_CG 1215.JPG,Tomato_Septoria_leaf_spot,PlantVillage external crop disease dataset
data/PlantVillage/Tomato__Tomato_YellowLeaf__Curl_Virus/0ae828f5-e6e8-4100-b297-52f98dfc6109___UF.GRC_YLCV_Lab 01958.JPG,Tomato__Tomato_YellowLeaf__Curl_Virus,PlantVillage external crop disease dataset
data/PlantVillage/Potato___Early_blight/32c3bd85-3b12-4051-9185-12d39caaf94f___RS_Early.B 6684.JPG,Potato___Early_blight,PlantVillage external crop disease dataset
data/PlantVillage/Tomato_healthy/267fd403-bea5-4a99-ae97-ea1c272623a1___GH_HL Leaf 440.1.JPG,Tomato_healthy,PlantVillage external crop disease dataset
data/PlantVillage/Tomato__Tomato_mosaic_virus/2e03280e-123a-4231-a73a-652c57338137___PSU_CG 2053.JPG,Tomato__Tomato_mosaic_virus,PlantVillage external crop disease dataset
data/PlantVillage/Tomato_Late_blight/21a4f74f-08cb-44b8-9e40-3ff5a9c8a9da___GHLB Leaf 8.2 Day 7.JPG,Tomato_Late_blight,PlantVillage external crop disease dataset
data/PlantVillage/Tomato_Late_blight/0db85707-41f9-42df-ba3b-842d14f00a68___GHLB2 Leaf 8909.JPG,Tomato_Late_blight,PlantVillage external crop disease dataset
data/PlantVillage/Tomato_Bacterial_spot/0ce4dee0-2d0c-4c25-a9b2-4abc5f9083db___GCREC_Bact.Sp 3708.JPG,Tomato_Bacterial_spot,PlantVillage external crop disease dataset
data/PlantVillage/Tomato_Leaf_Mold/0b3d5bf2-607f-4f95-bdcd-3542b8bd3244___Crnl_L.Mold 6654.JPG,Tomato_Leaf_Mold,PlantVillage external crop disease dataset
data/PlantVillage/Pepper__bell___healthy/110e0412-89b7-4ecc-8650-24f34bae2849___JR_HL 8305.JPG,Pepper__bell___healthy,PlantVillage external crop disease dataset
data/PlantVillage/Tomato_Late_blight/1e55a2c0-6618-4c42-93a6-cfc8a9d5ca77___GHLB2 Leaf 9039.JPG,Tomato_Late_blight,PlantVillage external crop disease dataset
data/PlantVillage/Tomato_healthy/2a99d5af-218f-4332-a8ce-505301abdbfe___RS_HL 9693.JPG,Tomato_healthy,PlantVillage external crop disease dataset
data/PlantVillage/Tomato_healthy/275d05cf-89de-45bc-9928-ac6f242c9dd7___RS_HL 0572.JPG,Tomato_healthy,PlantVillage external crop disease dataset
data/PlantVillage/Potato___Early_blight/2c310eaf-dbf4-4e8f-a8d8-ed8e0b51067a___RS_Early.B 6897.JPG,Potato___Early_blight,PlantVillage external crop disease dataset
data/PlantVillage/Tomato_Spider_mites_Two_spotted_spider_mite/1beb7ab1-cb7c-4a42-a5d7-16a643c81100___Com.G_SpM_FL 9563.JPG,Tomato_Spider_mites_Two_spotted_spider_mite,PlantVillage external crop disease dataset
data/PlantVillage/Tomato_Leaf_Mold/32e7769c-b63c-413a-a623-deebcdb2ec82___Crnl_L.Mold 8757.JPG,Tomato_Leaf_Mold,PlantVillage external crop disease dataset
data/PlantVillage/Pepper__bell___Bacterial_spot/1219f26f-a23a-4c2a-99f0-407fc785c74a___JR_B.Spot 3332.JPG,Pepper__bell___Bacterial_spot,PlantVillage external crop disease dataset
data/PlantVillage/Tomato__Tomato_mosaic_virus/9155ae3a-ecb2-4744-b60b-60f96f4e3ba8___PSU_CG 2191.JPG,Tomato__Tomato_mosaic_virus,PlantVillage external crop disease dataset
data/PlantVillage/Potato___Late_blight/4a5c555b-3f00-4553-b6a4-3be268969d7f___RS_LB 4323.JPG,Potato___Late_blight,PlantVillage external crop disease dataset
data/PlantVillage/Potato___Late_blight/034a54f1-e3e9-4524-a318-9d253d9f1394___RS_LB 2893.JPG,Potato___Late_blight,PlantVillage external crop disease dataset
data/PlantVillage/Tomato_Septoria_leaf_spot/09332ad5-89d0-4ce9-84de-6bca4f10bf16___Keller.St_CG 1953.JPG,Tomato_Septoria_leaf_spot,PlantVillage external crop disease dataset
data/PlantVillage/Tomato_Bacterial_spot/11fab8c8-08bb-476a-956b-cbf38b368643___UF.GRC_BS_Lab Leaf 8737.JPG,Tomato_Bacterial_spot,PlantVillage external crop disease dataset
data/PlantVillage/Tomato_Late_blight/0406a9d1-1b4e-42e2-814b-e03e525a51b2___RS_Late.B 5224.JPG,Tomato_Late_blight,PlantVillage external crop disease dataset
data/PlantVillage/Tomato_Septoria_leaf_spot/293f044e-b3e0-452b-aaf3-54e24f137cf1___JR_Sept.L.S 2646.JPG,Tomato_Septoria_leaf_spot,PlantVillage external crop disease dataset
data/PlantVillage/Potato___Late_blight/42bc0da9-199f-428f-854c-a9b05c57aa75___RS_LB 2770.JPG,Potato___Late_blight,PlantVillage external crop disease dataset
data/PlantVillage/Tomato_Septoria_leaf_spot/062f056c-5c23-4712-bbe2-f53bae4d7ad5___Matt.S_CG 7534.JPG,Tomato_Septoria_leaf_spot,PlantVillage external crop disease dataset
data/PlantVillage/Tomato_Bacterial_spot/0c32d6d5-bf5b-4904-8108-d7a901f2cb6b___UF.GRC_BS_Lab Leaf 8662.JPG,Tomato_Bacterial_spot,PlantVillage external crop disease dataset
data/PlantVillage/Tomato_Late_blight/014eee0c-8000-4762-b4b8-63ecc2fadc13___GHLB2ES Leaf 69.1.JPG,Tomato_Late_blight,PlantVillage external crop disease dataset
data/PlantVillage/Pepper__bell___Bacterial_spot/20531434-4064-4aeb-a839-d3bcfe0ecb3e___NREC_B.Spot 9104.JPG,Pepper__bell___Bacterial_spot,PlantVillage external crop disease dataset
data/PlantVillage/Pepper__bell___healthy/058832c8-adaa-4353-b792-93c9b0ea1c72___JR_HL 5931.JPG,Pepper__bell___healthy,PlantVillage external crop disease dataset
data/PlantVillage/Tomato_Bacterial_spot/176ee70d-778e-4f49-a761-67271feff912___GCREC_Bact.Sp 5976.JPG,Tomato_Bacterial_spot,PlantVillage external crop disease dataset
data/PlantVillage/Tomato__Tomato_YellowLeaf__Curl_Virus/02e3b67b-0cf3-4624-a0f6-61f5abd2fbe4___YLCV_NREC 0154.JPG,Tomato__Tomato_YellowLeaf__Curl_Virus,PlantVillage external crop disease dataset
data/PlantVillage/Tomato_Early_blight/1e08cf06-c20b-47bc-8773-a22cc730aa04___RS_Erly.B 8228.JPG,Tomato_Early_blight,PlantVillage external crop disease dataset
data/PlantVillage/Tomato__Tomato_YellowLeaf__Curl_Virus/07aadcd9-330a-4600-a4d7-a638498c022d___YLCV_GCREC 2291.JPG,Tomato__Tomato_YellowLeaf__Curl_Virus,PlantVillage external crop disease dataset
data/PlantVillage/Tomato_Spider_mites_Two_spotted_spider_mite/229fce20-a0a8-4a8a-b321-b067c4565bd6___Com.G_SpM_FL 1254.JPG,Tomato_Spider_mites_Two_spotted_spider_mite,PlantVillage external crop disease dataset
data/PlantVillage/Tomato__Target_Spot/34728c28-0345-419b-aa08-2d080e78c18b___Com.G_TgS_FL 8112.JPG,Tomato__Target_Spot,PlantVillage external crop disease dataset
data/PlantVillage/Tomato_Septoria_leaf_spot/2e129fc6-f9d3-41d3-a562-c69e72871006___Matt.S_CG 0982.JPG,Tomato_Septoria_leaf_spot,PlantVillage external crop disease dataset
data/PlantVillage/Tomato_healthy/02d94768-da6d-4c1a-b8b3-fa2e5a2fcd4d___RS_HL 0449.JPG,Tomato_healthy,PlantVillage external crop disease dataset
data/PlantVillage/Tomato__Target_Spot/03ffc2bf-ec6a-43d4-b349-9fd4138467bc___Com.G_TgS_FL 0738.JPG,Tomato__Target_Spot,PlantVillage external crop disease dataset
data/PlantVillage/Tomato_Bacterial_spot/09ebe433-a21f-4ffe-9954-e3ce4347143f___UF.GRC_BS_Lab Leaf 1084.JPG,Tomato_Bacterial_spot,PlantVillage external crop disease dataset
data/PlantVillage/Tomato_Leaf_Mold/483cc7e3-9fbd-4433-82b4-133c561f994c___Crnl_L.Mold 6537.JPG,Tomato_Leaf_Mold,PlantVillage external crop disease dataset
data/PlantVillage/Tomato_Bacterial_spot/0542f446-f9d7-4173-ab07-f41125b21dc7___GCREC_Bact.Sp 3074.JPG,Tomato_Bacterial_spot,PlantVillage external crop disease dataset
data/PlantVillage/Tomato_Late_blight/0b52ebed-e711-41f2-bfd1-af73410b370e___RS_Late.B 5463.JPG,Tomato_Late_blight,PlantVillage external crop disease dataset
data/PlantVillage/Tomato__Tomato_YellowLeaf__Curl_Virus/0036c89d-7743-4895-9fcf-b8d2c1fc8455___YLCV_NREC 0313.JPG,Tomato__Tomato_YellowLeaf__Curl_Virus,PlantVillage external crop disease dataset
data/PlantVillage/Tomato_Late_blight/1ea54b98-1f87-4da7-9bc2-f6460f18b376___RS_Late.B 6713.JPG,Tomato_Late_blight,PlantVillage external crop disease dataset
data/PlantVillage/Tomato__Tomato_mosaic_virus/69726f1b-4d1c-4647-aef2-090e57246501___PSU_CG 2131.JPG,Tomato__Tomato_mosaic_virus,PlantVillage external crop disease dataset
data/PlantVillage/Tomato_Early_blight/30e6be40-743f-49c1-a736-e279d53ffdd7___RS_Erly.B 7862.JPG,Tomato_Early_blight,PlantVillage external crop disease dataset
data/PlantVillage/Potato___Early_blight/31290247-3f4f-445d-8bad-20d7dccbf979___RS_Early.B 7019.JPG,Potato___Early_blight,PlantVillage external crop disease dataset
data/PlantVillage/Tomato_Leaf_Mold/306d3e00-d180-4645-9858-b22e3a292554___Crnl_L.Mold 6627.JPG,Tomato_Leaf_Mold,PlantVillage external crop disease dataset
data/PlantVillage/Tomato__Tomato_mosaic_virus/47135ee0-8924-4fa2-b9ef-122d0d3eb629___PSU_CG 2194.JPG,Tomato__Tomato_mosaic_virus,PlantVillage external crop disease dataset
data/PlantVillage/Tomato_Leaf_Mold/47368e87-9afe-4943-8929-e5e8a652bf60___Crnl_L.Mold 8950.JPG,Tomato_Leaf_Mold,PlantVillage external crop disease dataset
data/PlantVillage/Tomato_Spider_mites_Two_spotted_spider_mite/003b7929-a364-4e74-be1c-37c4c0a6ec63___Com.G_SpM_FL 1414.JPG,Tomato_Spider_mites_Two_spotted_spider_mite,PlantVillage external crop disease dataset
data/PlantVillage/Potato___Late_blight/2addf5f2-acc5-448c-88a1-fe357d9aa9ac___RS_LB 4736.JPG,Potato___Late_blight,PlantVillage external crop disease dataset
data/PlantVillage/PlantVillage/Pepper__bell___Bacterial_spot/006adb74-934f-448f-a14f-62181742127b___JR_B.Spot 3395.JPG,PlantVillage,PlantVillage external crop disease dataset
data/PlantVillage/Pepper__bell___healthy/1179e122-90ec-4849-aa86-3b8610bf7961___JR_HL 8581.JPG,Pepper__bell___healthy,PlantVillage external crop disease dataset
data/PlantVillage/PlantVillage/Pepper__bell___Bacterial_spot/3a041cb2-cd43-4fcf-8f84-f559d40f1bd8___JR_B.Spot 9101.JPG,PlantVillage,PlantVillage external crop disease dataset
data/PlantVillage/Tomato_Early_blight/3198b703-d5d5-46e9-9b8f-399d5531b5c4___RS_Erly.B 8364.JPG,Tomato_Early_blight,PlantVillage external crop disease dataset
data/PlantVillage/Tomato_Spider_mites_Two_spotted_spider_mite/1e802d57-3ff5-4527-8c9a-b1b764d6ccc9___Com.G_SpM_FL 1522.JPG,Tomato_Spider_mites_Two_spotted_spider_mite,PlantVillage external crop disease dataset
data/PlantVillage/Pepper__bell___Bacterial_spot/3e71a4e5-32e9-404e-815c-95208f7a79fd___JR_B.Spot 3258.JPG,Pepper__bell___Bacterial_spot,PlantVillage external crop disease dataset
data/PlantVillage/Pepper__bell___healthy/3350cc79-a559-4204-aade-92eb31916006___JR_HL 8901.JPG,Pepper__bell___healthy,PlantVillage external crop disease dataset
data/PlantVillage/Tomato__Tomato_YellowLeaf__Curl_Virus/076ee062-20b2-4128-bd95-2acb66c2c838___UF.GRC_YLCV_Lab 01369.JPG,Tomato__Tomato_YellowLeaf__Curl_Virus,PlantVillage external crop disease dataset
data/PlantVillage/Tomato__Tomato_mosaic_virus/897f830b-569c-46e0-8c27-1b82504ae77f___PSU_CG 2113.JPG,Tomato__Tomato_mosaic_virus,PlantVillage external crop disease dataset
data/PlantVillage/PlantVillage/Pepper__bell___Bacterial_spot/3da16030-36bd-4866-826f-70945a9f8b60___JR_B.Spot 8934.JPG,PlantVillage,PlantVillage external crop disease dataset
data/PlantVillage/Tomato_Bacterial_spot/21a6fc4a-1d20-4d4b-9802-ce7096e342a1___GCREC_Bact.Sp 3576.JPG,Tomato_Bacterial_spot,PlantVillage external crop disease dataset
data/PlantVillage/Pepper__bell___Bacterial_spot/1732db7e-9901-46df-b20e-3ca49ff1dbad___NREC_B.Spot 1791.JPG,Pepper__bell___Bacterial_spot,PlantVillage external crop disease dataset
data/PlantVillage/Pepper__bell___Bacterial_spot/462d2266-b71d-4bd0-b1da-8bf71439f5cd___JR_B.Spot 3192.JPG,Pepper__bell___Bacterial_spot,PlantVillage external crop disease dataset
data/PlantVillage/Tomato_Spider_mites_Two_spotted_spider_mite/0189e941-6286-4aae-bc7a-c87b2d6e0b09___Com.G_SpM_FL 1153.JPG,Tomato_Spider_mites_Two_spotted_spider_mite,PlantVillage external crop disease dataset
data/PlantVillage/Tomato_Spider_mites_Two_spotted_spider_mite/00c8e9a0-1fb8-434b-8981-25511358ddc9___Com.G_SpM_FL 8717.JPG,Tomato_Spider_mites_Two_spotted_spider_mite,PlantVillage external crop disease dataset
data/PlantVillage/Tomato_Bacterial_spot/16912266-6a1b-426c-9e58-2f0ff1a4e35a___UF.GRC_BS_Lab Leaf 8673.JPG,Tomato_Bacterial_spot,PlantVillage external crop disease dataset
data/PlantVillage/Tomato_healthy/285e95b9-fe77-43a7-85ab-5ef37ae162f8___RS_HL 0047.JPG,Tomato_healthy,PlantVillage external crop disease dataset
data/PlantVillage/Tomato_Leaf_Mold/5362725f-e508-4dcf-bdcd-fb08c37630e1___Crnl_L.Mold 9114.JPG,Tomato_Leaf_Mold,PlantVillage external crop disease dataset
data/PlantVillage/Tomato__Tomato_mosaic_virus/57b10f20-7819-40b1-924c-b484c42c515f___PSU_CG 2356.JPG,Tomato__Tomato_mosaic_virus,PlantVillage external crop disease dataset
data/PlantVillage/Potato___Early_blight/0ad3ba53-f01b-403b-a99d-5991eed85045___RS_Early.B 7600.JPG,Potato___Early_blight,PlantVillage external crop disease dataset
data/PlantVillage/Tomato_Bacterial_spot/087cec29-0b94-4fd0-9c29-92f50cc8155f___UF.GRC_BS_Lab Leaf 0289.JPG,Tomato_Bacterial_spot,PlantVillage external crop disease dataset
data/PlantVillage/Tomato_Spider_mites_Two_spotted_spider_mite/2e41a813-b5a7-4501-bec2-e0f2db310a2c___Com.G_SpM_FL 9570.JPG,Tomato_Spider_mites_Two_spotted_spider_mite,PlantVillage external crop disease dataset
data/PlantVillage/Tomato_Early_blight/04ddbde3-d33c-42bf-b849-dad24d64fd6f___RS_Erly.B 7664.JPG,Tomato_Early_blight,PlantVillage external crop disease dataset
data/PlantVillage/Tomato_Leaf_Mold/4cfebe0b-f6de-4114-b76c-57a06e3db769___Crnl_L.Mold 9085.JPG,Tomato_Leaf_Mold,PlantVillage external crop disease dataset
data/PlantVillage/Tomato__Tomato_mosaic_virus/27000177-5a1d-4539-b78d-07a6f9a38089___PSU_CG 2168.JPG,Tomato__Tomato_mosaic_virus,PlantVillage external crop disease dataset
data/PlantVillage/Potato___Early_blight/283134dd-8b32-447e-8e82-547d3b69f4d4___RS_Early.B 7494.JPG,Potato___Early_blight,PlantVillage external crop disease dataset
data/PlantVillage/Pepper__bell___healthy/27a57823-95ed-4619-ac8c-25270fd0b030___JR_HL 7630.JPG,Pepper__bell___healthy,PlantVillage external crop disease dataset
data/PlantVillage/Pepper__bell___healthy/2a5fb2e8-b104-438e-9b40-822c3e01d3fb___JR_HL 8247.JPG,Pepper__bell___healthy,PlantVillage external crop disease dataset
data/PlantVillage/Tomato__Tomato_mosaic_virus/65d7e8ff-9197-4211-a1b7-850c3a74f740___PSU_CG 2073.JPG,Tomato__Tomato_mosaic_virus,PlantVillage external crop disease dataset
data/PlantVillage/Tomato__Tomato_mosaic_virus/6e67c953-5934-439c-8303-e1762793a36a___PSU_CG 2181.JPG,Tomato__Tomato_mosaic_virus,PlantVillage external crop disease dataset
data/PlantVillage/Tomato__Tomato_mosaic_virus/59168647-7103-404e-86b4-2be640a85a98___PSU_CG 2156.JPG,Tomato__Tomato_mosaic_virus,PlantVillage external crop disease dataset
data/PlantVillage/Tomato_healthy/085cbe78-1d5c-45eb-877f-f409526032d5___GH_HL Leaf 469.JPG,Tomato_healthy,PlantVillage external crop disease dataset
data/PlantVillage/Tomato_Bacterial_spot/1506485f-0fba-4e0a-aecf-36f9c5bae096___GCREC_Bact.Sp 5543.JPG,Tomato_Bacterial_spot,PlantVillage external crop disease dataset
data/PlantVillage/Tomato_Septoria_leaf_spot/1f8a9dd1-e501-430d-9c80-7eaf0904961c___Matt.S_CG 2477.JPG,Tomato_Septoria_leaf_spot,PlantVillage external crop disease dataset
data/PlantVillage/Tomato_Late_blight/04ba0ca5-c52c-4bab-897b-2d38f7835a03___RS_Late.B 5631.JPG,Tomato_Late_blight,PlantVillage external crop disease dataset
data/PlantVillage/Tomato__Target_Spot/1a3fba97-a09e-48f3-b74e-fe060a03f39b___Com.G_TgS_FL 0856.JPG,Tomato__Target_Spot,PlantVillage external crop disease dataset
data/PlantVillage/Tomato_Early_blight/0e2e58b7-1417-49c4-b014-b5efb4b4b831___RS_Erly.B 8256.JPG,Tomato_Early_blight,PlantVillage external crop disease dataset
data/PlantVillage/Tomato__Tomato_YellowLeaf__Curl_Virus/02dc4f14-66a1-4db1-8367-96413b7187d5___YLCV_GCREC 2151.JPG,Tomato__Tomato_YellowLeaf__Curl_Virus,PlantVillage external crop disease dataset
data/PlantVillage/Tomato__Target_Spot/152c3594-234d-4385-b487-83ea574cd860___Com.G_TgS_FL 1132.JPG,Tomato__Target_Spot,PlantVillage external crop disease dataset
data/PlantVillage/Tomato_Leaf_Mold/16081062-4baf-4be7-923b-d197803282da___Crnl_L.Mold 8686.JPG,Tomato_Leaf_Mold,PlantVillage external crop disease dataset
data/PlantVillage/Tomato__Tomato_mosaic_virus/8af472ce-108f-4478-807f-cdf8f4cbdceb___PSU_CG 2218.JPG,Tomato__Tomato_mosaic_virus,PlantVillage external crop disease dataset
data/PlantVillage/Tomato__Tomato_YellowLeaf__Curl_Virus/00b41556-fe22-41fb-93aa-76b0c45d923a___UF.GRC_YLCV_Lab 02644.JPG,Tomato__Tomato_YellowLeaf__Curl_Virus,PlantVillage external crop disease dataset
data/PlantVillage/Tomato_Leaf_Mold/0ed11606-167f-4951-9a07-ffaa7e2aa88a___Crnl_L.Mold 6831.JPG,Tomato_Leaf_Mold,PlantVillage external crop disease dataset
data/PlantVillage/Tomato_healthy/0cfee8b1-5de4-4118-9e25-f9c37bb6f17e___GH_HL Leaf 252.JPG,Tomato_healthy,PlantVillage external crop disease dataset
data/PlantVillage/Tomato__Tomato_YellowLeaf__Curl_Virus/07f1d416-ee72-4f16-9840-1c20d02c64cc___UF.GRC_YLCV_Lab 01781.JPG,Tomato__Tomato_YellowLeaf__Curl_Virus,PlantVillage external crop disease dataset
data/PlantVillage/Potato___Early_blight/4019e40b-0175-462a-b6bb-228cf42c1a65___RS_Early.B 8256.JPG,Potato___Early_blight,PlantVillage external crop disease dataset
data/PlantVillage/Tomato_healthy/14768e0c-387d-40d2-96f9-031e0a45bed5___RS_HL 9667.JPG,Tomato_healthy,PlantVillage external crop disease dataset
data/PlantVillage/Tomato__Target_Spot/1006b3dd-22d8-41b8-b83d-08bf189fcdaa___Com.G_TgS_FL 8118.JPG,Tomato__Target_Spot,PlantVillage external crop disease dataset
data/PlantVillage/Tomato_Spider_mites_Two_spotted_spider_mite/145e34a6-1cd6-4ac0-9091-9fa175effb81___Com.G_SpM_FL 1287.JPG,Tomato_Spider_mites_Two_spotted_spider_mite,PlantVillage external crop disease dataset
data/PlantVillage/Tomato__Tomato_YellowLeaf__Curl_Virus/04a2f285-b805-4c90-853a-3ee683becb85___UF.GRC_YLCV_Lab 02040.JPG,Tomato__Tomato_YellowLeaf__Curl_Virus,PlantVillage external crop disease dataset
data/PlantVillage/Tomato__Tomato_mosaic_virus/570486a0-abe0-4046-add9-14aab37de620___PSU_CG 2313.JPG,Tomato__Tomato_mosaic_virus,PlantVillage external crop disease dataset
data/PlantVillage/Tomato_Septoria_leaf_spot/261666dc-32fb-43b2-93db-efc28e296df4___JR_Sept.L.S 8491.JPG,Tomato_Septoria_leaf_spot,PlantVillage external crop disease dataset
data/PlantVillage/Tomato_Septoria_leaf_spot/0ebf0c98-aeb9-4630-afa0-0c9a2dc32995___Matt.S_CG 6233.JPG,Tomato_Septoria_leaf_spot,PlantVillage external crop disease dataset
data/PlantVillage/Tomato_Early_blight/3c5b8470-8596-44bf-baa3-164a03e1c818___RS_Erly.B 9611.JPG,Tomato_Early_blight,PlantVillage external crop disease dataset
data/PlantVillage/Potato___Late_blight/1e1fde7a-c535-49fd-9670-629f7fb9cb3d___RS_LB 3949.JPG,Potato___Late_blight,PlantVillage external crop disease dataset
data/PlantVillage/Pepper__bell___healthy/2608d280-4972-4d30-9aba-23eec0f149f3___JR_HL 7841.JPG,Pepper__bell___healthy,PlantVillage external crop disease dataset
data/PlantVillage/Pepper__bell___Bacterial_spot/08485974-1e38-4e34-b296-fadd9cc26942___NREC_B.Spot 9193.JPG,Pepper__bell___Bacterial_spot,PlantVillage external crop disease dataset
data/PlantVillage/Tomato_Bacterial_spot/0d227915-443b-402c-8a25-cc43434c4bb0___GCREC_Bact.Sp 5913.JPG,Tomato_Bacterial_spot,PlantVillage external crop disease dataset
data/PlantVillage/Tomato__Tomato_YellowLeaf__Curl_Virus/09519dd7-ab98-4e3c-91a7-438de3f73608___UF.GRC_YLCV_Lab 09530.JPG,Tomato__Tomato_YellowLeaf__Curl_Virus,PlantVillage external crop disease dataset
data/PlantVillage/Potato___Early_blight/0d987d4a-26bc-4f74-8a16-12f8969dfed8___RS_Early.B 7013.JPG,Potato___Early_blight,PlantVillage external crop disease dataset
data/PlantVillage/Tomato__Tomato_YellowLeaf__Curl_Virus/09f2d645-c2e5-413c-b5fb-3be87c149566___YLCV_NREC 0090.JPG,Tomato__Tomato_YellowLeaf__Curl_Virus,PlantVillage external crop disease dataset
data/PlantVillage/Tomato_Early_blight/45d27217-fbb3-4b74-93e7-d84f70b784f8___RS_Erly.B 7713.JPG,Tomato_Early_blight,PlantVillage external crop disease dataset
data/PlantVillage/Tomato_Septoria_leaf_spot/0d60ecc0-bb8e-4c07-9ad7-5e78aed53b1c___Matt.S_CG 6645.JPG,Tomato_Septoria_leaf_spot,PlantVillage external crop disease dataset
data/PlantVillage/Potato___Late_blight/4885a2b1-fc77-4b1a-ad55-3fa4b3fe4e1e___RS_LB 4425.JPG,Potato___Late_blight,PlantVillage external crop disease dataset
data/PlantVillage/Tomato_healthy/0de16216-510d-48c1-9ef0-78ce39328ff2___GH_HL Leaf 240.JPG,Tomato_healthy,PlantVillage external crop disease dataset
data/PlantVillage/Tomato_Early_blight/23e8ae15-6cfc-4518-9266-3a289a7bced7___RS_Erly.B 6479.JPG,Tomato_Early_blight,PlantVillage external crop disease dataset
data/PlantVillage/Tomato__Target_Spot/320a66eb-2f38-4db4-bd2f-3fbb298a43bf___Com.G_TgS_FL 8025.JPG,Tomato__Target_Spot,PlantVillage external crop disease dataset
data/PlantVillage/Tomato_healthy/148e32de-8876-45d9-92c5-43c17d7292fa___RS_HL 0189.JPG,Tomato_healthy,PlantVillage external crop disease dataset
data/PlantVillage/Tomato_Spider_mites_Two_spotted_spider_mite/207097b4-b76a-41dc-b80f-db4f2c9f2616___Com.G_SpM_FL 1408.JPG,Tomato_Spider_mites_Two_spotted_spider_mite,PlantVillage external crop disease dataset
data/PlantVillage/Potato___Early_blight/37957a08-5b06-49f7-9973-29f167dd95b8___RS_Early.B 8758.JPG,Potato___Early_blight,PlantVillage external crop disease dataset
data/PlantVillage/Pepper__bell___Bacterial_spot/131dd897-98e3-45f0-9b4a-48471c4cbf4c___JR_B.Spot 8845.JPG,Pepper__bell___Bacterial_spot,PlantVillage external crop disease dataset
data/PlantVillage/Tomato__Tomato_mosaic_virus/a03ed170-8835-4339-9d11-ab36c11c4b5a___PSU_CG 2394.JPG,Tomato__Tomato_mosaic_virus,PlantVillage external crop disease dataset
data/PlantVillage/Tomato_Bacterial_spot/1ec8d580-f7b5-481f-85af-f2370a29a330___GCREC_Bact.Sp 5620.JPG,Tomato_Bacterial_spot,PlantVillage external crop disease dataset
data/PlantVillage/Tomato_Late_blight/1b5ec98a-5be3-408c-8d8c-e3042f68e225___RS_Late.B 5016.JPG,Tomato_Late_blight,PlantVillage external crop disease dataset
data/PlantVillage/Tomato_Leaf_Mold/2b727376-492d-47dd-983a-c8f9c7ab386a___Crnl_L.Mold 6556.JPG,Tomato_Leaf_Mold,PlantVillage external crop disease dataset
data/PlantVillage/Tomato_Early_blight/3dab5935-91ca-489d-b4f4-127300fc527e___RS_Erly.B 6342.JPG,Tomato_Early_blight,PlantVillage external crop disease dataset
data/PlantVillage/Tomato_Bacterial_spot/00416648-be6e-4bd4-bc8d-82f43f8a7240___GCREC_Bact.Sp 3110.JPG,Tomato_Bacterial_spot,PlantVillage external crop disease dataset
data/PlantVillage/Potato___Late_blight/1b8f80ae-38a2-4d08-ae92-f80ff4459a73___RS_LB 2554.JPG,Potato___Late_blight,PlantVillage external crop disease dataset
data/PlantVillage/Tomato__Target_Spot/0a578317-a98b-4e26-b17b-cd2930330375___Com.G_TgS_FL 0785.JPG,Tomato__Target_Spot,PlantVillage external crop disease dataset
data/PlantVillage/Tomato__Tomato_YellowLeaf__Curl_Virus/098efb67-21d9-4884-9f01-62608d340a1b___YLCV_GCREC 5234.JPG,Tomato__Tomato_YellowLeaf__Curl_Virus,PlantVillage external crop disease dataset
data/PlantVillage/PlantVillage/Pepper__bell___Bacterial_spot/0d8421cd-eebc-4018-b591-12352dd970a7___JR_B.Spot 3234.JPG,PlantVillage,PlantVillage external crop disease dataset
data/PlantVillage/Potato___Late_blight/1757f48b-435b-4c4a-9de6-47b959ed1e67___RS_LB 5295.JPG,Potato___Late_blight,PlantVillage external crop disease dataset
data/PlantVillage/Tomato_Spider_mites_Two_spotted_spider_mite/1b184d8e-69bf-4af8-bdb5-22f477d587c0___Com.G_SpM_FL 8993.JPG,Tomato_Spider_mites_Two_spotted_spider_mite,PlantVillage external crop disease dataset
data/PlantVillage/Pepper__bell___healthy/173f3720-282c-4c32-a63a-bd239d06a0fe___JR_HL 8664.JPG,Pepper__bell___healthy,PlantVillage external crop disease dataset
data/PlantVillage/Pepper__bell___healthy/2f305bea-28f3-4f9d-8338-b2370ccd8da8___JR_HL 7806.JPG,Pepper__bell___healthy,PlantVillage external crop disease dataset
data/PlantVillage/Tomato_healthy/29265f8d-86ff-4de1-b1ad-e33a64b189dc___RS_HL 0264.JPG,Tomato_healthy,PlantVillage external crop disease dataset
data/PlantVillage/Tomato_Bacterial_spot/10f0b483-25a2-4c13-9054-754e9fe08d18___GCREC_Bact.Sp 3812.JPG,Tomato_Bacterial_spot,PlantVillage external crop disease dataset
data/PlantVillage/Pepper__bell___healthy/002f87b7-e1a5-49e5-a422-bb423630ded5___JR_HL 8068.JPG,Pepper__bell___healthy,PlantVillage external crop disease dataset
data/PlantVillage/PlantVillage/Pepper__bell___Bacterial_spot/1fca0f2b-857b-4cef-9218-42b1bdd92d00___JR_B.Spot 8969.JPG,PlantVillage,PlantVillage external crop disease dataset
data/PlantVillage/Tomato_Spider_mites_Two_spotted_spider_mite/2305cbc5-4e95-4258-810d-e68e7a58b6f2___Com.G_SpM_FL 1454.JPG,Tomato_Spider_mites_Two_spotted_spider_mite,PlantVillage external crop disease dataset
data/PlantVillage/Tomato_Spider_mites_Two_spotted_spider_mite/18663563-6c5e-43f0-bed8-72e7c9adc3ee___Com.G_SpM_FL 8831.JPG,Tomato_Spider_mites_Two_spotted_spider_mite,PlantVillage external crop disease dataset
data/PlantVillage/Tomato_Leaf_Mold/333654c3-6429-4ac2-b648-23b80488a08f___Crnl_L.Mold 7171.JPG,Tomato_Leaf_Mold,PlantVillage external crop disease dataset
data/PlantVillage/Tomato_Septoria_leaf_spot/13ae950c-d128-4ee8-9309-c9eaf611f469___Matt.S_CG 1277.JPG,Tomato_Septoria_leaf_spot,PlantVillage external crop disease dataset
data/PlantVillage/Tomato__Target_Spot/2bf19a03-71d0-4c97-9dc2-eadaeefac5e6___Com.G_TgS_FL 1002.JPG,Tomato__Target_Spot,PlantVillage external crop disease dataset
data/PlantVillage/Potato___Late_blight/145216a1-aab7-4f40-851d-a56c436ad0e3___RS_LB 2715.JPG,Potato___Late_blight,PlantVillage external crop disease dataset
data/PlantVillage/Potato___healthy/929107f1-4ae9-4dae-8319-ae7cf4804236___RS_HL 1932.JPG,Potato___healthy,PlantVillage external crop disease dataset
data/PlantVillage/Tomato_Septoria_leaf_spot/0ea8a7c0-74f4-404b-81f4-233e501dab60___Matt.S_CG 6731.JPG,Tomato_Septoria_leaf_spot,PlantVillage external crop disease dataset
data/PlantVillage/Pepper__bell___healthy/1518ab95-b80e-422f-bf88-d3b3a9fb7095___JR_HL 8009.JPG,Pepper__bell___healthy,PlantVillage external crop disease dataset
data/PlantVillage/Tomato_Bacterial_spot/2359d490-4be7-4328-97bf-860b2f78bc19___GCREC_Bact.Sp 6113.JPG,Tomato_Bacterial_spot,PlantVillage external crop disease dataset
data/PlantVillage/Tomato_healthy/28200010-ba2b-41f7-9dff-94d86019488e___GH_HL Leaf 366.JPG,Tomato_healthy,PlantVillage external crop disease dataset
data/PlantVillage/Tomato_Septoria_leaf_spot/15fe8cdd-4e52-4aa0-b70e-90355e0be93f___Matt.S_CG 2768.JPG,Tomato_Septoria_leaf_spot,PlantVillage external crop disease dataset
data/PlantVillage/Tomato_Spider_mites_Two_spotted_spider_mite/113fe47e-6d5e-47da-8653-63095a9743c8___Com.G_SpM_FL 9610.JPG,Tomato_Spider_mites_Two_spotted_spider_mite,PlantVillage external crop disease dataset
data/PlantVillage/Tomato_Bacterial_spot/1f8c98e1-b5ff-48eb-b676-7c51e99a1329___GCREC_Bact.Sp 5919.JPG,Tomato_Bacterial_spot,PlantVillage external crop disease dataset
data/PlantVillage/Tomato_Septoria_leaf_spot/029c0186-56f1-41de-bb6b-3743bdfb10ee___JR_Sept.L.S 8562.JPG,Tomato_Septoria_leaf_spot,PlantVillage external crop disease dataset
data/PlantVillage/Potato___Late_blight/42cd0719-199a-40a8-aaa0-228bb80e1832___RS_LB 4440.JPG,Potato___Late_blight,PlantVillage external crop disease dataset
data/PlantVillage/Pepper__bell___healthy/24eb97a4-6671-48dd-96f7-3f2c86e80e21___JR_HL 5928.JPG,Pepper__bell___healthy,PlantVillage external crop disease dataset
data/PlantVillage/Tomato_Late_blight/0da53824-7b3b-43a9-9b34-146a7f71ef7e___RS_Late.B 6958.JPG,Tomato_Late_blight,PlantVillage external crop disease dataset
data/PlantVillage/Tomato__Tomato_mosaic_virus/6ddf37fe-9143-420d-a269-c57f53ac5429___PSU_CG 2213.JPG,Tomato__Tomato_mosaic_virus,PlantVillage external crop disease dataset
data/PlantVillage/Tomato_Spider_mites_Two_spotted_spider_mite/140136da-2b1c-4a29-b984-31e693c10d1c___Com.G_SpM_FL 9442.JPG,Tomato_Spider_mites_Two_spotted_spider_mite,PlantVillage external crop disease dataset
data/PlantVillage/Tomato_Late_blight/1159051e-1278-4b35-929c-e26b963d048f___GHLB_PS Leaf 8.1 Day 16.jpg,Tomato_Late_blight,PlantVillage external crop disease dataset
data/PlantVillage/Tomato_Early_blight/22b8de0e-636d-4407-a270-ef3614c33227___RS_Erly.B 8257.JPG,Tomato_Early_blight,PlantVillage external crop disease dataset
data/PlantVillage/Potato___Early_blight/3a8429cf-f8a7-4f64-a435-ec4f1ad692c7___RS_Early.B 8990.JPG,Potato___Early_blight,PlantVillage external crop disease dataset
data/PlantVillage/Tomato__Tomato_mosaic_virus/03b6acc7-41a6-4670-b47c-bef6d4baea18___PSU_CG 2363.JPG,Tomato__Tomato_mosaic_virus,PlantVillage external crop disease dataset
data/PlantVillage/Tomato_healthy/0920bfd6-6c70-432b-be33-cccb6abb0f31___GH_HL Leaf 181.1.JPG,Tomato_healthy,PlantVillage external crop disease dataset
data/PlantVillage/Pepper__bell___healthy/14a8f40d-e1b2-4d17-8bf1-c16c56f48d4c___JR_HL 8239.JPG,Pepper__bell___healthy,PlantVillage external crop disease dataset
data/PlantVillage/Tomato_healthy/1a0a5292-5e63-4afa-8611-38eef316f1e9___GH_HL Leaf 477.JPG,Tomato_healthy,PlantVillage external crop disease dataset
data/PlantVillage/Tomato__Target_Spot/356ce2f5-2a94-4d0c-8b3b-7968e62d5393___Com.G_TgS_FL 8230.JPG,Tomato__Target_Spot,PlantVillage external crop disease dataset
data/PlantVillage/Tomato_Leaf_Mold/36f8fd81-cc4f-4a07-9f05-494a42259fcd___Crnl_L.Mold 6963.JPG,Tomato_Leaf_Mold,PlantVillage external crop disease dataset
data/PlantVillage/Potato___healthy/2dee1571-ef6b-40ef-8c46-334e89aad3f1___RS_HL 1950.JPG,Potato___healthy,PlantVillage external crop disease dataset
data/PlantVillage/Potato___Early_blight/26d0fa09-d463-461b-830c-3e970244cabb___RS_Early.B 7406.JPG,Potato___Early_blight,PlantVillage external crop disease dataset
data/PlantVillage/PlantVillage/Pepper__bell___Bacterial_spot/36223df9-bc20-4672-8938-6f1f60fb4a0e___NREC_B.Spot 1873.JPG,PlantVillage,PlantVillage external crop disease dataset
data/PlantVillage/Tomato__Tomato_mosaic_virus/830ed62d-ec4b-4df9-97fe-fddf36d7c3cb___PSU_CG 2301.JPG,Tomato__Tomato_mosaic_virus,PlantVillage external crop disease dataset
data/PlantVillage/PlantVillage/Pepper__bell___Bacterial_spot/186f840e-086b-49fa-97a7-18628c6293f0___JR_B.Spot 3136.JPG,PlantVillage,PlantVillage external crop disease dataset
data/PlantVillage/Tomato_healthy/2e97e18f-8ae2-4d5d-b7fb-64baeead1ed4___GH_HL Leaf 221.1.JPG,Tomato_healthy,PlantVillage external crop disease dataset
data/PlantVillage/Tomato_Bacterial_spot/113b3262-b784-450e-8fe7-6f35652f073d___GCREC_Bact.Sp 3153.JPG,Tomato_Bacterial_spot,PlantVillage external crop disease dataset
data/PlantVillage/Potato___Early_blight/2b3e46d9-09dd-4966-99c6-fe44c741b94c___RS_Early.B 8290.JPG,Potato___Early_blight,PlantVillage external crop disease dataset
data/PlantVillage/Potato___healthy/533abd3a-3e1d-42d0-ae9c-5189282b78af___RS_HL 5369.JPG,Potato___healthy,PlantVillage external crop disease dataset
data/PlantVillage/Tomato_Early_blight/090af0e4-75f2-495a-8bca-a3370c6dd2a6___RS_Erly.B 9562.JPG,Tomato_Early_blight,PlantVillage external crop disease dataset
data/PlantVillage/PlantVillage/Pepper__bell___Bacterial_spot/0d9b55df-a8c0-4784-b1e4-957c8d679513___NREC_B.Spot 1825.JPG,PlantVillage,PlantVillage external crop disease dataset
data/PlantVillage/Potato___Early_blight/0267d4ca-522e-4ca0-b1a2-ce925e5b54a2___RS_Early.B 7020.JPG,Potato___Early_blight,PlantVillage external crop disease dataset
data/PlantVillage/Tomato_Late_blight/0c47de5b-adbe-479f-8ccf-5b8c530c32f8___RS_Late.B 6312.JPG,Tomato_Late_blight,PlantVillage external crop disease dataset
data/PlantVillage/Tomato__Target_Spot/22a3ebce-e4fe-48a6-b503-229da56ac0d8___Com.G_TgS_FL 7917.JPG,Tomato__Target_Spot,PlantVillage external crop disease dataset
data/PlantVillage/Tomato_Septoria_leaf_spot/1c9a19ab-15e6-4af9-9130-603a329f356e___Matt.S_CG 7520.JPG,Tomato_Septoria_leaf_spot,PlantVillage external crop disease dataset
data/PlantVillage/Tomato_Bacterial_spot/0c5eb8e4-e0fb-424a-8873-e43f9a6121ef___GCREC_Bact.Sp 6281.JPG,Tomato_Bacterial_spot,PlantVillage external crop disease dataset
data/PlantVillage/Pepper__bell___healthy/1c159479-4972-41d3-a6ff-fbdb648d72c2___JR_HL 7575.JPG,Pepper__bell___healthy,PlantVillage external crop disease dataset
data/PlantVillage/Tomato_Bacterial_spot/11fedfbc-52be-4032-b884-3b2071db6590___GCREC_Bact.Sp 3060.JPG,Tomato_Bacterial_spot,PlantVillage external crop disease dataset
data/PlantVillage/Tomato__Tomato_mosaic_virus/503c6a57-2af3-48ed-b96f-e2cbf6fb5dd1___PSU_CG 2263.JPG,Tomato__Tomato_mosaic_virus,PlantVillage external crop disease dataset
data/PlantVillage/Pepper__bell___healthy/3502c57a-2c09-45e7-9cb6-96dd57f301a1___JR_HL 7981.JPG,Pepper__bell___healthy,PlantVillage external crop disease dataset
data/PlantVillage/Potato___Late_blight/050b6d37-4056-4c6c-8359-d7823a488531___RS_LB 3944.JPG,Potato___Late_blight,PlantVillage external crop disease dataset
data/PlantVillage/Tomato_Septoria_leaf_spot/1585bf58-6209-411e-92e5-84d55162dec8___Matt.S_CG 7594.JPG,Tomato_Septoria_leaf_spot,PlantVillage external crop disease dataset
data/PlantVillage/Tomato_Leaf_Mold/526f929e-e9c1-4ca5-a493-c0bcf4898b04___Crnl_L.Mold 9129.JPG,Tomato_Leaf_Mold,PlantVillage external crop disease dataset
data/PlantVillage/Pepper__bell___healthy/16898ed4-107c-40ba-8e1f-2818e06f8426___JR_HL 8702.JPG,Pepper__bell___healthy,PlantVillage external crop disease dataset
data/PlantVillage/PlantVillage/Pepper__bell___Bacterial_spot/442f9778-71fb-43c6-9b97-e11f6525a0f3___JR_B.Spot 3177.JPG,PlantVillage,PlantVillage external crop disease dataset
data/PlantVillage/Pepper__bell___healthy/202621f9-fb34-4eef-a869-4f538de3e881___JR_HL 8496.JPG,Pepper__bell___healthy,PlantVillage external crop disease dataset
data/PlantVillage/Tomato_Early_blight/07502bbb-1733-4d49-a3dc-557b1d4391da___RS_Erly.B 7516.JPG,Tomato_Early_blight,PlantVillage external crop disease dataset
data/PlantVillage/PlantVillage/Pepper__bell___Bacterial_spot/1d26f9c5-2f4e-4b1e-a7d6-a4e9584a3ab7___JR_B.Spot 8918.JPG,PlantVillage,PlantVillage external crop disease dataset
data/PlantVillage/Potato___Early_blight/3bf3bb26-3cbd-46f2-a9ba-c86700edafcb___RS_Early.B 7599.JPG,Potato___Early_blight,PlantVillage external crop disease dataset
data/PlantVillage/Tomato_Spider_mites_Two_spotted_spider_mite/151b5158-4ae7-42b7-bfa0-fcd68bb2167d___Com.G_SpM_FL 1524.JPG,Tomato_Spider_mites_Two_spotted_spider_mite,PlantVillage external crop disease dataset
data/PlantVillage/PlantVillage/Pepper__bell___Bacterial_spot/121268d0-b5e9-452b-aa45-df90ddcc5ee5___JR_B.Spot 8876.JPG,PlantVillage,PlantVillage external crop disease dataset
data/PlantVillage/Tomato_Leaf_Mold/1b561161-1e63-4de0-889a-9c7b13487e18___Crnl_L.Mold 6596.JPG,Tomato_Leaf_Mold,PlantVillage external crop disease dataset
data/PlantVillage/Tomato__Target_Spot/280c585c-d0d6-4558-87ff-04c5f67a1d56___Com.G_TgS_FL 8027.JPG,Tomato__Target_Spot,PlantVillage external crop disease dataset
data/PlantVillage/Tomato_healthy/2969446c-455d-4ad3-a0f4-25786dca0841___RS_HL 9793.JPG,Tomato_healthy,PlantVillage external crop disease dataset
data/PlantVillage/Tomato_Septoria_leaf_spot/292ba858-8065-4a1f-b3d6-29a81e3f9dcd___Matt.S_CG 6654.JPG,Tomato_Septoria_leaf_spot,PlantVillage external crop disease dataset
data/PlantVillage/Tomato__Tomato_YellowLeaf__Curl_Virus/03b15a5f-1b74-42a1-866a-1c6feb171121___UF.GRC_YLCV_Lab 02358.JPG,Tomato__Tomato_YellowLeaf__Curl_Virus,PlantVillage external crop disease dataset
data/PlantVillage/Pepper__bell___healthy/0e043e9a-7652-4e7a-aef1-0caa0c085f55___JR_HL 8479.JPG,Pepper__bell___healthy,PlantVillage external crop disease dataset
data/PlantVillage/Potato___Early_blight/4a35b485-4f57-471a-a2cc-d5d7ebd41c40___RS_Early.B 7651.JPG,Potato___Early_blight,PlantVillage external crop disease dataset
data/PlantVillage/Tomato__Tomato_YellowLeaf__Curl_Virus/080aacff-a429-4f33-958f-64291169f702___UF.GRC_YLCV_Lab 02786.JPG,Tomato__Tomato_YellowLeaf__Curl_Virus,PlantVillage external crop disease dataset
data/PlantVillage/Potato___Late_blight/3d4b41e8-18f8-400a-a961-82731c6ac4d5___RS_LB 5157.JPG,Potato___Late_blight,PlantVillage external crop disease dataset
data/PlantVillage/Potato___Early_blight/17667077-cf29-4976-9282-359c6da25cf6___RS_Early.B 6971.JPG,Potato___Early_blight,PlantVillage external crop disease dataset
data/PlantVillage/PlantVillage/Pepper__bell___Bacterial_spot/1360c0b1-4eb4-491b-8544-738d3c420828___NREC_B.Spot 1977.JPG,PlantVillage,PlantVillage external crop disease dataset
data/PlantVillage/Pepper__bell___healthy/03ab4bf1-bae1-4031-ac4d-14e43a29c397___JR_HL 8013.JPG,Pepper__bell___healthy,PlantVillage external crop disease dataset
data/PlantVillage/Potato___Early_blight/0bbb8bce-2020-416b-8bd6-c160c2db9921___RS_Early.B 8386.JPG,Potato___Early_blight,PlantVillage external crop disease dataset
data/PlantVillage/Potato___Early_blight/13cfb9dc-8951-44c0-8c16-e96fd6ccc659___RS_Early.B 7070.JPG,Potato___Early_blight,PlantVillage external crop disease dataset
data/PlantVillage/Tomato_Late_blight/1350ac99-ea6a-43a2-8ab5-178219b286ba___GHLB2 Leaf 8673.JPG,Tomato_Late_blight,PlantVillage external crop disease dataset
data/PlantVillage/Tomato__Target_Spot/1b46f9fb-4e90-4cbf-bad5-78414e389be2___Com.G_TgS_FL 8001.JPG,Tomato__Target_Spot,PlantVillage external crop disease dataset
data/PlantVillage/Tomato__Target_Spot/311559f0-d5ee-4542-8280-809d1d09e1ad___Com.G_TgS_FL 8099.JPG,Tomato__Target_Spot,PlantVillage external crop disease dataset
data/PlantVillage/Tomato_healthy/2b4ab56e-4afa-4b0f-910a-3270e90c707c___RS_HL 0035.JPG,Tomato_healthy,PlantVillage external crop disease dataset
data/PlantVillage/Tomato_Leaf_Mold/35a6c962-8f94-4c23-97e3-726b1dcf7170___Crnl_L.Mold 8874.JPG,Tomato_Leaf_Mold,PlantVillage external crop disease dataset
data/PlantVillage/Tomato_Septoria_leaf_spot/253ddc99-8132-4710-bb89-eb83ab271abc___Matt.S_CG 0698.JPG,Tomato_Septoria_leaf_spot,PlantVillage external crop disease dataset
data/PlantVillage/Tomato_Bacterial_spot/0da838ea-fd8c-43c0-a437-4aba96234262___UF.GRC_BS_Lab Leaf 8770.JPG,Tomato_Bacterial_spot,PlantVillage external crop disease dataset
data/PlantVillage/Tomato_healthy/10126910-47a0-4b22-b3ee-ce9eb4d5d7b5___GH_HL Leaf 350.JPG,Tomato_healthy,PlantVillage external crop disease dataset
data/PlantVillage/Pepper__bell___healthy/14d0f6a3-c314-4faa-8d6f-1770b21f4f04___JR_HL 8551.JPG,Pepper__bell___healthy,PlantVillage external crop disease dataset
data/PlantVillage/Tomato_Leaf_Mold/272c102c-6c18-4e3a-a64c-078bce56bde1___Crnl_L.Mold 6889.JPG,Tomato_Leaf_Mold,PlantVillage external crop disease dataset
data/PlantVillage/Pepper__bell___Bacterial_spot/3f4bec2b-fc05-4b3a-89aa-36960c25ecd1___JR_B.Spot 3207.JPG,Pepper__bell___Bacterial_spot,PlantVillage external crop disease dataset
data/PlantVillage/Pepper__bell___healthy/0fbb1d8d-63ff-406f-9abe-d555e4fb2de9___JR_HL 5877.JPG,Pepper__bell___healthy,PlantVillage external crop disease dataset
data/PlantVillage/PlantVillage/Pepper__bell___Bacterial_spot/1092e87d-5d66-43cd-8344-43b393d86065___NREC_B.Spot 9244.JPG,PlantVillage,PlantVillage external crop disease dataset
data/PlantVillage/Tomato_healthy/2b8306e4-7898-4f27-b659-b0061c4c3832___RS_HL 0440.JPG,Tomato_healthy,PlantVillage external crop disease dataset
data/PlantVillage/Tomato_Late_blight/06f7c4e6-abd5-4399-9083-ed241a9c4bab___RS_Late.B 5407.JPG,Tomato_Late_blight,PlantVillage external crop disease dataset
data/PlantVillage/Tomato_Spider_mites_Two_spotted_spider_mite/1b43c451-503f-446e-9e31-dcfd3544fbcd___Com.G_SpM_FL 1245.JPG,Tomato_Spider_mites_Two_spotted_spider_mite,PlantVillage external crop disease dataset
data/PlantVillage/PlantVillage/Pepper__bell___Bacterial_spot/26ff38eb-796d-48db-a28a-09bbee4fe3e0___NREC_B.Spot 9111.JPG,PlantVillage,PlantVillage external crop disease dataset
data/PlantVillage/Pepper__bell___Bacterial_spot/3233e1db-99e9-4107-8711-c8b28a8bfda1___JR_B.Spot 3165.JPG,Pepper__bell___Bacterial_spot,PlantVillage external crop disease dataset
data/PlantVillage/Tomato_Bacterial_spot/096c159e-7f45-404c-ba64-eecc7941ce23___GCREC_Bact.Sp 5675.JPG,Tomato_Bacterial_spot,PlantVillage external crop disease dataset
data/PlantVillage/Tomato_Early_blight/18d8f15c-4948-4506-ae09-54169f95cf36___RS_Erly.B 7496.JPG,Tomato_Early_blight,PlantVillage external crop disease dataset
data/PlantVillage/Tomato_Late_blight/0fa1b773-fe9f-4440-ab2a-cfbc39c9cd2b___RS_Late.B 6230.JPG,Tomato_Late_blight,PlantVillage external crop disease dataset
data/PlantVillage/Tomato_Late_blight/24584c68-d48b-4023-86e9-5915aeb6bc0f___RS_Late.B 4928.JPG,Tomato_Late_blight,PlantVillage external crop disease dataset
data/PlantVillage/Tomato_healthy/24b7c39d-53c6-4a71-8dc0-83dff1a877d0___RS_HL 0465.JPG,Tomato_healthy,PlantVillage external crop disease dataset
data/PlantVillage/Tomato_Septoria_leaf_spot/02ab6821-757a-401b-ac04-919fdceee1f0___Matt.S_CG 1653.JPG,Tomato_Septoria_leaf_spot,PlantVillage external crop disease dataset
data/PlantVillage/Pepper__bell___healthy/08af8792-fca1-451c-bf59-51cdd9d8b7e6___JR_HL 7740.JPG,Pepper__bell___healthy,PlantVillage external crop disease dataset
data/PlantVillage/Pepper__bell___healthy/1c665f14-938a-4563-8613-031a2cb04453___JR_HL 5815.JPG,Pepper__bell___healthy,PlantVillage external crop disease dataset
data/PlantVillage/Tomato_Spider_mites_Two_spotted_spider_mite/1ff30221-d082-4dd3-ab7b-0028ecf897db___Com.G_SpM_FL 9608.JPG,Tomato_Spider_mites_Two_spotted_spider_mite,PlantVillage external crop disease dataset
data/PlantVillage/Tomato_Late_blight/1db51a76-0e89-45c6-8f00-9262c1c7732e___GHLB2ES Leaf 139.JPG,Tomato_Late_blight,PlantVillage external crop disease dataset
data/PlantVillage/Tomato_Septoria_leaf_spot/092bc641-e271-4bf6-bbe7-451fd3ffc6f1___JR_Sept.L.S 8484.JPG,Tomato_Septoria_leaf_spot,PlantVillage external crop disease dataset
data/PlantVillage/Tomato_Bacterial_spot/0ad66523-0fca-464d-a6e9-ca2d629e8058___GCREC_Bact.Sp 5945.JPG,Tomato_Bacterial_spot,PlantVillage external crop disease dataset
data/PlantVillage/Tomato__Tomato_YellowLeaf__Curl_Virus/0adad6ca-4983-4c80-b19f-6be9d47400ea___YLCV_GCREC 5341.JPG,Tomato__Tomato_YellowLeaf__Curl_Virus,PlantVillage external crop disease dataset
data/PlantVillage/Potato___healthy/23f4d3b1-23f4-43fb-96c2-dae37224ec74___RS_HL 1803.JPG,Potato___healthy,PlantVillage external crop disease dataset
data/PlantVillage/Tomato_Early_blight/0114f7b3-7f56-4bef-aa47-7a82da142d4b___RS_Erly.B 7437.JPG,Tomato_Early_blight,PlantVillage external crop disease dataset
data/PlantVillage/Potato___healthy/bb328d40-e4e6-4b84-a92a-e7cb3922c19d___RS_HL 1829.JPG,Potato___healthy,PlantVillage external crop disease dataset
data/PlantVillage/Tomato_healthy/25cac927-fd33-4890-9948-8aa1e9a7af52___GH_HL Leaf 293.1.JPG,Tomato_healthy,PlantVillage external crop disease dataset
data/PlantVillage/Potato___Early_blight/2ce7e8d7-4cc9-4ab3-9d22-8f7ad21d8eda___RS_Early.B 8609.JPG,Potato___Early_blight,PlantVillage external crop disease dataset
data/PlantVillage/Tomato_Spider_mites_Two_spotted_spider_mite/27e28fcf-bc3e-4c0e-96c7-a0d845064dc2___Com.G_SpM_FL 8478.JPG,Tomato_Spider_mites_Two_spotted_spider_mite,PlantVillage external crop disease dataset
data/PlantVillage/Tomato_healthy/050e7bff-2f2d-4c92-9422-05ce93f1d5a9___RS_HL 0097.JPG,Tomato_healthy,PlantVillage external crop disease dataset
data/PlantVillage/Tomato__Target_Spot/0c91af09-0ad7-46a1-844b-edfd6af34df2___Com.G_TgS_FL 9776.JPG,Tomato__Target_Spot,PlantVillage external crop disease dataset
data/PlantVillage/Pepper__bell___healthy/31d3fd73-b756-4d79-9774-3ddb034f8fd5___JR_HL 8582.JPG,Pepper__bell___healthy,PlantVillage external crop disease dataset
data/PlantVillage/Pepper__bell___healthy/0e05c3e0-7766-4049-b7a8-563b5c028c33___JR_HL 8828.JPG,Pepper__bell___healthy,PlantVillage external crop disease dataset
data/PlantVillage/Potato___Late_blight/420b4d84-d621-4a64-a8bd-30042f1a6609___RS_LB 2778.JPG,Potato___Late_blight,PlantVillage external crop disease dataset
data/PlantVillage/Tomato__Target_Spot/2727cb2d-0e0d-4179-a0f8-95788e9cc1c3___Com.G_TgS_FL 8303.JPG,Tomato__Target_Spot,PlantVillage external crop disease dataset
data/PlantVillage/Tomato__Tomato_mosaic_virus/658e96ee-271d-442b-876e-a52970ff540f___PSU_CG 2269.JPG,Tomato__Tomato_mosaic_virus,PlantVillage external crop disease dataset
data/PlantVillage/Tomato_healthy/08c1c1e5-bb78-44d5-b46f-a86386c0ef3b___RS_HL 0063.JPG,Tomato_healthy,PlantVillage external crop disease dataset
data/PlantVillage/Tomato__Tomato_mosaic_virus/1588e951-b57d-47a2-8371-7be3a45fd2cc___PSU_CG 2121.JPG,Tomato__Tomato_mosaic_virus,PlantVillage external crop disease dataset
data/PlantVillage/Pepper__bell___Bacterial_spot/39a17538-d200-4dac-8dad-d76566b6b199___NREC_B.Spot 9173.JPG,Pepper__bell___Bacterial_spot,PlantVillage external crop disease dataset
data/PlantVillage/Potato___Late_blight/2122118e-02ee-452b-864c-adf36ed5ce9c___RS_LB 2890.JPG,Potato___Late_blight,PlantVillage external crop disease dataset
data/PlantVillage/Tomato__Tomato_mosaic_virus/c5132603-ce86-45c0-b9f9-d35c07f4057f___PSU_CG 2256.JPG,Tomato__Tomato_mosaic_virus,PlantVillage external crop disease dataset
data/PlantVillage/Potato___Early_blight/2ec0f91e-b8a4-4aeb-9e08-8bd32b492487___RS_Early.B 7502.JPG,Potato___Early_blight,PlantVillage external crop disease dataset
data/PlantVillage/Tomato_healthy/16ed4e23-5218-4e8b-85df-86a7069a675d___GH_HL Leaf 519.1.JPG,Tomato_healthy,PlantVillage external crop disease dataset
data/PlantVillage/Potato___Late_blight/2e18248f-e251-44c0-b9a5-a198455f43ee___RS_LB 4858.JPG,Potato___Late_blight,PlantVillage external crop disease dataset
data/PlantVillage/Potato___Early_blight/0d9dbf50-53a9-42b2-8b29-0360fb7dbd98___RS_Early.B 6692.JPG,Potato___Early_blight,PlantVillage external crop disease dataset
data/PlantVillage/Tomato_Late_blight/1f38b254-2338-4e4a-b772-2a8e60ca8bc0___GHLB2 Leaf 121.3.JPG,Tomato_Late_blight,PlantVillage external crop disease dataset
data/PlantVillage/Tomato_healthy/19e31197-5f6d-4925-975c-884bd4a94bfe___RS_HL 0291.JPG,Tomato_healthy,PlantVillage external crop disease dataset
data/PlantVillage/Tomato_healthy/24069ab0-7106-40d0-bdca-e462a49d34dd___RS_HL 0267.JPG,Tomato_healthy,PlantVillage external crop disease dataset
data/PlantVillage/Tomato_Late_blight/0f67214c-eede-4292-b731-30ef1c47b7b6___RS_Late.B 4902.JPG,Tomato_Late_blight,PlantVillage external crop disease dataset
data/PlantVillage/Tomato__Target_Spot/15e6ea48-3815-4e37-a901-e2fbeea1b78c___Com.G_TgS_FL 7870.JPG,Tomato__Target_Spot,PlantVillage external crop disease dataset
data/PlantVillage/Tomato_Leaf_Mold/4ff6a1de-00e2-401b-b6c2-e523289a9228___Crnl_L.Mold 6715.JPG,Tomato_Leaf_Mold,PlantVillage external crop disease dataset
data/PlantVillage/Tomato_Bacterial_spot/0d56df83-84fb-4189-a5d2-3a6da18a224d___UF.GRC_BS_Lab Leaf 9029.JPG,Tomato_Bacterial_spot,PlantVillage external crop disease dataset
data/PlantVillage/Potato___Late_blight/1f560f09-0b70-40c9-b907-4cac9ba47b8d___RS_LB 3184.JPG,Potato___Late_blight,PlantVillage external crop disease dataset
data/PlantVillage/Tomato_Septoria_leaf_spot/1c94b8af-21b7-43b5-b6ff-a5f7a3ad0a6e___Matt.S_CG 1727.JPG,Tomato_Septoria_leaf_spot,PlantVillage external crop disease dataset
data/PlantVillage/Tomato__Tomato_mosaic_virus/1170f108-86a3-4bc6-8a06-c82e55178f91___PSU_CG 2327.JPG,Tomato__Tomato_mosaic_virus,PlantVillage external crop disease dataset
data/PlantVillage/PlantVillage/Pepper__bell___Bacterial_spot/0fdb66e8-b17d-42c2-bc6d-30dcfab8fcae___JR_B.Spot 9058.JPG,PlantVillage,PlantVillage external crop disease dataset
data/PlantVillage/Tomato__Target_Spot/3217392a-7b5c-456e-980a-f89aab458a15___Com.G_TgS_FL 8327.JPG,Tomato__Target_Spot,PlantVillage external crop disease dataset
data/PlantVillage/Pepper__bell___healthy/2c8dc060-822b-4027-afb0-ed2284ff471b___JR_HL 8800.JPG,Pepper__bell___healthy,PlantVillage external crop disease dataset
data/PlantVillage/Tomato_Early_blight/347120f8-e92d-43f7-9ace-196890cec04d___RS_Erly.B 9421.JPG,Tomato_Early_blight,PlantVillage external crop disease dataset
data/PlantVillage/Tomato_Early_blight/18815a60-8297-46e0-922f-e6a0fea818ef___RS_Erly.B 7808.JPG,Tomato_Early_blight,PlantVillage external crop disease dataset
data/PlantVillage/Tomato__Tomato_mosaic_virus/b801ed5c-9127-4ce5-b71f-5480620510cf___PSU_CG 2252.JPG,Tomato__Tomato_mosaic_virus,PlantVillage external crop disease dataset
data/PlantVillage/Tomato_Early_blight/1e671658-3463-4a38-8b6a-e2867aeeda10___RS_Erly.B 6359.JPG,Tomato_Early_blight,PlantVillage external crop disease dataset
data/PlantVillage/Tomato__Tomato_mosaic_virus/99a4b1cb-e55a-4954-a7c5-ebb0cc57ed2a___PSU_CG 2096.JPG,Tomato__Tomato_mosaic_virus,PlantVillage external crop disease dataset
data/PlantVillage/Tomato_Bacterial_spot/0809f630-10f6-48b4-9aa2-6c08852aa83a___GCREC_Bact.Sp 5626.JPG,Tomato_Bacterial_spot,PlantVillage external crop disease dataset
data/PlantVillage/Tomato__Target_Spot/132459bb-916b-4bff-a176-a43a9585df7c___Com.G_TgS_FL 9904.JPG,Tomato__Target_Spot,PlantVillage external crop disease dataset
data/PlantVillage/Tomato__Tomato_mosaic_virus/3d028390-f367-423b-b0f7-a44e2cac2393___PSU_CG 2205.JPG,Tomato__Tomato_mosaic_virus,PlantVillage external crop disease dataset
data/PlantVillage/Tomato_Leaf_Mold/3a7f507d-76d7-4489-baf4-2e4dad468173___Crnl_L.Mold 8784.JPG,Tomato_Leaf_Mold,PlantVillage external crop disease dataset
data/PlantVillage/Tomato_healthy/249797c6-648f-4df5-ab87-a0b82eb08801___GH_HL Leaf 495.JPG,Tomato_healthy,PlantVillage external crop disease dataset
data/PlantVillage/Tomato_Leaf_Mold/19a5dad8-125e-4765-98d9-0164586fa807___Crnl_L.Mold 6590.JPG,Tomato_Leaf_Mold,PlantVillage external crop disease dataset
data/PlantVillage/Pepper__bell___Bacterial_spot/2f9b46c7-fa77-4196-9ed1-f3f316182340___JR_B.Spot 8943.JPG,Pepper__bell___Bacterial_spot,PlantVillage external crop disease dataset
data/PlantVillage/Tomato__Tomato_YellowLeaf__Curl_Virus/0b3c0bd6-c379-483e-a340-f592056e8c69___YLCV_NREC 2764.JPG,Tomato__Tomato_YellowLeaf__Curl_Virus,PlantVillage external crop disease dataset
data/PlantVillage/PlantVillage/Pepper__bell___Bacterial_spot/14fa67ae-6059-40e9-9eca-2c5000c1d9cd___NREC_B.Spot 9225.JPG,PlantVillage,PlantVillage external crop disease dataset
data/PlantVillage/Tomato_Late_blight/1507883d-7f10-4b69-88d4-db80850b1664___GHLB2 Leaf 154.JPG,Tomato_Late_blight,PlantVillage external crop disease dataset
data/PlantVillage/Tomato__Tomato_YellowLeaf__Curl_Virus/0d296f78-4aa3-44d1-ac45-eee4cd20743a___UF.GRC_YLCV_Lab 09404.JPG,Tomato__Tomato_YellowLeaf__Curl_Virus,PlantVillage external crop disease dataset
data/PlantVillage/Tomato__Tomato_YellowLeaf__Curl_Virus/0ce66ec5-0bb7-4fde-9c61-750a1a150f75___UF.GRC_YLCV_Lab 02219.JPG,Tomato__Tomato_YellowLeaf__Curl_Virus,PlantVillage external crop disease dataset
data/PlantVillage/Tomato_healthy/20d3ba25-f161-4ede-a42a-7a3020ebda3d___RS_HL 0124.JPG,Tomato_healthy,PlantVillage external crop disease dataset
data/PlantVillage/Tomato__Tomato_YellowLeaf__Curl_Virus/08a52166-1435-4602-9d59-5dc6ef93c549___YLCV_NREC 0224.JPG,Tomato__Tomato_YellowLeaf__Curl_Virus,PlantVillage external crop disease dataset
data/PlantVillage/Tomato_Early_blight/26e2e7aa-800c-421b-92e8-3e20c5f5757e___RS_Erly.B 7656.JPG,Tomato_Early_blight,PlantVillage external crop disease dataset
data/PlantVillage/Tomato_Early_blight/1dad664e-ec73-474e-aaf9-a832ca212e3f___RS_Erly.B 7533.JPG,Tomato_Early_blight,PlantVillage external crop disease dataset
data/PlantVillage/Tomato_Spider_mites_Two_spotted_spider_mite/0d835caf-0069-4fa5-a022-c8cc7763189c___Com.G_SpM_FL 8917.JPG,Tomato_Spider_mites_Two_spotted_spider_mite,PlantVillage external crop disease dataset
data/PlantVillage/Tomato_Bacterial_spot/02626a44-a613-4402-a6b0-243858736e32___GCREC_Bact.Sp 3191.JPG,Tomato_Bacterial_spot,PlantVillage external crop disease dataset
data/PlantVillage/PlantVillage/Pepper__bell___Bacterial_spot/3a56f122-0d06-45c2-bc2b-0636d42a7545___JR_B.Spot 9088.JPG,PlantVillage,PlantVillage external crop disease dataset
data/PlantVillage/Tomato_Late_blight/01d9be0b-c5e7-49db-8cdf-46bd0ef2c6e7___RS_Late.B 7066.JPG,Tomato_Late_blight,PlantVillage external crop disease dataset
data/PlantVillage/Tomato__Target_Spot/3021f8a0-e41c-4f6d-9b48-0e71e8b7339d___Com.G_TgS_FL 9943.JPG,Tomato__Target_Spot,PlantVillage external crop disease dataset
data/PlantVillage/Tomato__Tomato_YellowLeaf__Curl_Virus/0c5284d1-6539-4f83-b48c-9c8ae8462d9b___UF.GRC_YLCV_Lab 09566.JPG,Tomato__Tomato_YellowLeaf__Curl_Virus,PlantVillage external crop disease dataset
data/PlantVillage/PlantVillage/Pepper__bell___Bacterial_spot/35ef7246-60e5-4bcc-bc1f-020eac1eacc2___JR_B.Spot 3298.JPG,PlantVillage,PlantVillage external crop disease dataset
data/PlantVillage/Tomato__Tomato_mosaic_virus/25857136-3515-4433-8129-c26f91e94cbe___PSU_CG 2233.JPG,Tomato__Tomato_mosaic_virus,PlantVillage external crop disease dataset
data/PlantVillage/Tomato_Spider_mites_Two_spotted_spider_mite/0c142adf-5d26-4593-a7b3-d16a07f1df33___Com.G_SpM_FL 8768.JPG,Tomato_Spider_mites_Two_spotted_spider_mite,PlantVillage external crop disease dataset
data/PlantVillage/Tomato_healthy/025bc454-a051-42d2-b547-316f8cc3dc55___GH_HL Leaf 297.JPG,Tomato_healthy,PlantVillage external crop disease dataset
data/PlantVillage/Potato___Early_blight/06ac6596-8d65-46dd-a343-a2209f3480e4___RS_Early.B 6921.JPG,Potato___Early_blight,PlantVillage external crop disease dataset
data/PlantVillage/Tomato_Late_blight/23c5c930-6830-46c6-8353-616c0b34ae12___RS_Late.B 4947.JPG,Tomato_Late_blight,PlantVillage external crop disease dataset
data/PlantVillage/Tomato_Late_blight/16257155-3d28-49cd-bb96-c188e946c4ec___RS_Late.B 4935.JPG,Tomato_Late_blight,PlantVillage external crop disease dataset
data/PlantVillage/Tomato__Tomato_mosaic_virus/58ddf6d1-0e20-4c35-944f-d50c922a07d8___PSU_CG 2415.JPG,Tomato__Tomato_mosaic_virus,PlantVillage external crop disease dataset
data/PlantVillage/Pepper__bell___healthy/228e2afd-54a4-4097-8489-916c608361a9___JR_HL 7690.JPG,Pepper__bell___healthy,PlantVillage external crop disease dataset
data/PlantVillage/Tomato_Early_blight/289ba10b-f518-445a-8c54-cc981e2ffe34___RS_Erly.B 7399.JPG,Tomato_Early_blight,PlantVillage external crop disease dataset
data/PlantVillage/Tomato_Septoria_leaf_spot/1cffba8e-40e0-43ce-914b-c184feb2cb2e___Matt.S_CG 7401.JPG,Tomato_Septoria_leaf_spot,PlantVillage external crop disease dataset
data/PlantVillage/Tomato__Target_Spot/18d6ab94-246a-48f9-b5df-b95c02180ff0___Com.G_TgS_FL 9967.JPG,Tomato__Target_Spot,PlantVillage external crop disease dataset
data/PlantVillage/Tomato__Tomato_mosaic_virus/69d3740b-5aba-47e2-ae2f-46541333c3a5___PSU_CG 2420.JPG,Tomato__Tomato_mosaic_virus,PlantVillage external crop disease dataset
data/PlantVillage/Tomato__Target_Spot/06a52af1-8456-4d7f-98bc-d5ec26be7083___Com.G_TgS_FL 9923.JPG,Tomato__Target_Spot,PlantVillage external crop disease dataset
data/PlantVillage/Tomato_Leaf_Mold/0ae36892-5cb1-476e-8a51-b7fd8183a535___Crnl_L.Mold 6728.JPG,Tomato_Leaf_Mold,PlantVillage external crop disease dataset
data/PlantVillage/Potato___Late_blight/04ce7b2d-5e41-43c6-9e11-e1bc4f5e4cca___RS_LB 3224.JPG,Potato___Late_blight,PlantVillage external crop disease dataset
data/PlantVillage/Pepper__bell___Bacterial_spot/24783ea0-432e-4e74-b561-58b9d7fe88dc___NREC_B.Spot 9166.JPG,Pepper__bell___Bacterial_spot,PlantVillage external crop disease dataset
data/PlantVillage/Pepper__bell___healthy/0cc984a1-ea7d-4f97-9967-5ca1be71c932___JR_HL 8803.JPG,Pepper__bell___healthy,PlantVillage external crop disease dataset
data/PlantVillage/Potato___Early_blight/41cc6e70-9745-413d-b13d-c4775bcdfa7c___RS_Early.B 7610.JPG,Potato___Early_blight,PlantVillage external crop disease dataset
data/PlantVillage/Tomato__Tomato_mosaic_virus/be73ce90-283f-4b17-99bb-57640061c84e___PSU_CG 2167.JPG,Tomato__Tomato_mosaic_virus,PlantVillage external crop disease dataset
data/PlantVillage/Tomato_healthy/1af0bfe1-4bcf-4b8b-be66-5d0953eb647e___GH_HL Leaf 482.2.JPG,Tomato_healthy,PlantVillage external crop disease dataset
data/PlantVillage/Potato___Early_blight/42148e3c-34d6-484e-a4b8-8dc037667a4c___RS_Early.B 8235.JPG,Potato___Early_blight,PlantVillage external crop disease dataset
data/PlantVillage/Pepper__bell___Bacterial_spot/2d9f1bf4-6409-488c-8992-92b2909822bd___JR_B.Spot 3342.JPG,Pepper__bell___Bacterial_spot,PlantVillage external crop disease dataset
data/PlantVillage/Potato___Early_blight/0e6b9e09-2bcd-41e0-b001-b80a33a8a78b___RS_Early.B 8694.JPG,Potato___Early_blight,PlantVillage external crop disease dataset
data/PlantVillage/Tomato_Spider_mites_Two_spotted_spider_mite/2191359a-e985-4bf9-abe2-8f4e00685701___Com.G_SpM_FL 9645.JPG,Tomato_Spider_mites_Two_spotted_spider_mite,PlantVillage external crop disease dataset
data/PlantVillage/Tomato_Late_blight/0ba7d3d8-5c4c-4365-ba0c-69f61e96a36e___RS_Late.B 5312.JPG,Tomato_Late_blight,PlantVillage external crop disease dataset
data/PlantVillage/Tomato_healthy/2a7e1698-9747-40e6-994e-5d4dc1d2b239___RS_HL 0279.JPG,Tomato_healthy,PlantVillage external crop disease dataset
data/PlantVillage/Pepper__bell___healthy/2f070e21-3a24-435f-9122-10fb62f44c16___JR_HL 5824.JPG,Pepper__bell___healthy,PlantVillage external crop disease dataset
data/PlantVillage/Tomato_Leaf_Mold/460faa12-8c7a-458b-a6a1-90c71cc73fad___Crnl_L.Mold 9102.JPG,Tomato_Leaf_Mold,PlantVillage external crop disease dataset
data/PlantVillage/PlantVillage/Pepper__bell___Bacterial_spot/188f102a-6f64-4180-9d38-f98b61aaec60___JR_B.Spot 9014.JPG,PlantVillage,PlantVillage external crop disease dataset
data/PlantVillage/Tomato__Tomato_YellowLeaf__Curl_Virus/0d4ba6a2-e8a6-49b0-8f94-ab63ab5c5d3c___YLCV_NREC 2030.JPG,Tomato__Tomato_YellowLeaf__Curl_Virus,PlantVillage external crop disease dataset
data/PlantVillage/Tomato_Bacterial_spot/1a50d84b-c015-45ea-a041-500d5adcc339___UF.GRC_BS_Lab Leaf 8773.JPG,Tomato_Bacterial_spot,PlantVillage external crop disease dataset
data/PlantVillage/PlantVillage/Pepper__bell___Bacterial_spot/0efa6329-22f4-4bf0-a67a-17b0d5e4d2f2___NREC_B.Spot 9145.JPG,PlantVillage,PlantVillage external crop disease dataset
data/PlantVillage/Tomato_Early_blight/141bbdef-ba38-49ed-9d6f-fe8d9de38e6f___RS_Erly.B 9579.JPG,Tomato_Early_blight,PlantVillage external crop disease dataset
data/PlantVillage/Tomato_Late_blight/01cd2d73-c741-45a5-9610-a2cea2266b80___GHLB2 Leaf 121.JPG,Tomato_Late_blight,PlantVillage external crop disease dataset
data/PlantVillage/Tomato_Early_blight/1bdb9ab4-1a7a-449a-b848-c446d7615d42___RS_Erly.B 8443.JPG,Tomato_Early_blight,PlantVillage external crop disease dataset
data/PlantVillage/Tomato_Septoria_leaf_spot/219ee7e9-d5c0-45c9-9a8e-f0e2ccd69171___Matt.S_CG 1578.JPG,Tomato_Septoria_leaf_spot,PlantVillage external crop disease dataset
data/PlantVillage/Tomato_Bacterial_spot/1552a68d-efde-4536-b883-f6da947f5a33___GCREC_Bact.Sp 5583.JPG,Tomato_Bacterial_spot,PlantVillage external crop disease dataset
data/PlantVillage/Potato___Early_blight/24fb74df-0aa9-4e89-9ba4-55a4664438ab___RS_Early.B 8634.JPG,Potato___Early_blight,PlantVillage external crop disease dataset
data/PlantVillage/Tomato_Septoria_leaf_spot/0c4935b6-8f13-4148-b5e6-19404d49fc78___Matt.S_CG 2733.JPG,Tomato_Septoria_leaf_spot,PlantVillage external crop disease dataset
data/PlantVillage/Tomato__Target_Spot/120190ab-fc78-47d6-94da-bc524d9e9c9a___Com.G_TgS_FL 7954.JPG,Tomato__Target_Spot,PlantVillage external crop disease dataset
data/PlantVillage/Tomato_Late_blight/14113767-0c24-4607-97bc-04dccb35a23c___GHLB2 Leaf 8966.JPG,Tomato_Late_blight,PlantVillage external crop disease dataset
data/PlantVillage/Tomato__Target_Spot/11d27524-c622-4901-9422-928fff0445c2___Com.G_TgS_FL 8003.JPG,Tomato__Target_Spot,PlantVillage external crop disease dataset
data/PlantVillage/Tomato_Spider_mites_Two_spotted_spider_mite/0b17e71c-fee6-4b5e-9a7d-8ba44d29215f___Com.G_SpM_FL 8549.JPG,Tomato_Spider_mites_Two_spotted_spider_mite,PlantVillage external crop disease dataset
data/PlantVillage/Potato___Late_blight/37dbf454-f189-4fae-a9e7-a088e7be3f2e___RS_LB 4530.JPG,Potato___Late_blight,PlantVillage external crop disease dataset
data/PlantVillage/Tomato_Bacterial_spot/172458d3-8e11-4e75-9f39-d7e96e885108___GCREC_Bact.Sp 3071.JPG,Tomato_Bacterial_spot,PlantVillage external crop disease dataset
data/PlantVillage/Pepper__bell___Bacterial_spot/4040f0a8-b1e5-47e9-b8ad-521818bf8c52___NREC_B.Spot 9202.JPG,Pepper__bell___Bacterial_spot,PlantVillage external crop disease dataset
data/PlantVillage/Pepper__bell___healthy/10976831-4c21-447e-b738-e46a2c84ef70___JR_HL 5813.JPG,Pepper__bell___healthy,PlantVillage external crop disease dataset
data/PlantVillage/PlantVillage/Pepper__bell___Bacterial_spot/0b47ce18-7cfe-45e8-b21e-b83cb6282455___JR_B.Spot 3162.JPG,PlantVillage,PlantVillage external crop disease dataset
data/PlantVillage/Tomato_Spider_mites_Two_spotted_spider_mite/1efb352f-b742-4654-a61d-bd9d8f38049b___Com.G_SpM_FL 8638.JPG,Tomato_Spider_mites_Two_spotted_spider_mite,PlantVillage external crop disease dataset
data/PlantVillage/Tomato__Tomato_YellowLeaf__Curl_Virus/0721d1fb-9464-4c07-b44a-7c823da14bd7___UF.GRC_YLCV_Lab 02962.JPG,Tomato__Tomato_YellowLeaf__Curl_Virus,PlantVillage external crop disease dataset
data/PlantVillage/Tomato_Spider_mites_Two_spotted_spider_mite/072a0bb6-de84-4200-8393-9e5b28868a23___Com.G_SpM_FL 1412.JPG,Tomato_Spider_mites_Two_spotted_spider_mite,PlantVillage external crop disease dataset
data/PlantVillage/Pepper__bell___Bacterial_spot/389480c3-0209-45e3-b3ee-2447b22de68f___JR_B.Spot 9016.JPG,Pepper__bell___Bacterial_spot,PlantVillage external crop disease dataset
data/PlantVillage/Tomato__Tomato_YellowLeaf__Curl_Virus/0cb388f8-8a0b-444f-a44f-8f11b611415f___YLCV_NREC 0098.JPG,Tomato__Tomato_YellowLeaf__Curl_Virus,PlantVillage external crop disease dataset
data/PlantVillage/Pepper__bell___healthy/359fd210-bc58-413b-9367-df218023b037___JR_HL 8638.JPG,Pepper__bell___healthy,PlantVillage external crop disease dataset
data/PlantVillage/Tomato_Bacterial_spot/0ab41c2e-c6fc-4ef1-9ffb-ce1b241d32be___GCREC_Bact.Sp 3426.JPG,Tomato_Bacterial_spot,PlantVillage external crop disease dataset
data/PlantVillage/Tomato_Leaf_Mold/41a6e837-7822-447c-b887-3be149d58322___Crnl_L.Mold 7100.JPG,Tomato_Leaf_Mold,PlantVillage external crop disease dataset
data/PlantVillage/Tomato_Bacterial_spot/0eeb4776-110d-4100-8c88-26a64eb05b22___GCREC_Bact.Sp 6101.JPG,Tomato_Bacterial_spot,PlantVillage external crop disease dataset
data/PlantVillage/Tomato_Early_blight/3a54f866-42a6-4ad8-8752-97c62aa1bc18___RS_Erly.B 6485.JPG,Tomato_Early_blight,PlantVillage external crop disease dataset
data/PlantVillage/Tomato__Tomato_mosaic_virus/b5987570-3fbe-4a4c-9790-1d55bcfd2c61___PSU_CG 2288.JPG,Tomato__Tomato_mosaic_virus,PlantVillage external crop disease dataset
data/PlantVillage/Tomato_Bacterial_spot/1ebd463d-ddc5-47e4-8a45-482d411d0c26___GCREC_Bact.Sp 3178.JPG,Tomato_Bacterial_spot,PlantVillage external crop disease dataset
data/PlantVillage/Tomato_Late_blight/1329e768-8331-4853-8d35-c03f5586c645___GHLB2 Leaf 8867.JPG,Tomato_Late_blight,PlantVillage external crop disease dataset
data/PlantVillage/Potato___Late_blight/22bd2a18-a4ba-4c9a-a4d3-2dabc295ccbc___RS_LB 4759.JPG,Potato___Late_blight,PlantVillage external crop disease dataset
data/PlantVillage/Pepper__bell___healthy/1daf2391-f049-4e01-b229-ffd7c00a1b73___JR_HL 8119.JPG,Pepper__bell___healthy,PlantVillage external crop disease dataset
data/PlantVillage/Tomato_Septoria_leaf_spot/18f0fcbe-a99c-4d0d-a7e7-0f3d8f9666c2___Matt.S_CG 2643.JPG,Tomato_Septoria_leaf_spot,PlantVillage external crop disease dataset
data/PlantVillage/Tomato__Target_Spot/13251526-fecf-42d9-9d4e-81a06c5475e5___Com.G_TgS_FL 8376.JPG,Tomato__Target_Spot,PlantVillage external crop disease dataset
data/PlantVillage/Tomato__Target_Spot/32aa186b-a151-4f0e-b20c-7943a4e72746___Com.G_TgS_FL 7983.JPG,Tomato__Target_Spot,PlantVillage external crop disease dataset
data/PlantVillage/Tomato_Early_blight/250f6c43-1800-4c21-9d73-cc51fe144bbc___RS_Erly.B 6356.JPG,Tomato_Early_blight,PlantVillage external crop disease dataset
data/PlantVillage/Tomato_Late_blight/07b42bb5-9f6c-43bc-9bbe-e4b127d84cb6___GHLB Leaf 18.1 Day 8.jpg,Tomato_Late_blight,PlantVillage external crop disease dataset
data/PlantVillage/Pepper__bell___healthy/334c47a8-60bc-4021-a186-6f0d73624dd4___JR_HL 8354.JPG,Pepper__bell___healthy,PlantVillage external crop disease dataset
data/PlantVillage/Tomato__Tomato_YellowLeaf__Curl_Virus/09b590da-39d7-43fc-8bf8-1d27633afa7d___UF.GRC_YLCV_Lab 02476.JPG,Tomato__Tomato_YellowLeaf__Curl_Virus,PlantVillage external crop disease dataset
data/PlantVillage/Tomato_Leaf_Mold/4176b39b-a3b7-4611-b05b-b4020269bae3___Crnl_L.Mold 7115.JPG,Tomato_Leaf_Mold,PlantVillage external crop disease dataset
data/PlantVillage/PlantVillage/Pepper__bell___Bacterial_spot/35a552c8-feba-4b4a-9aee-3833e8b1daea___NREC_B.Spot 9200.JPG,PlantVillage,PlantVillage external crop disease dataset
data/PlantVillage/Potato___Late_blight/4664efe7-50ae-4a32-b818-2ec7f3881471___RS_LB 4478.JPG,Potato___Late_blight,PlantVillage external crop disease dataset
data/PlantVillage/PlantVillage/Pepper__bell___Bacterial_spot/2b8c82d0-2e5d-483a-93eb-53192fa486c9___NREC_B.Spot 1858.JPG,PlantVillage,PlantVillage external crop disease dataset
data/PlantVillage/Tomato_Early_blight/16c7ab4c-6940-41e9-854f-d1a9a99325ce___RS_Erly.B 8216.JPG,Tomato_Early_blight,PlantVillage external crop disease dataset
data/PlantVillage/Tomato_Spider_mites_Two_spotted_spider_mite/2c2f7f98-8c5b-4981-bb74-f827c5f963fe___Com.G_SpM_FL 8734.JPG,Tomato_Spider_mites_Two_spotted_spider_mite,PlantVillage external crop disease dataset
data/PlantVillage/Tomato__Tomato_YellowLeaf__Curl_Virus/07d50744-753e-41f2-b637-99f2ff6c186d___UF.GRC_YLCV_Lab 01558.JPG,Tomato__Tomato_YellowLeaf__Curl_Virus,PlantVillage external crop disease dataset
data/PlantVillage/Tomato__Target_Spot/35b0ec56-80f9-4fee-bbf4-b80f782ad37b___Com.G_TgS_FL 9985.JPG,Tomato__Target_Spot,PlantVillage external crop disease dataset
data/PlantVillage/Tomato_Bacterial_spot/1abfbe87-b6e5-4da0-85e9-13980c67fd03___GCREC_Bact.Sp 3295.JPG,Tomato_Bacterial_spot,PlantVillage external crop disease dataset
data/PlantVillage/Tomato__Tomato_mosaic_virus/263f99b9-9604-42c3-9a7f-687973b8dc79___PSU_CG 2280.JPG,Tomato__Tomato_mosaic_virus,PlantVillage external crop disease dataset
data/PlantVillage/PlantVillage/Pepper__bell___Bacterial_spot/1e1ee82b-592b-4158-a48b-347084647492___NREC_B.Spot 9046.JPG,PlantVillage,PlantVillage external crop disease dataset
data/PlantVillage/Pepper__bell___Bacterial_spot/356984ef-4342-4233-a2e6-3db044cbd4b2___JR_B.Spot 3147.JPG,Pepper__bell___Bacterial_spot,PlantVillage external crop disease dataset
data/PlantVillage/Potato___Early_blight/4c8df1cf-82bb-49eb-894c-8a516fbd1d74___RS_Early.B 6753.JPG,Potato___Early_blight,PlantVillage external crop disease dataset
data/PlantVillage/Tomato__Tomato_YellowLeaf__Curl_Virus/036ebe7a-a3e5-41cc-9938-1c20a444b6da___UF.GRC_YLCV_Lab 02685.JPG,Tomato__Tomato_YellowLeaf__Curl_Virus,PlantVillage external crop disease dataset
data/PlantVillage/Tomato_healthy/065cd824-d515-49f6-a68a-c1b6dd313472___RS_HL 0139.JPG,Tomato_healthy,PlantVillage external crop disease dataset
data/PlantVillage/Tomato__Target_Spot/17b9c917-6c33-4f94-a976-64812727073c___Com.G_TgS_FL 7875.JPG,Tomato__Target_Spot,PlantVillage external crop disease dataset
data/PlantVillage/PlantVillage/Pepper__bell___Bacterial_spot/2b710a19-f4cd-4bcf-afbf-e48face96045___NREC_B.Spot 1931.JPG,PlantVillage,PlantVillage external crop disease dataset
data/PlantVillage/Pepper__bell___Bacterial_spot/10af9ff3-16c3-4cb0-8af0-71d3b8442206___NREC_B.Spot 9090.JPG,Pepper__bell___Bacterial_spot,PlantVillage external crop disease dataset
data/PlantVillage/Tomato__Target_Spot/380be25c-370d-450f-80b6-c547bd4f0597___Com.G_TgS_FL 7955.JPG,Tomato__Target_Spot,PlantVillage external crop disease dataset
data/PlantVillage/PlantVillage/Pepper__bell___Bacterial_spot/46414704-3483-4a44-b786-6b8ee1814ed7___NREC_B.Spot 9133.JPG,PlantVillage,PlantVillage external crop disease dataset
data/PlantVillage/Tomato__Target_Spot/0fe0ad25-e48a-4b91-bd06-bdd5799944e5___Com.G_TgS_FL 8351.JPG,Tomato__Target_Spot,PlantVillage external crop disease dataset
data/PlantVillage/Tomato_Spider_mites_Two_spotted_spider_mite/127da090-f2c3-4634-a798-58aeef092d77___Com.G_SpM_FL 1218.JPG,Tomato_Spider_mites_Two_spotted_spider_mite,PlantVillage external crop disease dataset
data/PlantVillage/Tomato_Bacterial_spot/0f81cc91-5b9b-4061-a127-74105ebbcccf___GCREC_Bact.Sp 6305.JPG,Tomato_Bacterial_spot,PlantVillage external crop disease dataset
data/PlantVillage/Tomato__Tomato_YellowLeaf__Curl_Virus/0a3befdb-c654-435b-b834-d3451436afd3___YLCV_NREC 2313.JPG,Tomato__Tomato_YellowLeaf__Curl_Virus,PlantVillage external crop disease dataset
data/PlantVillage/Pepper__bell___healthy/2a510a2e-0e15-4ee3-9a66-a7bc27710c91___JR_HL 7704.JPG,Pepper__bell___healthy,PlantVillage external crop disease dataset
data/PlantVillage/Tomato_Early_blight/30c5bc48-7b5e-4bc0-9f0c-096042dacde2___RS_Erly.B 6333.JPG,Tomato_Early_blight,PlantVillage external crop disease dataset
data/PlantVillage/Potato___healthy/e51367c1-d582-45e3-acf6-b0e652b43d3a___RS_HL 1873.JPG,Potato___healthy,PlantVillage external crop disease dataset
data/PlantVillage/Tomato__Target_Spot/27f8886b-9562-4607-a487-899046382f11___Com.G_TgS_FL 7899.JPG,Tomato__Target_Spot,PlantVillage external crop disease dataset
data/PlantVillage/Pepper__bell___healthy/201b2034-913f-42ba-9603-07f5a9319941___JR_HL 7904.JPG,Pepper__bell___healthy,PlantVillage external crop disease dataset
data/PlantVillage/Pepper__bell___Bacterial_spot/38caf650-d4c8-483d-a75d-b20f12629563___JR_B.Spot 3161.JPG,Pepper__bell___Bacterial_spot,PlantVillage external crop disease dataset
data/PlantVillage/Tomato__Tomato_YellowLeaf__Curl_Virus/06af6068-b0d7-4dec-b4d5-5ba2fe1753cb___YLCV_NREC 2321.JPG,Tomato__Tomato_YellowLeaf__Curl_Virus,PlantVillage external crop disease dataset
data/PlantVillage/Tomato__Tomato_YellowLeaf__Curl_Virus/09320877-b96e-46ea-b1d3-6f915d60180f___UF.GRC_YLCV_Lab 02550.JPG,Tomato__Tomato_YellowLeaf__Curl_Virus,PlantVillage external crop disease dataset
data/PlantVillage/Pepper__bell___healthy/00100ffa-095e-4881-aebf-61fe5af7226e___JR_HL 7886.JPG,Pepper__bell___healthy,PlantVillage external crop disease dataset
data/PlantVillage/Tomato_Septoria_leaf_spot/10bbb1a5-c5d5-4500-959c-4818a787e5ec___Keller.St_CG 1975.JPG,Tomato_Septoria_leaf_spot,PlantVillage external crop disease dataset
data/PlantVillage/PlantVillage/Pepper__bell___Bacterial_spot/3700475e-b0b1-4b8b-90bd-374be22dbfd0___NREC_B.Spot 1860.JPG,PlantVillage,PlantVillage external crop disease dataset
data/PlantVillage/Tomato_Bacterial_spot/10fb9d55-efe1-4b52-9c19-23e7031c4cb6___GCREC_Bact.Sp 5559.JPG,Tomato_Bacterial_spot,PlantVillage external crop disease dataset
data/PlantVillage/Tomato_Bacterial_spot/0893cbc5-7c6f-4ed2-863a-78f0bdb31ba0___GCREC_Bact.Sp 6174.JPG,Tomato_Bacterial_spot,PlantVillage external crop disease dataset
data/PlantVillage/Tomato__Target_Spot/0fe7d644-dc8b-49f7-9a41-33ec029f6437___Com.G_TgS_FL 8274.JPG,Tomato__Target_Spot,PlantVillage external crop disease dataset
data/PlantVillage/Tomato__Tomato_mosaic_virus/aab31aa2-ac8f-46a1-9b9b-7b728a776e8d___PSU_CG 2250.JPG,Tomato__Tomato_mosaic_virus,PlantVillage external crop disease dataset
data/PlantVillage/Tomato_Early_blight/004cbe60-8ff9-4965-92df-e86694d5e9ba___RS_Erly.B 8253.JPG,Tomato_Early_blight,PlantVillage external crop disease dataset
data/PlantVillage/Tomato__Target_Spot/118a4a8a-3a07-41e5-ae87-f15efaa264f0___Com.G_TgS_FL 0859.JPG,Tomato__Target_Spot,PlantVillage external crop disease dataset
data/PlantVillage/Pepper__bell___healthy/147582b1-0d36-4409-8810-1fd5d4304388___JR_HL 5977.JPG,Pepper__bell___healthy,PlantVillage external crop disease dataset
data/PlantVillage/Pepper__bell___healthy/2fa76dae-f2a2-4527-b7c7-3c6f5b74a8e7___JR_HL 8114.JPG,Pepper__bell___healthy,PlantVillage external crop disease dataset
data/PlantVillage/Potato___Early_blight/04fd2a46-ddd4-4b0b-8f19-5ecca482a7d5___RS_Early.B 7273.JPG,Potato___Early_blight,PlantVillage external crop disease dataset
data/PlantVillage/Potato___Late_blight/3b241fa8-12f2-4c80-afe2-0a4cdc8f34a1___RS_LB 5138.JPG,Potato___Late_blight,PlantVillage external crop disease dataset
data/PlantVillage/Tomato__Tomato_mosaic_virus/b1d9c785-6ef9-4e5b-bb01-f63fb1fce2d2___PSU_CG 2305.JPG,Tomato__Tomato_mosaic_virus,PlantVillage external crop disease dataset
data/PlantVillage/Tomato__Tomato_YellowLeaf__Curl_Virus/056ed8b8-6220-426a-8bd4-ed25441a5543___UF.GRC_YLCV_Lab 02102.JPG,Tomato__Tomato_YellowLeaf__Curl_Virus,PlantVillage external crop disease dataset
data/PlantVillage/Tomato_Late_blight/0dc24e61-c636-49e4-9a3d-3aa9a0efb429___GHLB2ES Leaf 69.JPG,Tomato_Late_blight,PlantVillage external crop disease dataset
data/PlantVillage/PlantVillage/Pepper__bell___Bacterial_spot/423247c0-70c3-4d41-b22f-33071ee36a7a___JR_B.Spot 3246.JPG,PlantVillage,PlantVillage external crop disease dataset
data/PlantVillage/Tomato_Leaf_Mold/0f740b31-f63b-4193-ab1a-6795c11a7f00___Crnl_L.Mold 7033.JPG,Tomato_Leaf_Mold,PlantVillage external crop disease dataset
data/PlantVillage/Tomato_Spider_mites_Two_spotted_spider_mite/293ff774-ec52-4d5e-bc01-f7ca230b94b5___Com.G_SpM_FL 9656.JPG,Tomato_Spider_mites_Two_spotted_spider_mite,PlantVillage external crop disease dataset
data/PlantVillage/Tomato_Spider_mites_Two_spotted_spider_mite/3049a6ad-905d-4a96-92b4-2ec045c397a1___Com.G_SpM_FL 8796.JPG,Tomato_Spider_mites_Two_spotted_spider_mite,PlantVillage external crop disease dataset
data/PlantVillage/Pepper__bell___Bacterial_spot/29896da5-a228-4e67-8d23-930c40ebb03b___JR_B.Spot 8920.JPG,Pepper__bell___Bacterial_spot,PlantVillage external crop disease dataset
data/PlantVillage/Tomato_Spider_mites_Two_spotted_spider_mite/0247236f-c1ae-4b3f-92b3-9077fe5cb3c3___Com.G_SpM_FL 8505.JPG,Tomato_Spider_mites_Two_spotted_spider_mite,PlantVillage external crop disease dataset
data/PlantVillage/Tomato__Tomato_YellowLeaf__Curl_Virus/05e34d35-6039-44e8-919b-fe1eb112c331___UF.GRC_YLCV_Lab 02325.JPG,Tomato__Tomato_YellowLeaf__Curl_Virus,PlantVillage external crop disease dataset
data/PlantVillage/Potato___Early_blight/1797b5ac-ed8b-4b35-bd01-f8a14d34d6e1___RS_Early.B 8812.JPG,Potato___Early_blight,PlantVillage external crop disease dataset
data/PlantVillage/Tomato_Septoria_leaf_spot/12ffa141-6b58-417e-9f71-bdff69518f6b___JR_Sept.L.S 2573.JPG,Tomato_Septoria_leaf_spot,PlantVillage external crop disease dataset
data/PlantVillage/Tomato_Spider_mites_Two_spotted_spider_mite/1747e771-a2c7-43e0-a158-02a78ec13d74___Com.G_SpM_FL 9625.JPG,Tomato_Spider_mites_Two_spotted_spider_mite,PlantVillage external crop disease dataset
data/PlantVillage/Potato___Late_blight/0651be8e-a2d1-4b8a-97b8-1dc89d79fd26___RS_LB 3261.JPG,Potato___Late_blight,PlantVillage external crop disease dataset
data/PlantVillage/Tomato__Target_Spot/14f4965f-3d48-49a6-9399-f6f3d7646630___Com.G_TgS_FL 7963.JPG,Tomato__Target_Spot,PlantVillage external crop disease dataset
data/PlantVillage/Tomato_Bacterial_spot/259e3235-f6f5-4d2a-8fb6-f63f3446d2f9___GCREC_Bact.Sp 6282.JPG,Tomato_Bacterial_spot,PlantVillage external crop disease dataset
data/PlantVillage/Tomato_Spider_mites_Two_spotted_spider_mite/05a76480-4ffe-476f-a101-fdadd8b3fbcf___Com.G_SpM_FL 9329.JPG,Tomato_Spider_mites_Two_spotted_spider_mite,PlantVillage external crop disease dataset
data/PlantVillage/PlantVillage/Pepper__bell___Bacterial_spot/411c6355-117b-4762-80d9-d78556c4e9a1___NREC_B.Spot 1815.JPG,PlantVillage,PlantVillage external crop disease dataset
data/PlantVillage/Pepper__bell___healthy/0bb97c36-159d-4ee2-8b06-1fbf3f533af5___JR_HL 8345.JPG,Pepper__bell___healthy,PlantVillage external crop disease dataset
data/PlantVillage/Tomato_Bacterial_spot/1a83cb1d-6e47-4caf-931f-61ecad37dca4___GCREC_Bact.Sp 6167.JPG,Tomato_Bacterial_spot,PlantVillage external crop disease dataset
data/PlantVillage/Potato___Early_blight/2dc9baab-663f-4f09-a0a4-7c07edfb4c42___RS_Early.B 6866.JPG,Potato___Early_blight,PlantVillage external crop disease dataset
data/PlantVillage/Pepper__bell___healthy/35bac1bd-0af2-45ad-a1c0-4b19dc070240___JR_HL 7950.JPG,Pepper__bell___healthy,PlantVillage external crop disease dataset
data/PlantVillage/Tomato_Bacterial_spot/162156e8-724a-48d9-8a19-904937f9dc03___GCREC_Bact.Sp 3472.JPG,Tomato_Bacterial_spot,PlantVillage external crop disease dataset
data/PlantVillage/Tomato_Leaf_Mold/1f5c3b37-5590-4db7-a702-0cd93db0c929___Crnl_L.Mold 6930.JPG,Tomato_Leaf_Mold,PlantVillage external crop disease dataset
data/PlantVillage/Pepper__bell___healthy/31186a00-f246-4438-9ae7-f0b36aa9596e___JR_HL 7884.JPG,Pepper__bell___healthy,PlantVillage external crop disease dataset
data/PlantVillage/Tomato__Tomato_YellowLeaf__Curl_Virus/096d9dfc-a9ed-4a11-ba47-d882d9c39109___UF.GRC_YLCV_Lab 02920.JPG,Tomato__Tomato_YellowLeaf__Curl_Virus,PlantVillage external crop disease dataset
data/PlantVillage/Potato___Early_blight/2f81d148-c62f-4d3c-baf4-72b77abea41a___RS_Early.B 7493.JPG,Potato___Early_blight,PlantVillage external crop disease dataset
data/PlantVillage/Tomato_Leaf_Mold/4459390d-64ca-42d2-977b-afb0ed667701___Crnl_L.Mold 6714.JPG,Tomato_Leaf_Mold,PlantVillage external crop disease dataset
data/PlantVillage/Potato___Early_blight/2fe81ef1-d7ec-4395-b071-c74d5beb4037___RS_Early.B 7242.JPG,Potato___Early_blight,PlantVillage external crop disease dataset
data/PlantVillage/Pepper__bell___healthy/12e9c594-51a9-4be4-b607-1eef80c14dbf___JR_HL 7830.JPG,Pepper__bell___healthy,PlantVillage external crop disease dataset
data/PlantVillage/Tomato_Septoria_leaf_spot/2139cc43-0f52-4782-9966-059e4538b624___JR_Sept.L.S 2653.JPG,Tomato_Septoria_leaf_spot,PlantVillage external crop disease dataset
data/PlantVillage/Pepper__bell___Bacterial_spot/45cfd1ee-052e-43ef-93ff-ae392eedd726___NREC_B.Spot 9084.JPG,Pepper__bell___Bacterial_spot,PlantVillage external crop disease dataset
data/PlantVillage/Pepper__bell___Bacterial_spot/3d0ebe4c-591f-490f-b389-cd8f424acbba___JR_B.Spot 9041.JPG,Pepper__bell___Bacterial_spot,PlantVillage external crop disease dataset
data/PlantVillage/Tomato_Late_blight/08c1db4d-e947-4499-beff-ed2d8025d725___RS_Late.B 6113.JPG,Tomato_Late_blight,PlantVillage external crop disease dataset
data/PlantVillage/Tomato_Septoria_leaf_spot/1ecc0c20-9ef3-40af-a8d8-9a43463a26b4___Matt.S_CG 7654.JPG,Tomato_Septoria_leaf_spot,PlantVillage external crop disease dataset
data/PlantVillage/Tomato_Leaf_Mold/416808ef-060a-4c7c-9e0c-1dc72996ab48___Crnl_L.Mold 8978.JPG,Tomato_Leaf_Mold,PlantVillage external crop disease dataset
data/PlantVillage/Pepper__bell___Bacterial_spot/2cdea224-6f10-4a3d-a3f1-1debd1a42640___JR_B.Spot 8926.JPG,Pepper__bell___Bacterial_spot,PlantVillage external crop disease dataset
data/PlantVillage/Potato___Late_blight/437640c6-1680-4d1b-aa0b-c1dd52aa13a5___RS_LB 4926.JPG,Potato___Late_blight,PlantVillage external crop disease dataset
data/PlantVillage/Tomato_Late_blight/00355ec2-f12c-4015-b8f9-94354f69ce22___RS_Late.B 5311.JPG,Tomato_Late_blight,PlantVillage external crop disease dataset
data/PlantVillage/Tomato_Spider_mites_Two_spotted_spider_mite/19f1a490-694f-45f1-a606-00c800a4d10b___Com.G_SpM_FL 1492.JPG,Tomato_Spider_mites_Two_spotted_spider_mite,PlantVillage external crop disease dataset
data/PlantVillage/Tomato_healthy/1dfb5aeb-8d00-4672-9755-5da982758453___RS_HL 9987.JPG,Tomato_healthy,PlantVillage external crop disease dataset
data/PlantVillage/Tomato__Target_Spot/0982f241-41b3-4905-83b9-f8c6cf846688___Com.G_TgS_FL 0034.JPG,Tomato__Target_Spot,PlantVillage external crop disease dataset
data/PlantVillage/Tomato__Tomato_mosaic_virus/2474f9d1-c3b6-4ec6-bb65-b5d1dd7021dc___PSU_CG 2201.JPG,Tomato__Tomato_mosaic_virus,PlantVillage external crop disease dataset
data/PlantVillage/Tomato__Tomato_mosaic_virus/860780b3-9c8b-4f90-9010-ac255e953784___PSU_CG 2150.JPG,Tomato__Tomato_mosaic_virus,PlantVillage external crop disease dataset
data/PlantVillage/Tomato_Bacterial_spot/045e9a8d-bed0-4700-8d27-7f8d0735223e___GCREC_Bact.Sp 3848.JPG,Tomato_Bacterial_spot,PlantVillage external crop disease dataset
data/PlantVillage/Tomato_healthy/1e1aa3d8-d12f-47e1-b316-b8656ab3f2b6___RS_HL 0075.JPG,Tomato_healthy,PlantVillage external crop disease dataset
data/PlantVillage/Potato___healthy/57c2663b-5d1d-4476-b067-38b2149c3b2d___RS_HL 1796.JPG,Potato___healthy,PlantVillage external crop disease dataset
data/PlantVillage/Tomato_Late_blight/0b33d7a7-d017-4857-845a-874a004ccd26___RS_Late.B 4970.JPG,Tomato_Late_blight,PlantVillage external crop disease dataset
data/PlantVillage/Tomato_Spider_mites_Two_spotted_spider_mite/12d44209-1468-475a-abc1-26aed11f2ab5___Com.G_SpM_FL 8759.JPG,Tomato_Spider_mites_Two_spotted_spider_mite,PlantVillage external crop disease dataset
data/PlantVillage/Tomato__Target_Spot/1c051bf2-9fb9-4d1f-b5c3-d813c0278aca___Com.G_TgS_FL 9683.JPG,Tomato__Target_Spot,PlantVillage external crop disease dataset
data/PlantVillage/Tomato_healthy/0971aa89-8f72-4f66-b4ee-dceca73add54___GH_HL Leaf 318.JPG,Tomato_healthy,PlantVillage external crop disease dataset
data/PlantVillage/Potato___Late_blight/2482a11a-46b1-4e06-9b5c-4af0089b3259___RS_LB 4087.JPG,Potato___Late_blight,PlantVillage external crop disease dataset
data/PlantVillage/Tomato_Spider_mites_Two_spotted_spider_mite/27616b26-feaf-41dd-8e23-b0c493c7a2fa___Com.G_SpM_FL 8748.JPG,Tomato_Spider_mites_Two_spotted_spider_mite,PlantVillage external crop disease dataset
data/PlantVillage/PlantVillage/Pepper__bell___Bacterial_spot/2ca511f9-951d-4f34-89af-25fd1a609584___NREC_B.Spot 9138.JPG,PlantVillage,PlantVillage external crop disease dataset
data/PlantVillage/Potato___Late_blight/31c96e0d-0a6a-42b4-bd7a-0faf2c8e462d___RS_LB 5298.JPG,Potato___Late_blight,PlantVillage external crop disease dataset
data/PlantVillage/PlantVillage/Pepper__bell___Bacterial_spot/197fdd19-46d1-46f7-8e79-aa9545f76ff0___JR_B.Spot 9000.JPG,PlantVillage,PlantVillage external crop disease dataset
data/PlantVillage/Tomato_Leaf_Mold/4152fc15-f9d5-4928-b177-b993db007110___Crnl_L.Mold 8876.JPG,Tomato_Leaf_Mold,PlantVillage external crop disease dataset
data/PlantVillage/Tomato__Tomato_mosaic_virus/a7c7e844-1b1f-4aaf-aa23-abd2bce9f5fc___PSU_CG 2244.JPG,Tomato__Tomato_mosaic_virus,PlantVillage external crop disease dataset
data/PlantVillage/Tomato_Spider_mites_Two_spotted_spider_mite/2e41d72c-c68b-44f1-8380-ece84ab98bfd___Com.G_SpM_FL 1727.JPG,Tomato_Spider_mites_Two_spotted_spider_mite,PlantVillage external crop disease dataset
data/PlantVillage/Tomato_Late_blight/0990b491-dd31-4b62-aa5a-c7bce97d552c___RS_Late.B 5558.JPG,Tomato_Late_blight,PlantVillage external crop disease dataset
data/PlantVillage/Tomato_Spider_mites_Two_spotted_spider_mite/1513f896-fb53-4f0f-9b11-a31a01196221___Com.G_SpM_FL 8995.JPG,Tomato_Spider_mites_Two_spotted_spider_mite,PlantVillage external crop disease dataset
data/PlantVillage/Tomato__Tomato_mosaic_virus/526f2f56-2290-422d-a454-d576aa72d466___PSU_CG 2057.JPG,Tomato__Tomato_mosaic_virus,PlantVillage external crop disease dataset
data/PlantVillage/Tomato_Late_blight/06b911b8-1375-4da1-929c-2294c4051ece___GHLB2 Leaf 8883.JPG,Tomato_Late_blight,PlantVillage external crop disease dataset
data/PlantVillage/Tomato__Tomato_YellowLeaf__Curl_Virus/0c29886e-37b9-4468-b1ca-71e9c6c37414___YLCV_GCREC 2234.JPG,Tomato__Tomato_YellowLeaf__Curl_Virus,PlantVillage external crop disease dataset
data/PlantVillage/Tomato__Target_Spot/252b0f54-737e-4622-960c-2196803b6a00___Com.G_TgS_FL 0974.JPG,Tomato__Target_Spot,PlantVillage external crop disease dataset
data/PlantVillage/Tomato_Late_blight/10bdda57-bfe5-4403-a4c6-a1211d4f348e___GHLB_PS Leaf 20 Day 8.jpg,Tomato_Late_blight,PlantVillage external crop disease dataset
data/PlantVillage/Tomato__Tomato_YellowLeaf__Curl_Virus/0b668e46-2ef6-4dbf-b45e-220b45bad923___YLCV_NREC 2553.JPG,Tomato__Tomato_YellowLeaf__Curl_Virus,PlantVillage external crop disease dataset
data/PlantVillage/Tomato_Late_blight/07cca2ca-6b0f-4322-8779-beb94bc219b0___RS_Late.B 6037.JPG,Tomato_Late_blight,PlantVillage external crop disease dataset
data/PlantVillage/Pepper__bell___healthy/238821ef-0422-4edf-a574-d3df77b42ac5___JR_HL 5835.JPG,Pepper__bell___healthy,PlantVillage external crop disease dataset
data/PlantVillage/Potato___healthy/468d3107-f09a-4f0d-8b9d-f08d7c49738f___RS_HL 1747.JPG,Potato___healthy,PlantVillage external crop disease dataset
data/PlantVillage/Potato___Late_blight/3171caea-9708-45dc-a60b-e347b3e74fb8___RS_LB 5256.JPG,Potato___Late_blight,PlantVillage external crop disease dataset
data/PlantVillage/Pepper__bell___Bacterial_spot/1c0c1501-f362-49d0-9e99-e72006441c8c___JR_B.Spot 8869.JPG,Pepper__bell___Bacterial_spot,PlantVillage external crop disease dataset
data/PlantVillage/Tomato_Septoria_leaf_spot/28658cdf-b9a4-4f11-8e50-3793211600f3___Matt.S_CG 6487.JPG,Tomato_Septoria_leaf_spot,PlantVillage external crop disease dataset
data/PlantVillage/Tomato_Septoria_leaf_spot/037d8289-4297-4462-95aa-3cecf4cf5a62___Matt.S_CG 7764.JPG,Tomato_Septoria_leaf_spot,PlantVillage external crop disease dataset
data/PlantVillage/Tomato_Spider_mites_Two_spotted_spider_mite/02c791ab-ffc3-40d4-9b42-db946eee2413___Com.G_SpM_FL 1640.JPG,Tomato_Spider_mites_Two_spotted_spider_mite,PlantVillage external crop disease dataset
data/PlantVillage/Tomato__Tomato_YellowLeaf__Curl_Virus/065a4b60-c606-4dae-b255-144d3442221e___UF.GRC_YLCV_Lab 02597.JPG,Tomato__Tomato_YellowLeaf__Curl_Virus,PlantVillage external crop disease dataset
data/PlantVillage/Tomato__Tomato_mosaic_virus/b8c1b55d-a4b9-4f84-9f0c-bd7d08a48f78___PSU_CG 2262.JPG,Tomato__Tomato_mosaic_virus,PlantVillage external crop disease dataset
data/PlantVillage/Tomato__Target_Spot/0504591c-2413-4965-860d-fef95a241cc4___Com.G_TgS_FL 1032.JPG,Tomato__Target_Spot,PlantVillage external crop disease dataset
data/PlantVillage/Potato___Early_blight/08cf1add-91f8-41ea-bc13-54e7d1cb6da0___RS_Early.B 6865.JPG,Potato___Early_blight,PlantVillage external crop disease dataset
data/PlantVillage/Tomato__Tomato_YellowLeaf__Curl_Virus/013864a9-fc42-4357-8bfe-0d638ce2fc7f___YLCV_GCREC 2023.JPG,Tomato__Tomato_YellowLeaf__Curl_Virus,PlantVillage external crop disease dataset
data/PlantVillage/PlantVillage/Pepper__bell___Bacterial_spot/45c9c618-5b71-4d9d-a08a-4bd3ceaa0be4___NREC_B.Spot 9178.JPG,PlantVillage,PlantVillage external crop disease dataset
data/PlantVillage/Tomato_healthy/16927ddc-fc87-4ff2-b450-1edc2b4c6191___RS_HL 0051.JPG,Tomato_healthy,PlantVillage external crop disease dataset
data/PlantVillage/Tomato_Late_blight/1f38a263-cfb5-47fe-8c0e-f8d62141f922___GHLB_PS leaf 28 Day 12 .jpg,Tomato_Late_blight,PlantVillage external crop disease dataset
data/PlantVillage/Tomato_Leaf_Mold/21dc5583-337e-4f14-9e93-ec084c464849___Crnl_L.Mold 6517.JPG,Tomato_Leaf_Mold,PlantVillage external crop disease dataset
data/PlantVillage/Tomato_Late_blight/04540250-4926-47a6-9240-e047a04befc5___GHLB2 Leaf 9019.JPG,Tomato_Late_blight,PlantVillage external crop disease dataset
data/PlantVillage/Tomato_healthy/22c48f3b-b49d-48b1-977e-e81d47c0f951___RS_HL 0369.JPG,Tomato_healthy,PlantVillage external crop disease dataset
data/PlantVillage/Tomato_Leaf_Mold/12319ec3-c990-4c68-8683-244f1f220c09___Crnl_L.Mold 9146.JPG,Tomato_Leaf_Mold,PlantVillage external crop disease dataset
data/PlantVillage/Tomato__Tomato_YellowLeaf__Curl_Virus/0c546c5e-f03f-4012-91cb-f036b2dae385___UF.GRC_YLCV_Lab 01783.JPG,Tomato__Tomato_YellowLeaf__Curl_Virus,PlantVillage external crop disease dataset
data/PlantVillage/Tomato_Late_blight/078a999d-6e6f-427e-a1e6-80b4d2df2bae___GHLB2 Leaf 9029.JPG,Tomato_Late_blight,PlantVillage external crop disease dataset
data/PlantVillage/Pepper__bell___Bacterial_spot/4702d273-50d0-4b7c-b759-7ef62cdb441f___NREC_B.Spot 1828.JPG,Pepper__bell___Bacterial_spot,PlantVillage external crop disease dataset
data/PlantVillage/Tomato_healthy/0576ef4b-c843-4dfb-b148-c917f7d605b7___GH_HL Leaf 299.JPG,Tomato_healthy,PlantVillage external crop disease dataset
data/PlantVillage/Tomato_Spider_mites_Two_spotted_spider_mite/16ce6128-f485-4bbf-9cf5-8cab2e872dbe___Com.G_SpM_FL 9342.JPG,Tomato_Spider_mites_Two_spotted_spider_mite,PlantVillage external crop disease dataset
data/PlantVillage/Pepper__bell___Bacterial_spot/162a3375-31e6-48f4-9b78-ab35054fb86c___JR_B.Spot 3397.JPG,Pepper__bell___Bacterial_spot,PlantVillage external crop disease dataset
data/PlantVillage/Potato___Late_blight/2b974785-090d-4dae-81a2-ce3ebc2a1c68___RS_LB 4634.JPG,Potato___Late_blight,PlantVillage external crop disease dataset
data/PlantVillage/Potato___Early_blight/0ddd62cd-a999-4d58-a8f1-506e1004a595___RS_Early.B 8041.JPG,Potato___Early_blight,PlantVillage external crop disease dataset
data/PlantVillage/Tomato_healthy/0de569a8-21c5-4d22-b9c9-ba0ef0f2b614___RS_HL 0314.JPG,Tomato_healthy,PlantVillage external crop disease dataset
data/PlantVillage/Tomato__Target_Spot/1c980f09-7e37-4e57-96e5-d18783691134___Com.G_TgS_FL 9908.JPG,Tomato__Target_Spot,PlantVillage external crop disease dataset
data/PlantVillage/Tomato_Early_blight/407d9731-c2d8-48c1-8712-9719c185791c___RS_Erly.B 9496.JPG,Tomato_Early_blight,PlantVillage external crop disease dataset
data/PlantVillage/Pepper__bell___healthy/2492565a-7851-43ab-a1c2-41b3e0117b4a___JR_HL 7701.JPG,Pepper__bell___healthy,PlantVillage external crop disease dataset
data/PlantVillage/Tomato_healthy/20249fbb-29c5-40fb-985e-5a0b9f0e67b1___RS_HL 0117.JPG,Tomato_healthy,PlantVillage external crop disease dataset
data/PlantVillage/Tomato_Leaf_Mold/2cd79cec-d3fd-48a0-a747-186659750725___Crnl_L.Mold 6972.JPG,Tomato_Leaf_Mold,PlantVillage external crop disease dataset
data/PlantVillage/Pepper__bell___Bacterial_spot/1ade72cf-f7e0-4282-92d9-614bf05289a0___NREC_B.Spot 1975.JPG,Pepper__bell___Bacterial_spot,PlantVillage external crop disease dataset
data/PlantVillage/PlantVillage/Pepper__bell___Bacterial_spot/1e6d8dc0-a694-47e0-af80-81ccabdfd591___JR_B.Spot 3308.JPG,PlantVillage,PlantVillage external crop disease dataset
data/PlantVillage/Pepper__bell___healthy/2e9037ac-b030-4837-bf2f-56b89c4b66bf___JR_HL 7603.JPG,Pepper__bell___healthy,PlantVillage external crop disease dataset
data/PlantVillage/Tomato_Bacterial_spot/0cbaca0d-e422-438f-89df-344b493888b8___GCREC_Bact.Sp 5832.JPG,Tomato_Bacterial_spot,PlantVillage external crop disease dataset
data/PlantVillage/Pepper__bell___Bacterial_spot/1181b18f-8d1d-4ba1-9fba-dfe397c585ac___NREC_B.Spot 1846.JPG,Pepper__bell___Bacterial_spot,PlantVillage external crop disease dataset
data/PlantVillage/Tomato_healthy/0f93b04b-73fc-4c5c-98d6-35842cafdd25___RS_HL 0278.JPG,Tomato_healthy,PlantVillage external crop disease dataset
data/PlantVillage/Tomato_Bacterial_spot/1c4f6449-0200-439f-9600-5c2bb3400619___GCREC_Bact.Sp 3502.JPG,Tomato_Bacterial_spot,PlantVillage external crop disease dataset
data/PlantVillage/Tomato__Target_Spot/2a1fa2a0-b6ab-4c9b-984f-ea4108087568___Com.G_TgS_FL 8225.JPG,Tomato__Target_Spot,PlantVillage external crop disease dataset
data/PlantVillage/Tomato__Tomato_mosaic_virus/76a40b12-a909-483a-853e-f548c569be2e___PSU_CG 2189.JPG,Tomato__Tomato_mosaic_virus,PlantVillage external crop disease dataset
data/PlantVillage/Potato___Late_blight/3362decd-b0d5-4cc6-81f8-3c051a285875___RS_LB 4109.JPG,Potato___Late_blight,PlantVillage external crop disease dataset
data/PlantVillage/Tomato_Late_blight/15581dd8-f562-4301-856c-30be9302c470___GHLB2 Leaf 70.1.JPG,Tomato_Late_blight,PlantVillage external crop disease dataset
data/PlantVillage/Tomato_Septoria_leaf_spot/076b6071-1ce2-4ed1-9dcf-077dcd7640e4___JR_Sept.L.S 2468.JPG,Tomato_Septoria_leaf_spot,PlantVillage external crop disease dataset
data/PlantVillage/Tomato_healthy/0894c925-d193-412f-961d-d188b57ee337___GH_HL Leaf 393.JPG,Tomato_healthy,PlantVillage external crop disease dataset
data/PlantVillage/Tomato_Spider_mites_Two_spotted_spider_mite/1b50c39d-8e8c-4d76-be2d-9d2c43cf09a6___Com.G_SpM_FL 8793.JPG,Tomato_Spider_mites_Two_spotted_spider_mite,PlantVillage external crop disease dataset
data/PlantVillage/Tomato_Late_blight/07897854-c2ab-465b-8cf7-a134b6066a1c___GHLB Leaf 1.1 Day 6.JPG,Tomato_Late_blight,PlantVillage external crop disease dataset
data/PlantVillage/PlantVillage/Pepper__bell___Bacterial_spot/2c8e565d-14be-4cbe-8873-2aa25a86b98c___JR_B.Spot 8903.JPG,PlantVillage,PlantVillage external crop disease dataset
data/PlantVillage/Tomato__Tomato_mosaic_virus/4a76c13f-3e28-4849-81ef-4cdd6cdcccf4___PSU_CG 2171.JPG,Tomato__Tomato_mosaic_virus,PlantVillage external crop disease dataset
data/PlantVillage/Tomato_healthy/23467438-6237-4b34-acde-80a3129e4b5d___GH_HL Leaf 187.JPG,Tomato_healthy,PlantVillage external crop disease dataset
data/PlantVillage/Tomato_Late_blight/0a39aa48-3f94-4696-9e43-ff4a93529dc3___RS_Late.B 5103.JPG,Tomato_Late_blight,PlantVillage external crop disease dataset
data/PlantVillage/PlantVillage/Pepper__bell___Bacterial_spot/3a03526d-0bf4-4898-9f0f-8a9c31afd3eb___JR_B.Spot 3380.JPG,PlantVillage,PlantVillage external crop disease dataset
data/PlantVillage/Tomato_Late_blight/17948fd9-d37a-4324-b0e1-0b03701682f0___GHLB2 Leaf 8746.JPG,Tomato_Late_blight,PlantVillage external crop disease dataset
data/PlantVillage/Pepper__bell___healthy/1c043016-2d55-444d-a379-4a2aafc41a32___JR_HL 7909.JPG,Pepper__bell___healthy,PlantVillage external crop disease dataset
data/PlantVillage/Tomato__Tomato_mosaic_virus/0fefaaee-79e4-45a6-8606-5a4ab1ea43a2___PSU_CG 2398.JPG,Tomato__Tomato_mosaic_virus,PlantVillage external crop disease dataset
data/PlantVillage/Pepper__bell___healthy/297f886b-edfb-4116-bbd0-0c45ad0ae26f___JR_HL 8206.JPG,Pepper__bell___healthy,PlantVillage external crop disease dataset
data/PlantVillage/Tomato__Tomato_YellowLeaf__Curl_Virus/00a538f3-8421-43ab-9e6f-758d36180dd3___YLCV_NREC 2667.JPG,Tomato__Tomato_YellowLeaf__Curl_Virus,PlantVillage external crop disease dataset
data/PlantVillage/Pepper__bell___Bacterial_spot/018e494e-d2eb-468b-9d02-40219d9f4921___JR_B.Spot 9045.JPG,Pepper__bell___Bacterial_spot,PlantVillage external crop disease dataset
data/PlantVillage/Tomato_Early_blight/121e9cbe-77d2-43ca-8e04-17a556a1c2b2___RS_Erly.B 7512.JPG,Tomato_Early_blight,PlantVillage external crop disease dataset
data/PlantVillage/Pepper__bell___Bacterial_spot/1cce64aa-6f9f-4ce1-b319-dbc4a012b240___JR_B.Spot 8998.JPG,Pepper__bell___Bacterial_spot,PlantVillage external crop disease dataset
data/PlantVillage/Tomato_Leaf_Mold/38bd9a88-970a-4480-8bc7-12824ac87ff5___Crnl_L.Mold 7085.JPG,Tomato_Leaf_Mold,PlantVillage external crop disease dataset
data/PlantVillage/Potato___Early_blight/096f6928-24dd-4efd-acc6-b8246318676c___RS_Early.B 8970.JPG,Potato___Early_blight,PlantVillage external crop disease dataset
data/PlantVillage/Tomato__Target_Spot/2d4f2887-d7e7-4986-ab54-754b8fa3eeb4___Com.G_TgS_FL 8102.JPG,Tomato__Target_Spot,PlantVillage external crop disease dataset
data/PlantVillage/Tomato_Late_blight/014d4972-1301-46d3-afc4-56470b774137___GHLB2 Leaf 8831.JPG,Tomato_Late_blight,PlantVillage external crop disease dataset
data/PlantVillage/Tomato_Late_blight/1e5ba644-efeb-4bd3-b878-a0606cf8a992___RS_Late.B 6272.JPG,Tomato_Late_blight,PlantVillage external crop disease dataset
data/PlantVillage/Tomato_Leaf_Mold/36b7fd41-4809-4e41-963e-939510dcf6ec___Crnl_L.Mold 8647.JPG,Tomato_Leaf_Mold,PlantVillage external crop disease dataset
data/PlantVillage/PlantVillage/Pepper__bell___Bacterial_spot/261bcab9-0dc9-4146-bd6b-7305732922d0___JR_B.Spot 9055.JPG,PlantVillage,PlantVillage external crop disease dataset
data/PlantVillage/Tomato_Septoria_leaf_spot/12c64d46-1639-491f-a4d7-534288b0ba0a___Matt.S_CG 7603.JPG,Tomato_Septoria_leaf_spot,PlantVillage external crop disease dataset
data/PlantVillage/Tomato__Tomato_mosaic_virus/96c9cc98-5faf-49ad-826b-11f3ecd64577___PSU_CG 2161.JPG,Tomato__Tomato_mosaic_virus,PlantVillage external crop disease dataset
data/PlantVillage/Tomato_Spider_mites_Two_spotted_spider_mite/246bf675-01a0-4da1-90ab-a1b44d3768dd___Com.G_SpM_FL 8635.JPG,Tomato_Spider_mites_Two_spotted_spider_mite,PlantVillage external crop disease dataset
data/PlantVillage/Tomato_healthy/0172e56c-8bb8-4e75-8ac7-509df81393e8___RS_HL 0580.JPG,Tomato_healthy,PlantVillage external crop disease dataset
data/PlantVillage/Tomato_healthy/12f2989a-82c7-41d1-ae23-93a6e85bfd57___RS_HL 9798.JPG,Tomato_healthy,PlantVillage external crop disease dataset
data/PlantVillage/Tomato_Bacterial_spot/062e43fa-d640-4e2a-b57f-6d819632235f___UF.GRC_BS_Lab Leaf 8853.JPG,Tomato_Bacterial_spot,PlantVillage external crop disease dataset
data/PlantVillage/Pepper__bell___Bacterial_spot/41c041c0-d17a-4be1-b2b8-a46a816fbda5___NREC_B.Spot 9192.JPG,Pepper__bell___Bacterial_spot,PlantVillage external crop disease dataset
data/PlantVillage/Tomato_Septoria_leaf_spot/1e8f411c-7f6b-42c0-8c84-70486b6c91d1___Keller.St_CG 1824.JPG,Tomato_Septoria_leaf_spot,PlantVillage external crop disease dataset
data/PlantVillage/Tomato_Septoria_leaf_spot/0025c401-7785-49c5-8bef-780a8a0d3652___Matt.S_CG 2694.JPG,Tomato_Septoria_leaf_spot,PlantVillage external crop disease dataset
data/PlantVillage/Tomato_healthy/256a65aa-690c-4e03-b426-21e84bb9b6dd___GH_HL Leaf 477.1.JPG,Tomato_healthy,PlantVillage external crop disease dataset
data/PlantVillage/Pepper__bell___healthy/1108e95a-921f-4657-9f12-3491ef06fd7e___JR_HL 8576.JPG,Pepper__bell___healthy,PlantVillage external crop disease dataset
data/PlantVillage/PlantVillage/Pepper__bell___Bacterial_spot/356984ef-4342-4233-a2e6-3db044cbd4b2___JR_B.Spot 3147.JPG,PlantVillage,PlantVillage external crop disease dataset
data/PlantVillage/Tomato_Bacterial_spot/251b4763-59dd-49a8-99a6-6cf50b239454___GCREC_Bact.Sp 3589.JPG,Tomato_Bacterial_spot,PlantVillage external crop disease dataset
data/PlantVillage/Tomato__Tomato_YellowLeaf__Curl_Virus/06dc54d9-c691-4fe9-a424-57b34f0fa172___YLCV_GCREC 2173.JPG,Tomato__Tomato_YellowLeaf__Curl_Virus,PlantVillage external crop disease dataset
data/PlantVillage/Tomato_Septoria_leaf_spot/00f16858-f392-4d9e-ad9f-efab8049a13f___JR_Sept.L.S 8368.JPG,Tomato_Septoria_leaf_spot,PlantVillage external crop disease dataset
data/PlantVillage/Tomato_Spider_mites_Two_spotted_spider_mite/09dce947-bb58-46cc-bd33-5a5e75ee07f4___Com.G_SpM_FL 9019.JPG,Tomato_Spider_mites_Two_spotted_spider_mite,PlantVillage external crop disease dataset
data/PlantVillage/Tomato__Tomato_mosaic_virus/b2622141-87e3-4d73-8eb0-21401f3bbab5___PSU_CG 2144.JPG,Tomato__Tomato_mosaic_virus,PlantVillage external crop disease dataset
data/PlantVillage/Tomato__Tomato_mosaic_virus/2767e072-0e76-4860-abc3-769fb4af3aae___PSU_CG 2257.JPG,Tomato__Tomato_mosaic_virus,PlantVillage external crop disease dataset
data/PlantVillage/Potato___Late_blight/3f0fd699-1ce7-437e-a899-662a51d59974___RS_LB 2904.JPG,Potato___Late_blight,PlantVillage external crop disease dataset
data/PlantVillage/PlantVillage/Pepper__bell___Bacterial_spot/2f26c2e1-a13d-41c9-9adf-51fb0ad99785___NREC_B.Spot 1849.JPG,PlantVillage,PlantVillage external crop disease dataset
data/PlantVillage/Tomato__Target_Spot/05c5b778-ab92-43c8-a390-93826690fc2d___Com.G_TgS_FL 9746.JPG,Tomato__Target_Spot,PlantVillage external crop disease dataset
data/PlantVillage/Tomato_Early_blight/33cd99f1-1f8a-497b-b4fc-60ff78af4b8a___RS_Erly.B 8378.JPG,Tomato_Early_blight,PlantVillage external crop disease dataset
data/PlantVillage/Pepper__bell___healthy/0f56ffda-5d57-4a61-8f7f-37f22a02520a___JR_HL 8589.JPG,Pepper__bell___healthy,PlantVillage external crop disease dataset
data/PlantVillage/Potato___Early_blight/089fb289-4bea-48b6-a29a-3a1d268d9dd3___RS_Early.B 8081.JPG,Potato___Early_blight,PlantVillage external crop disease dataset
data/PlantVillage/Tomato_Bacterial_spot/147fdb22-0a8b-46d7-8573-784d29b9d9cc___GCREC_Bact.Sp 6386.JPG,Tomato_Bacterial_spot,PlantVillage external crop disease dataset
data/PlantVillage/Tomato_Leaf_Mold/5467ad1f-7db3-4b4d-907a-12ea50ef84c3___Crnl_L.Mold 7097.JPG,Tomato_Leaf_Mold,PlantVillage external crop disease dataset
data/PlantVillage/Potato___Late_blight/37075adc-dd51-4a5b-8a6c-0649cb98516b___RS_LB 2678.JPG,Potato___Late_blight,PlantVillage external crop disease dataset
data/PlantVillage/Potato___Early_blight/07baabd8-e118-47dd-9d8d-132d4347836a___RS_Early.B 8555.JPG,Potato___Early_blight,PlantVillage external crop disease dataset
data/PlantVillage/Tomato_Leaf_Mold/53a46a74-0eb9-43e4-9480-1540475cf419___Crnl_L.Mold 8892.JPG,Tomato_Leaf_Mold,PlantVillage external crop disease dataset
data/PlantVillage/Tomato_Septoria_leaf_spot/09dbdbad-6b02-45a8-a1d3-86cebfd1320d___Keller.St_CG 1799.JPG,Tomato_Septoria_leaf_spot,PlantVillage external crop disease dataset
data/PlantVillage/Tomato_Early_blight/2efd143b-619d-455d-9b16-95536cad01e3___RS_Erly.B 7780.JPG,Tomato_Early_blight,PlantVillage external crop disease dataset
data/PlantVillage/Tomato__Target_Spot/30d35029-a9ce-44c7-b717-0fabef24398d___Com.G_TgS_FL 8253.JPG,Tomato__Target_Spot,PlantVillage external crop disease dataset
data/PlantVillage/Tomato__Tomato_mosaic_virus/5b9b782e-cabd-447c-b690-4b8a29bf7f7e___PSU_CG 2231.JPG,Tomato__Tomato_mosaic_virus,PlantVillage external crop disease dataset
data/PlantVillage/PlantVillage/Pepper__bell___Bacterial_spot/184221a3-0f0e-4acc-b5be-7b853349cd0d___JR_B.Spot 3286.JPG,PlantVillage,PlantVillage external crop disease dataset
data/PlantVillage/Tomato_Septoria_leaf_spot/215cf2c7-52ad-42ab-bed5-09269c51e63d___Keller.St_CG 1801.JPG,Tomato_Septoria_leaf_spot,PlantVillage external crop disease dataset
data/PlantVillage/Tomato_Early_blight/197fa869-c124-436e-b3cd-bced95f52a8e___RS_Erly.B 7834.JPG,Tomato_Early_blight,PlantVillage external crop disease dataset
data/PlantVillage/Tomato__Tomato_mosaic_virus/2370fa79-6f15-4ae5-a3cb-2d585a0043c2___PSU_CG 2178.JPG,Tomato__Tomato_mosaic_virus,PlantVillage external crop disease dataset
data/PlantVillage/Tomato_Bacterial_spot/0e591ff9-a58f-4748-ac0f-984233f441af___GCREC_Bact.Sp 3292.JPG,Tomato_Bacterial_spot,PlantVillage external crop disease dataset
data/PlantVillage/Tomato_Leaf_Mold/450b736f-8e2d-46e0-be60-6481f37d8612___Crnl_L.Mold 6882.JPG,Tomato_Leaf_Mold,PlantVillage external crop disease dataset
data/PlantVillage/Tomato_Late_blight/146b33cf-e412-48fd-9366-ad726b51889e___GHLB2 Leaf 157.1.JPG,Tomato_Late_blight,PlantVillage external crop disease dataset
data/PlantVillage/Tomato_Leaf_Mold/110d3ff1-96ea-43f2-96cb-ac57d0b7dd6b___Crnl_L.Mold 6738.JPG,Tomato_Leaf_Mold,PlantVillage external crop disease dataset
data/PlantVillage/Pepper__bell___Bacterial_spot/1e1ee82b-592b-4158-a48b-347084647492___NREC_B.Spot 9046.JPG,Pepper__bell___Bacterial_spot,PlantVillage external crop disease dataset
data/PlantVillage/Tomato_Bacterial_spot/0f57cc30-af42-4543-9a67-b27eda784325___UF.GRC_BS_Lab Leaf 9260.JPG,Tomato_Bacterial_spot,PlantVillage external crop disease dataset
data/PlantVillage/Potato___Late_blight/12ce2ab1-14c4-4960-81d4-e6ae776510e9___RS_LB 2880.JPG,Potato___Late_blight,PlantVillage external crop disease dataset
data/PlantVillage/Tomato__Tomato_mosaic_virus/6374877d-fcc6-4a2a-97de-e4d0c157ffae___PSU_CG 2068.JPG,Tomato__Tomato_mosaic_virus,PlantVillage external crop disease dataset
data/PlantVillage/Tomato__Tomato_mosaic_virus/3b990211-ec63-4cb4-a502-ca99b4764dfb___PSU_CG 2126.JPG,Tomato__Tomato_mosaic_virus,PlantVillage external crop disease dataset
data/PlantVillage/Tomato_healthy/225003c5-d8a1-48ce-b315-42df4b99c51a___RS_HL 0464.JPG,Tomato_healthy,PlantVillage external crop disease dataset
data/PlantVillage/Tomato_healthy/0d2bcda8-8dae-408e-8919-21dfa6cc9eea___RS_HL 0335.JPG,Tomato_healthy,PlantVillage external crop disease dataset
data/PlantVillage/Tomato_Bacterial_spot/06f23987-e01b-40dc-98ef-a5b33e86bc90___UF.GRC_BS_Lab Leaf 0308.JPG,Tomato_Bacterial_spot,PlantVillage external crop disease dataset
data/PlantVillage/Tomato__Tomato_YellowLeaf__Curl_Virus/0d16f917-9442-43a2-b7cf-9832c064777d___UF.GRC_YLCV_Lab 01738.JPG,Tomato__Tomato_YellowLeaf__Curl_Virus,PlantVillage external crop disease dataset
data/PlantVillage/PlantVillage/Pepper__bell___Bacterial_spot/0fcbdf76-fcc4-4271-986a-9466a784d404___JR_B.Spot 3374.JPG,PlantVillage,PlantVillage external crop disease dataset
data/PlantVillage/Tomato_healthy/014b5e19-7917-4d76-b632-b5dd31d999ec___RS_HL 9640.JPG,Tomato_healthy,PlantVillage external crop disease dataset
data/PlantVillage/PlantVillage/Pepper__bell___Bacterial_spot/20531434-4064-4aeb-a839-d3bcfe0ecb3e___NREC_B.Spot 9104.JPG,PlantVillage,PlantVillage external crop disease dataset
data/PlantVillage/Tomato__Tomato_YellowLeaf__Curl_Virus/0dfe0a59-8266-4ca7-b93b-f25b8c550cb6___YLCV_NREC 0170.JPG,Tomato__Tomato_YellowLeaf__Curl_Virus,PlantVillage external crop disease dataset
data/PlantVillage/Tomato_Late_blight/0d98a9eb-18e7-47e7-9010-196189bae113___RS_Late.B 5047.JPG,Tomato_Late_blight,PlantVillage external crop disease dataset
data/PlantVillage/Tomato_Septoria_leaf_spot/17bf427a-314b-438c-a252-be80e496759f___Matt.S_CG 7432.JPG,Tomato_Septoria_leaf_spot,PlantVillage external crop disease dataset
data/PlantVillage/Pepper__bell___Bacterial_spot/3dcf00d5-a9c0-4920-8767-2355f3f85bc4___NREC_B.Spot 9218.JPG,Pepper__bell___Bacterial_spot,PlantVillage external crop disease dataset
data/PlantVillage/Tomato_Early_blight/484250ea-cc2c-4614-bee8-7f24007e00ac___RS_Erly.B 9463.JPG,Tomato_Early_blight,PlantVillage external crop disease dataset
data/PlantVillage/Potato___healthy/c9ad5c9a-c9b0-4e07-9e03-9e9edfd58a19___RS_HL 1755.JPG,Potato___healthy,PlantVillage external crop disease dataset
data/PlantVillage/Potato___Late_blight/4358aa91-bce4-4788-a39f-1e1e4810bd51___RS_LB 3047.JPG,Potato___Late_blight,PlantVillage external crop disease dataset
data/PlantVillage/Pepper__bell___Bacterial_spot/1e6d8dc0-a694-47e0-af80-81ccabdfd591___JR_B.Spot 3308.JPG,Pepper__bell___Bacterial_spot,PlantVillage external crop disease dataset
data/PlantVillage/Potato___Late_blight/29bfc55a-8cb2-4938-b0b5-5e2748fd1a22___RS_LB 5070.JPG,Potato___Late_blight,PlantVillage external crop disease dataset
data/PlantVillage/PlantVillage/Pepper__bell___Bacterial_spot/1d0e1dec-de79-4e26-b592-b174d7c95739___NREC_B.Spot 9186.JPG,PlantVillage,PlantVillage external crop disease dataset
data/PlantVillage/Tomato_healthy/00bce074-967b-4d50-967a-31fdaa35e688___RS_HL 0223.JPG,Tomato_healthy,PlantVillage external crop disease dataset
data/PlantVillage/Potato___Early_blight/0ed45bc2-c8cc-4d65-8f53-bdc10d78a7dc___RS_Early.B 8504.JPG,Potato___Early_blight,PlantVillage external crop disease dataset
data/PlantVillage/Tomato_Septoria_leaf_spot/0650f176-add9-444e-893e-707969054a43___JR_Sept.L.S 2722.JPG,Tomato_Septoria_leaf_spot,PlantVillage external crop disease dataset
data/PlantVillage/Tomato_Leaf_Mold/51cb012e-4646-447c-b63f-9084a370b781___Crnl_L.Mold 6916.JPG,Tomato_Leaf_Mold,PlantVillage external crop disease dataset
data/PlantVillage/Tomato_Bacterial_spot/02a0f70a-9e27-420e-93ff-6ed8105f41c1___GCREC_Bact.Sp 3570.JPG,Tomato_Bacterial_spot,PlantVillage external crop disease dataset
data/PlantVillage/Pepper__bell___Bacterial_spot/01ebc916-4793-40a3-b5e4-a32687e4fa3d___NREC_B.Spot 9125.JPG,Pepper__bell___Bacterial_spot,PlantVillage external crop disease dataset
data/PlantVillage/PlantVillage/Pepper__bell___Bacterial_spot/055a84c4-8286-4b44-816a-66b82d3bd4bc___NREC_B.Spot 9105.JPG,PlantVillage,PlantVillage external crop disease dataset
data/PlantVillage/Tomato_Leaf_Mold/479d6746-71a9-4abc-83d7-8cbfcedf1496___Crnl_L.Mold 9150.JPG,Tomato_Leaf_Mold,PlantVillage external crop disease dataset
data/PlantVillage/Tomato_Bacterial_spot/1dd56ebe-f509-4ec1-a43e-13bd49b263e5___GCREC_Bact.Sp 3832.JPG,Tomato_Bacterial_spot,PlantVillage external crop disease dataset
data/PlantVillage/Tomato_Bacterial_spot/1b3ccbf3-c1e1-476e-b34a-6af0a6fbb349___GCREC_Bact.Sp 3735.JPG,Tomato_Bacterial_spot,PlantVillage external crop disease dataset
data/PlantVillage/Potato___Late_blight/17f8da33-18e6-454b-b9dc-a34c8dd52591___RS_LB 2945.JPG,Potato___Late_blight,PlantVillage external crop disease dataset
data/PlantVillage/Potato___Early_blight/10a3920b-dd04-406d-8bbd-f92f221e4dee___RS_Early.B 7035.JPG,Potato___Early_blight,PlantVillage external crop disease dataset
data/PlantVillage/Tomato__Target_Spot/1840e451-4049-49de-a7ee-9f305e85d3c3___Com.G_TgS_FL 9966.JPG,Tomato__Target_Spot,PlantVillage external crop disease dataset
data/PlantVillage/Tomato_Late_blight/1bfebfc9-3eda-4889-bdb1-75a8929a1b4f___GHLB_PS Leaf 48 Day 18.jpg,Tomato_Late_blight,PlantVillage external crop disease dataset
data/PlantVillage/Tomato_Leaf_Mold/4f03bdbd-e492-49a1-b04b-f19d9aaa95fd___Crnl_L.Mold 6837.JPG,Tomato_Leaf_Mold,PlantVillage external crop disease dataset
data/PlantVillage/Potato___healthy/4a08efaa-28cc-4356-8769-4002f4b299ef___RS_HL 1850.JPG,Potato___healthy,PlantVillage external crop disease dataset
data/PlantVillage/Tomato_Septoria_leaf_spot/009bb542-f0c0-40f2-98a7-f547c5adec45___Matt.S_CG 1355.JPG,Tomato_Septoria_leaf_spot,PlantVillage external crop disease dataset
data/PlantVillage/Potato___Early_blight/044c3abc-0bc9-45fb-8fd5-094aeb605f90___RS_Early.B 8044.JPG,Potato___Early_blight,PlantVillage external crop disease dataset
data/PlantVillage/Tomato__Tomato_YellowLeaf__Curl_Virus/0273f811-11bf-4fc3-b8b1-fe33ac4b3692___UF.GRC_YLCV_Lab 03226.JPG,Tomato__Tomato_YellowLeaf__Curl_Virus,PlantVillage external crop disease dataset
data/PlantVillage/Tomato__Tomato_mosaic_virus/c56876f0-d18b-4a90-86d1-7f90e8e15fac___PSU_CG 2240.JPG,Tomato__Tomato_mosaic_virus,PlantVillage external crop disease dataset
data/PlantVillage/Potato___Early_blight/1cb05d87-027d-4bf0-b5c4-4c1a57896ac6___RS_Early.B 7936.JPG,Potato___Early_blight,PlantVillage external crop disease dataset
data/PlantVillage/Tomato_Bacterial_spot/24408a22-6358-438e-99a1-729ea90726ad___GCREC_Bact.Sp 3645.JPG,Tomato_Bacterial_spot,PlantVillage external crop disease dataset
data/PlantVillage/Potato___Early_blight/1a38f06b-da2a-4c57-bef1-a73254896403___RS_Early.B 9178.JPG,Potato___Early_blight,PlantVillage external crop disease dataset
data/PlantVillage/Tomato_healthy/2a859068-5042-4f74-82ac-29339c760cbb___GH_HL Leaf 436.JPG,Tomato_healthy,PlantVillage external crop disease dataset
data/PlantVillage/Tomato_Bacterial_spot/00728f4d-83a0-49f1-87f8-374646fcda05___GCREC_Bact.Sp 6326.JPG,Tomato_Bacterial_spot,PlantVillage external crop disease dataset
data/PlantVillage/Potato___Early_blight/29386668-721c-4359-99a6-734f1a4b096b___RS_Early.B 8362.JPG,Potato___Early_blight,PlantVillage external crop disease dataset
data/PlantVillage/Potato___Early_blight/12ebe6fe-c8ce-4a00-866f-8776aca75159___RS_Early.B 6873.JPG,Potato___Early_blight,PlantVillage external crop disease dataset
data/PlantVillage/Tomato__Tomato_mosaic_virus/7e30ae4f-05e2-4806-ad63-c86fb601d445___PSU_CG 2412.JPG,Tomato__Tomato_mosaic_virus,PlantVillage external crop disease dataset
data/PlantVillage/Tomato_Septoria_leaf_spot/0b23b869-cfa6-40d7-a683-f4637d91ebff___Matt.S_CG 1286.JPG,Tomato_Septoria_leaf_spot,PlantVillage external crop disease dataset
data/PlantVillage/Tomato_Spider_mites_Two_spotted_spider_mite/20f78207-e650-4e62-8648-f660f5f1eea9___Com.G_SpM_FL 9340.JPG,Tomato_Spider_mites_Two_spotted_spider_mite,PlantVillage external crop disease dataset
data/PlantVillage/Tomato__Tomato_YellowLeaf__Curl_Virus/066c8d04-9bad-4e22-bdf8-7cb67a33c617___UF.GRC_YLCV_Lab 09616.JPG,Tomato__Tomato_YellowLeaf__Curl_Virus,PlantVillage external crop disease dataset
data/PlantVillage/Potato___healthy/5ea316eb-10a2-42c0-b781-40d90356ccaa___RS_HL 1935.JPG,Potato___healthy,PlantVillage external crop disease dataset
data/PlantVillage/Potato___healthy/45bc0b37-ca59-4a89-8531-705af42a6fd5___RS_HL 1946.JPG,Potato___healthy,PlantVillage external crop disease dataset
data/PlantVillage/Tomato_Early_blight/121b3f84-70ed-4d1c-882c-d3204e2af046___RS_Erly.B 8421.JPG,Tomato_Early_blight,PlantVillage external crop disease dataset
data/PlantVillage/Pepper__bell___healthy/0119205b-cfac-4322-be37-dcc401fcfa11___JR_HL 8527.JPG,Pepper__bell___healthy,PlantVillage external crop disease dataset
data/PlantVillage/Tomato_healthy/13053341-b112-411c-bc76-8cadbcb4eded___GH_HL Leaf 223.JPG,Tomato_healthy,PlantVillage external crop disease dataset
data/PlantVillage/Tomato__Tomato_YellowLeaf__Curl_Virus/0632b42f-8d80-4cbb-b9f0-11997b3b7477___UF.GRC_YLCV_Lab 03117.JPG,Tomato__Tomato_YellowLeaf__Curl_Virus,PlantVillage external crop disease dataset
data/PlantVillage/Tomato__Tomato_mosaic_virus/a0966902-32cd-469a-bf55-9fc7f4761107___PSU_CG 2322.JPG,Tomato__Tomato_mosaic_virus,PlantVillage external crop disease dataset
data/PlantVillage/Tomato_Early_blight/3fa32b26-e7bb-493e-b7c2-c40e3f3df380___RS_Erly.B 9546.JPG,Tomato_Early_blight,PlantVillage external crop disease dataset
data/PlantVillage/Tomato_healthy/1f763a4e-3f17-44c1-be1b-a8752d2b93a1___RS_HL 9830.JPG,Tomato_healthy,PlantVillage external crop disease dataset
data/PlantVillage/Tomato__Tomato_mosaic_virus/0dae2780-43e7-40ac-ae45-95e5318c8f32___PSU_CG 2290.JPG,Tomato__Tomato_mosaic_virus,PlantVillage external crop disease dataset
data/PlantVillage/Tomato_Spider_mites_Two_spotted_spider_mite/01027422-5838-4aaf-a517-01ea4e2cb6b9___Com.G_SpM_FL 9256.JPG,Tomato_Spider_mites_Two_spotted_spider_mite,PlantVillage external crop disease dataset
data/PlantVillage/Tomato_Spider_mites_Two_spotted_spider_mite/145f452c-a852-4fcc-8c81-d59165ecb774___Com.G_SpM_FL 8776.JPG,Tomato_Spider_mites_Two_spotted_spider_mite,PlantVillage external crop disease dataset
data/PlantVillage/Tomato_Early_blight/22faea13-4b3e-4d87-b80c-379755a7b747___RS_Erly.B 7852.JPG,Tomato_Early_blight,PlantVillage external crop disease dataset
data/PlantVillage/Tomato_Late_blight/126e12d3-3d51-4ba6-861f-e6ed09ee951f___GHLB2 Leaf 9021.JPG,Tomato_Late_blight,PlantVillage external crop disease dataset
data/PlantVillage/Tomato_Septoria_leaf_spot/0d8187e2-00e2-40e7-b1a5-c94db561057c___JR_Sept.L.S 8439.JPG,Tomato_Septoria_leaf_spot,PlantVillage external crop disease dataset
data/PlantVillage/Pepper__bell___healthy/14a817b1-7628-4bfd-99a5-495a0581cb6c___JR_HL 8729.JPG,Pepper__bell___healthy,PlantVillage external crop disease dataset
data/PlantVillage/Tomato_Spider_mites_Two_spotted_spider_mite/07a04ca5-a3f3-43c7-b035-95eccd5ca39e___Com.G_SpM_FL 1401.JPG,Tomato_Spider_mites_Two_spotted_spider_mite,PlantVillage external crop disease dataset
data/PlantVillage/Tomato_Leaf_Mold/1692055a-2fc8-4680-b8fe-32916f040b6f___Crnl_L.Mold 6843.JPG,Tomato_Leaf_Mold,PlantVillage external crop disease dataset
data/PlantVillage/Tomato__Tomato_YellowLeaf__Curl_Virus/07aa5223-ed3c-48a9-83e7-bd76a110f941___UF.GRC_YLCV_Lab 03119.JPG,Tomato__Tomato_YellowLeaf__Curl_Virus,PlantVillage external crop disease dataset
data/PlantVillage/Tomato_Spider_mites_Two_spotted_spider_mite/25245f74-df2c-442d-8146-bdf161cc18f2___Com.G_SpM_FL 1419.JPG,Tomato_Spider_mites_Two_spotted_spider_mite,PlantVillage external crop disease dataset
data/PlantVillage/Pepper__bell___healthy/226a6fd3-6624-4360-8637-3755f4acd3fb___JR_HL 5898.JPG,Pepper__bell___healthy,PlantVillage external crop disease dataset
data/PlantVillage/Tomato__Target_Spot/00854623-ba28-446d-a1d5-03c0ae3f99d9___Com.G_TgS_FL 7949.JPG,Tomato__Target_Spot,PlantVillage external crop disease dataset
data/PlantVillage/Potato___healthy/43fd6ace-3712-494a-9aba-de5482d22561___RS_HL 1968.JPG,Potato___healthy,PlantVillage external crop disease dataset
data/PlantVillage/Tomato_healthy/0902aa8e-e4f7-4c29-b11a-b2b7f24fe61c___GH_HL Leaf 228.1.JPG,Tomato_healthy,PlantVillage external crop disease dataset
data/PlantVillage/Tomato_Bacterial_spot/0ff228a7-60f4-47f0-b1a3-96969a63105f___GCREC_Bact.Sp 6056.JPG,Tomato_Bacterial_spot,PlantVillage external crop disease dataset
data/PlantVillage/Tomato__Target_Spot/2e7e9a37-1d74-4435-94a6-6ac966447e75___Com.G_TgS_FL 9853.JPG,Tomato__Target_Spot,PlantVillage external crop disease dataset
data/PlantVillage/Potato___Late_blight/0eb28ea9-c9e4-4999-9de2-835682241e53___RS_LB 2708.JPG,Potato___Late_blight,PlantVillage external crop disease dataset
data/PlantVillage/Potato___Late_blight/0114b195-844c-4978-93a9-b0d5aae010f1___RS_LB 2738.JPG,Potato___Late_blight,PlantVillage external crop disease dataset
data/PlantVillage/Pepper__bell___Bacterial_spot/3b9a94fb-856a-4576-94e3-6c16bf01118f___JR_B.Spot 8956.JPG,Pepper__bell___Bacterial_spot,PlantVillage external crop disease dataset
data/PlantVillage/Tomato_Septoria_leaf_spot/0a146952-538a-41e5-a422-b5d50e91771e___Matt.S_CG 6079.JPG,Tomato_Septoria_leaf_spot,PlantVillage external crop disease dataset
data/PlantVillage/Potato___Early_blight/4da46a9d-7709-4528-acc3-a7be6ace3714___RS_Early.B 7187.JPG,Potato___Early_blight,PlantVillage external crop disease dataset
data/PlantVillage/Tomato_Spider_mites_Two_spotted_spider_mite/1384ca63-9181-4245-b7ab-7a1f0fec34a8___Com.G_SpM_FL 9269.JPG,Tomato_Spider_mites_Two_spotted_spider_mite,PlantVillage external crop disease dataset
data/PlantVillage/Potato___Late_blight/1a146bf4-5696-4e19-842e-9e0e1ac7ac6d___RS_LB 5023.JPG,Potato___Late_blight,PlantVillage external crop disease dataset
data/PlantVillage/Tomato_Early_blight/3592b22c-09cd-4005-97c4-cdd11318cce0___RS_Erly.B 9391.JPG,Tomato_Early_blight,PlantVillage external crop disease dataset
data/PlantVillage/Tomato__Tomato_mosaic_virus/a374c412-e665-4f38-9e73-49a70fb18b1c___PSU_CG 2378.JPG,Tomato__Tomato_mosaic_virus,PlantVillage external crop disease dataset
data/PlantVillage/Tomato_Leaf_Mold/20e63ca2-e070-422c-9839-9cac224719e5___Crnl_L.Mold 8650.JPG,Tomato_Leaf_Mold,PlantVillage external crop disease dataset
data/PlantVillage/Pepper__bell___Bacterial_spot/0a9cfb27-280e-475a-bbb4-8eeaeff38b8c___NREC_B.Spot 9177.JPG,Pepper__bell___Bacterial_spot,PlantVillage external crop disease dataset
data/PlantVillage/Potato___Early_blight/3935d2ce-2d27-45ec-ab50-a53df9d30fa2___RS_Early.B 7437.JPG,Potato___Early_blight,PlantVillage external crop disease dataset
data/PlantVillage/Pepper__bell___Bacterial_spot/3d203d3a-3614-4ddf-9956-0c6a12208c7e___JR_B.Spot 3391.JPG,Pepper__bell___Bacterial_spot,PlantVillage external crop disease dataset
data/PlantVillage/Potato___Early_blight/34d62dee-797e-4f31-9063-f6a285935b4d___RS_Early.B 6733.JPG,Potato___Early_blight,PlantVillage external crop disease dataset
data/PlantVillage/Potato___Early_blight/1e99ce6b-b7fa-4ae1-9076-279f430b8c5f___RS_Early.B 7092.JPG,Potato___Early_blight,PlantVillage external crop disease dataset
data/PlantVillage/Potato___healthy/9d7d1bb9-1b10-4a8f-a961-e404b9d5acf8___RS_HL 1960.JPG,Potato___healthy,PlantVillage external crop disease dataset
data/PlantVillage/Potato___healthy/fd92bd9c-02cb-4599-8673-9316159504a1___RS_HL 1927.JPG,Potato___healthy,PlantVillage external crop disease dataset
data/PlantVillage/Tomato_Septoria_leaf_spot/099a68fb-a30b-48b6-99ae-908449e48950___JR_Sept.L.S 2691.JPG,Tomato_Septoria_leaf_spot,PlantVillage external crop disease dataset
data/PlantVillage/Potato___healthy/58a98860-86d8-41e7-9f8c-cc2ca5e90012___RS_HL 1758.JPG,Potato___healthy,PlantVillage external crop disease dataset
data/PlantVillage/Tomato__Target_Spot/38806439-e746-4c61-92ea-b3e996b2e78f___Com.G_TgS_FL 8159.JPG,Tomato__Target_Spot,PlantVillage external crop disease dataset
data/PlantVillage/Tomato__Target_Spot/2eaa8846-bda1-4dc2-b89f-94010addc4b6___Com.G_TgS_FL 8164.JPG,Tomato__Target_Spot,PlantVillage external crop disease dataset
data/PlantVillage/Potato___healthy/ec6e43d3-512d-4908-99f2-c9e2a0be54be___RS_HL 4202.JPG,Potato___healthy,PlantVillage external crop disease dataset
data/PlantVillage/Tomato_Late_blight/017a9839-6097-45aa-85b0-3051db151484___RS_Late.B 5125.JPG,Tomato_Late_blight,PlantVillage external crop disease dataset
data/PlantVillage/Tomato__Target_Spot/15b9da1b-5047-4f10-97c2-b181e4842466___Com.G_TgS_FL 1007.JPG,Tomato__Target_Spot,PlantVillage external crop disease dataset
data/PlantVillage/Tomato__Tomato_mosaic_virus/bba77afa-234e-40c9-9d2e-6770ac1789e4___PSU_CG 2082.JPG,Tomato__Tomato_mosaic_virus,PlantVillage external crop disease dataset
data/PlantVillage/Tomato__Tomato_mosaic_virus/49a98ba1-a1b1-4d4b-85af-29aa6648fc64___PSU_CG 2292.JPG,Tomato__Tomato_mosaic_virus,PlantVillage external crop disease dataset
data/PlantVillage/Potato___Early_blight/129b1c3a-4f7d-4c45-ae03-2a4c3eb17dd4___RS_Early.B 7413.JPG,Potato___Early_blight,PlantVillage external crop disease dataset
data/PlantVillage/Tomato_Leaf_Mold/036d12b0-1e97-4975-bd80-a8a3c48588e7___Crnl_L.Mold 6500.JPG,Tomato_Leaf_Mold,PlantVillage external crop disease dataset
data/PlantVillage/Tomato__Tomato_mosaic_virus/3117475d-3948-45a5-b2c7-630efb8bfab8___PSU_CG 2333.JPG,Tomato__Tomato_mosaic_virus,PlantVillage external crop disease dataset
data/PlantVillage/Pepper__bell___healthy/338ebacf-1cf2-48e7-a69a-708b37f4210b___JR_HL 8821.JPG,Pepper__bell___healthy,PlantVillage external crop disease dataset
data/PlantVillage/Tomato_Late_blight/16064333-c2da-40e0-9f24-c709191e66b1___RS_Late.B 5421.JPG,Tomato_Late_blight,PlantVillage external crop disease dataset
data/PlantVillage/Tomato_Septoria_leaf_spot/0d1d305a-e4d1-4037-b0bd-1276c5200488___Matt.S_CG 1542.JPG,Tomato_Septoria_leaf_spot,PlantVillage external crop disease dataset
data/PlantVillage/Potato___Late_blight/28cbad12-8d41-4d36-a6df-db0d35ee1ce0___RS_LB 2922.JPG,Potato___Late_blight,PlantVillage external crop disease dataset
data/PlantVillage/Tomato__Target_Spot/1f315135-8b90-4b79-ac61-c71a06ab141e___Com.G_TgS_FL 8080.JPG,Tomato__Target_Spot,PlantVillage external crop disease dataset
data/PlantVillage/Potato___Early_blight/31d5d932-9eb3-45d1-bc85-40ef64d7a688___RS_Early.B 7255.JPG,Potato___Early_blight,PlantVillage external crop disease dataset
data/PlantVillage/Tomato_Septoria_leaf_spot/0a76257e-6a78-459b-8f51-a266805121eb___Matt.S_CG 2527.JPG,Tomato_Septoria_leaf_spot,PlantVillage external crop disease dataset
data/PlantVillage/Potato___Late_blight/37c1e3d4-e54b-431a-b370-2a506b6026a2___RS_LB 4461.JPG,Potato___Late_blight,PlantVillage external crop disease dataset
data/PlantVillage/Potato___Late_blight/3a728bc7-b08d-4a11-bb49-b25d803c3336___RS_LB 4074.JPG,Potato___Late_blight,PlantVillage external crop disease dataset
data/PlantVillage/Tomato_Septoria_leaf_spot/113d9910-040e-4ae9-9c7d-6eba1d1e86e1___Matt.S_CG 7710.JPG,Tomato_Septoria_leaf_spot,PlantVillage external crop disease dataset
data/PlantVillage/Pepper__bell___Bacterial_spot/2fd2f664-70aa-40d6-b770-bb839944ce18___JR_B.Spot 3261.JPG,Pepper__bell___Bacterial_spot,PlantVillage external crop disease dataset
data/PlantVillage/Tomato_Septoria_leaf_spot/28ac876e-4b48-4486-b40a-d4fad31f6880___Keller.St_CG 1805.JPG,Tomato_Septoria_leaf_spot,PlantVillage external crop disease dataset
data/PlantVillage/Tomato_Bacterial_spot/1695eefb-cffc-4dac-b7ae-40f34ad9c5db___GCREC_Bact.Sp 3065.JPG,Tomato_Bacterial_spot,PlantVillage external crop disease dataset
data/PlantVillage/Tomato__Tomato_mosaic_virus/67d62cc2-ac5e-4ad7-91a0-c097163df653___PSU_CG 2048.JPG,Tomato__Tomato_mosaic_virus,PlantVillage external crop disease dataset
data/PlantVillage/Tomato_Late_blight/01425d17-4c97-46e3-b395-c1453b78ab78___GHLB2 Leaf 9100.JPG,Tomato_Late_blight,PlantVillage external crop disease dataset
data/PlantVillage/Tomato_Leaf_Mold/27e8bb41-97a2-44b7-95e2-fd3b2e99f317___Crnl_L.Mold 7064.JPG,Tomato_Leaf_Mold,PlantVillage external crop disease dataset
data/PlantVillage/Pepper__bell___healthy/206708e1-3916-4b23-890c-eb77d3b23728___JR_HL 8431.JPG,Pepper__bell___healthy,PlantVillage external crop disease dataset
data/PlantVillage/Tomato_Leaf_Mold/2f3608fd-5632-47ae-9309-970728d4342e___Crnl_L.Mold 6778.JPG,Tomato_Leaf_Mold,PlantVillage external crop disease dataset
data/PlantVillage/Tomato_healthy/19787f8b-a78e-4cf2-8fb2-3aae59b20c47___RS_HL 0456.JPG,Tomato_healthy,PlantVillage external crop disease dataset
data/PlantVillage/Tomato_Early_blight/3a634ad7-1119-4ea1-9268-bedc8308fdc8___RS_Erly.B 7841.JPG,Tomato_Early_blight,PlantVillage external crop disease dataset
data/PlantVillage/Tomato_Late_blight/067fa506-1859-485a-9a17-53aaf0e8b1c3___RS_Late.B 6641.JPG,Tomato_Late_blight,PlantVillage external crop disease dataset
data/PlantVillage/Tomato__Tomato_mosaic_virus/0d9accf3-1285-4356-b69b-2ae132c5f145___PSU_CG 2337.JPG,Tomato__Tomato_mosaic_virus,PlantVillage external crop disease dataset
data/PlantVillage/Tomato__Target_Spot/15f2395b-7130-456a-8ad6-858481c5bf77___Com.G_TgS_FL 0960.JPG,Tomato__Target_Spot,PlantVillage external crop disease dataset
data/PlantVillage/Tomato_Septoria_leaf_spot/01f54ad9-9c03-4ffd-86f4-829fc2939120___Matt.S_CG 0702.JPG,Tomato_Septoria_leaf_spot,PlantVillage external crop disease dataset
data/PlantVillage/Potato___Late_blight/12e2c9b5-fbfc-4bc9-898b-86ead976a615___RS_LB 2702.JPG,Potato___Late_blight,PlantVillage external crop disease dataset
data/PlantVillage/Tomato__Target_Spot/1c449341-6c92-4eeb-b83a-536d23ebbe96___Com.G_TgS_FL 8011.JPG,Tomato__Target_Spot,PlantVillage external crop disease dataset
data/PlantVillage/PlantVillage/Pepper__bell___Bacterial_spot/2bb75692-d488-406d-bce0-c7eab42557c5___NREC_B.Spot 1922.JPG,PlantVillage,PlantVillage external crop disease dataset
data/PlantVillage/Tomato_healthy/07776423-f0af-455c-a7c1-36215c7e7097___RS_HL 0321.JPG,Tomato_healthy,PlantVillage external crop disease dataset
data/PlantVillage/PlantVillage/Pepper__bell___Bacterial_spot/162a3375-31e6-48f4-9b78-ab35054fb86c___JR_B.Spot 3397.JPG,PlantVillage,PlantVillage external crop disease dataset
data/PlantVillage/Tomato__Tomato_YellowLeaf__Curl_Virus/0383249b-008c-4e0b-b8ee-7eae08be99d3___YLCV_GCREC 2722.JPG,Tomato__Tomato_YellowLeaf__Curl_Virus,PlantVillage external crop disease dataset
data/PlantVillage/Tomato_Leaf_Mold/51189dab-468d-4304-8368-d0e4e3247194___Crnl_L.Mold 6667.JPG,Tomato_Leaf_Mold,PlantVillage external crop disease dataset
data/PlantVillage/Tomato_Bacterial_spot/083959e5-833b-4c10-9215-0b0aca81c8ca___UF.GRC_BS_Lab Leaf 0297.JPG,Tomato_Bacterial_spot,PlantVillage external crop disease dataset
data/PlantVillage/PlantVillage/Pepper__bell___Bacterial_spot/2b562d10-5ccf-4f20-aadc-2e1480bd303e___JR_B.Spot 3256.JPG,PlantVillage,PlantVillage external crop disease dataset
data/PlantVillage/Potato___healthy/369479a9-3c28-4d77-8731-9ae54e719af3___RS_HL 1785.JPG,Potato___healthy,PlantVillage external crop disease dataset
data/PlantVillage/Tomato__Target_Spot/1c4677d0-4d19-490a-8b7a-5894806174fb___Com.G_TgS_FL 0965.JPG,Tomato__Target_Spot,PlantVillage external crop disease dataset
data/PlantVillage/Tomato_Bacterial_spot/1ed14327-868e-43e3-a060-a3fb155494a9___GCREC_Bact.Sp 3082.JPG,Tomato_Bacterial_spot,PlantVillage external crop disease dataset
data/PlantVillage/Tomato_Leaf_Mold/33021b9c-389e-4d58-99c5-13b36a496f09___Crnl_L.Mold 6961.JPG,Tomato_Leaf_Mold,PlantVillage external crop disease dataset
data/PlantVillage/Potato___Early_blight/17520079-9d7b-481a-bc9e-676c5404d160___RS_Early.B 6774.JPG,Potato___Early_blight,PlantVillage external crop disease dataset
data/PlantVillage/Tomato_Bacterial_spot/1fcebd34-f196-4909-abd1-6d9413d9b4b4___GCREC_Bact.Sp 3304.JPG,Tomato_Bacterial_spot,PlantVillage external crop disease dataset
data/PlantVillage/Tomato_Spider_mites_Two_spotted_spider_mite/03dc4d71-45b6-4845-9f66-3b7aae5375e1___Com.G_SpM_FL 1193.JPG,Tomato_Spider_mites_Two_spotted_spider_mite,PlantVillage external crop disease dataset
data/PlantVillage/PlantVillage/Pepper__bell___Bacterial_spot/25d9d63d-08f1-45de-be1a-83ec25160b75___NREC_B.Spot 1919.JPG,PlantVillage,PlantVillage external crop disease dataset
data/PlantVillage/Tomato__Tomato_YellowLeaf__Curl_Virus/0861ef6a-5758-45d5-8e15-1d1c814d8ed5___UF.GRC_YLCV_Lab 09591.JPG,Tomato__Tomato_YellowLeaf__Curl_Virus,PlantVillage external crop disease dataset
data/PlantVillage/Potato___Late_blight/49835c13-105d-4afb-95dd-b4ee15f3d287___RS_LB 4099.JPG,Potato___Late_blight,PlantVillage external crop disease dataset
data/PlantVillage/Tomato_Leaf_Mold/407519ba-54e6-4779-a886-8163cab06a04___Crnl_L.Mold 8807.JPG,Tomato_Leaf_Mold,PlantVillage external crop disease dataset
data/PlantVillage/Tomato_Late_blight/2077acd5-80d2-421f-8641-308048d44651___GHLB2 Leaf 8678.JPG,Tomato_Late_blight,PlantVillage external crop disease dataset
data/PlantVillage/Pepper__bell___healthy/1bfa8779-be94-4f16-9668-08c91f9ce3d6___JR_HL 8358.JPG,Pepper__bell___healthy,PlantVillage external crop disease dataset
data/PlantVillage/Tomato__Tomato_mosaic_virus/7d961b54-7557-4800-ae6a-00b6945f99c0___PSU_CG 2293.JPG,Tomato__Tomato_mosaic_virus,PlantVillage external crop disease dataset
data/PlantVillage/Potato___Late_blight/357bfc61-bb46-4e77-b9eb-eafdd3af7f6f___RS_LB 3082.JPG,Potato___Late_blight,PlantVillage external crop disease dataset
data/PlantVillage/Pepper__bell___Bacterial_spot/113d374f-8b12-454c-84cc-ee91043bc988___NREC_B.Spot 9146.JPG,Pepper__bell___Bacterial_spot,PlantVillage external crop disease dataset
data/PlantVillage/Tomato__Tomato_mosaic_virus/1f675039-385d-4438-b157-db0c95673580___PSU_CG 2100.JPG,Tomato__Tomato_mosaic_virus,PlantVillage external crop disease dataset
data/PlantVillage/Tomato_Spider_mites_Two_spotted_spider_mite/05be6ebc-1641-4707-91da-9b5650b9641a___Com.G_SpM_FL 8857.JPG,Tomato_Spider_mites_Two_spotted_spider_mite,PlantVillage external crop disease dataset
data/PlantVillage/Potato___Late_blight/0b092cda-db8c-489d-8c46-23ac3835310d___RS_LB 4480.JPG,Potato___Late_blight,PlantVillage external crop disease dataset
data/PlantVillage/Potato___healthy/ef7005dc-1d44-412e-b858-145a2d7a6fa9___RS_HL 1951.JPG,Potato___healthy,PlantVillage external crop disease dataset
data/PlantVillage/Tomato_Septoria_leaf_spot/27cce771-b14a-4c4c-a910-4751fb2eb9d1___JR_Sept.L.S 8352.JPG,Tomato_Septoria_leaf_spot,PlantVillage external crop disease dataset
data/PlantVillage/Tomato_Early_blight/427229e9-359c-49c5-8dfd-b721a3802899___RS_Erly.B 7861.JPG,Tomato_Early_blight,PlantVillage external crop disease dataset
data/PlantVillage/Pepper__bell___healthy/29cf454c-6b7d-45e7-929c-0136afb7ca39___JR_HL 8149.JPG,Pepper__bell___healthy,PlantVillage external crop disease dataset
data/PlantVillage/PlantVillage/Pepper__bell___Bacterial_spot/42ec2c4f-8cb7-47b2-ba27-0950b0b18395___NREC_B.Spot 9143.JPG,PlantVillage,PlantVillage external crop disease dataset
data/PlantVillage/Tomato__Tomato_YellowLeaf__Curl_Virus/0d173b50-c743-4422-99d1-48a0069518db___UF.GRC_YLCV_Lab 03204.JPG,Tomato__Tomato_YellowLeaf__Curl_Virus,PlantVillage external crop disease dataset
data/PlantVillage/Tomato_healthy/1d1017be-8cd6-4967-894b-1b9fb89d7d6e___RS_HL 0270.JPG,Tomato_healthy,PlantVillage external crop disease dataset
data/PlantVillage/Tomato__Tomato_mosaic_virus/c16122a0-a5e9-47d6-82b6-93325f1e9667___PSU_CG 2385.JPG,Tomato__Tomato_mosaic_virus,PlantVillage external crop disease dataset
data/PlantVillage/Pepper__bell___Bacterial_spot/42268507-28e9-4fb2-bd74-a2afdb3eebfa___JR_B.Spot 3240.JPG,Pepper__bell___Bacterial_spot,PlantVillage external crop disease dataset
data/PlantVillage/Tomato__Target_Spot/1a8e252e-a75b-4d39-9dfb-e09434029183___Com.G_TgS_FL 0711.JPG,Tomato__Target_Spot,PlantVillage external crop disease dataset
data/PlantVillage/Pepper__bell___healthy/0c93ef1a-ccc8-4a62-9353-308e7da3ac3e___JR_HL 8245.JPG,Pepper__bell___healthy,PlantVillage external crop disease dataset
data/PlantVillage/PlantVillage/Pepper__bell___Bacterial_spot/1219f26f-a23a-4c2a-99f0-407fc785c74a___JR_B.Spot 3332.JPG,PlantVillage,PlantVillage external crop disease dataset
data/PlantVillage/PlantVillage/Pepper__bell___Bacterial_spot/1385e1e7-c7a5-4edb-8273-2f6a54c583fa___NREC_B.Spot 9128.JPG,PlantVillage,PlantVillage external crop disease dataset
data/PlantVillage/Tomato__Tomato_mosaic_virus/1ae794c7-287b-4a16-9cff-2fa11545eb00___PSU_CG 2102.JPG,Tomato__Tomato_mosaic_virus,PlantVillage external crop disease dataset
data/PlantVillage/Tomato__Tomato_mosaic_virus/c668017b-5c87-4f2e-90ab-021b81f48b1b___PSU_CG 2272.JPG,Tomato__Tomato_mosaic_virus,PlantVillage external crop disease dataset
data/PlantVillage/PlantVillage/Pepper__bell___Bacterial_spot/0d8445ac-6333-42b0-bf32-950a2dd83908___NREC_B.Spot 1862.JPG,PlantVillage,PlantVillage external crop disease dataset
data/PlantVillage/Tomato_Early_blight/38685009-d6e6-4b3a-9957-bf049a210cda___RS_Erly.B 7606.JPG,Tomato_Early_blight,PlantVillage external crop disease dataset
data/PlantVillage/Tomato_Spider_mites_Two_spotted_spider_mite/2e1daff5-2bc2-4c45-8563-7c6a7a929ddf___Com.G_SpM_FL 9261.JPG,Tomato_Spider_mites_Two_spotted_spider_mite,PlantVillage external crop disease dataset
data/PlantVillage/Tomato_Late_blight/09590524-981f-4dc5-b6e3-5225a0c48019___GHLB2ES Leaf 140.JPG,Tomato_Late_blight,PlantVillage external crop disease dataset
data/PlantVillage/PlantVillage/Pepper__bell___Bacterial_spot/12342367-f62b-40d0-897b-77bd1edbd3d1___JR_B.Spot 3199.JPG,PlantVillage,PlantVillage external crop disease dataset
data/PlantVillage/Tomato_Late_blight/023315df-8824-4760-9480-4dca3a023931___GHLB2 Leaf 8719.JPG,Tomato_Late_blight,PlantVillage external crop disease dataset
data/PlantVillage/Tomato_Spider_mites_Two_spotted_spider_mite/273ebba7-4f24-41a2-a825-a997dd6cea5f___Com.G_SpM_FL 1521.JPG,Tomato_Spider_mites_Two_spotted_spider_mite,PlantVillage external crop disease dataset
data/PlantVillage/Tomato_Leaf_Mold/2aa365ee-c396-47e3-bf04-aad9d18f470f___Crnl_L.Mold 6655.JPG,Tomato_Leaf_Mold,PlantVillage external crop disease dataset
data/PlantVillage/Tomato_healthy/0326b4b6-0f25-47af-bfd9-d8fec314a4f5___RS_HL 0621.JPG,Tomato_healthy,PlantVillage external crop disease dataset
data/PlantVillage/Tomato_Late_blight/16613329-813d-4d3d-9f44-e52c0ad72bb0___RS_Late.B 4980.JPG,Tomato_Late_blight,PlantVillage external crop disease dataset
data/PlantVillage/Tomato_Spider_mites_Two_spotted_spider_mite/27b8928e-4fd2-4e84-bdb9-670a431477e0___Com.G_SpM_FL 8707.JPG,Tomato_Spider_mites_Two_spotted_spider_mite,PlantVillage external crop disease dataset
data/PlantVillage/PlantVillage/Pepper__bell___Bacterial_spot/3f436076-8f23-46e8-a730-08bffac34ea4___JR_B.Spot 3379.JPG,PlantVillage,PlantVillage external crop disease dataset
data/PlantVillage/Pepper__bell___Bacterial_spot/18df58d7-c6ac-48e5-8cb0-596b70252a8e___NREC_B.Spot 9153.JPG,Pepper__bell___Bacterial_spot,PlantVillage external crop disease dataset
data/PlantVillage/Potato___healthy/849aa978-c7b9-4344-9ca8-129219a65f8e___RS_HL 1874.JPG,Potato___healthy,PlantVillage external crop disease dataset
data/PlantVillage/Tomato_Bacterial_spot/1addf690-441a-40c5-b1e7-c618a8af1f40___GCREC_Bact.Sp 3744.JPG,Tomato_Bacterial_spot,PlantVillage external crop disease dataset
data/PlantVillage/Tomato_healthy/13688c77-f2ad-4f7c-972c-99d70652fac6___RS_HL 0458.JPG,Tomato_healthy,PlantVillage external crop disease dataset
data/PlantVillage/Tomato_Bacterial_spot/075caa8d-0748-441c-a365-754b43a5b538___GCREC_Bact.Sp 5625.JPG,Tomato_Bacterial_spot,PlantVillage external crop disease dataset
data/PlantVillage/Tomato_healthy/0d70d565-520e-474c-85c1-ab478c9f1d4b___GH_HL Leaf 203.1.JPG,Tomato_healthy,PlantVillage external crop disease dataset
data/PlantVillage/Potato___Early_blight/3de47a70-4a74-462f-8b56-2088507be4ef___RS_Early.B 8832.JPG,Potato___Early_blight,PlantVillage external crop disease dataset
data/PlantVillage/Tomato_Septoria_leaf_spot/066b2772-c513-403b-9550-26def3b79ec3___JR_Sept.L.S 2497.JPG,Tomato_Septoria_leaf_spot,PlantVillage external crop disease dataset
data/PlantVillage/Tomato_Leaf_Mold/0bb34c9b-ecf7-4fb1-8ee1-098bccdcdaae___Crnl_L.Mold 6522.JPG,Tomato_Leaf_Mold,PlantVillage external crop disease dataset
data/PlantVillage/Tomato_Early_blight/1c9e0f1a-7314-449c-9482-9059684ac82d___RS_Erly.B 7840.JPG,Tomato_Early_blight,PlantVillage external crop disease dataset
data/PlantVillage/PlantVillage/Pepper__bell___Bacterial_spot/01940b6d-7dea-4889-a7b8-a35f4e9bba34___NREC_B.Spot 9120.JPG,PlantVillage,PlantVillage external crop disease dataset
data/PlantVillage/Pepper__bell___healthy/03a4f6f6-9c17-4310-921b-5dbf97df630a___JR_HL 8571.JPG,Pepper__bell___healthy,PlantVillage external crop disease dataset
data/PlantVillage/Tomato__Tomato_mosaic_virus/86965ac5-b790-4218-a3c6-216d10da5211___PSU_CG 2066.JPG,Tomato__Tomato_mosaic_virus,PlantVillage external crop disease dataset
data/PlantVillage/Tomato__Tomato_YellowLeaf__Curl_Virus/05f30be4-e9ca-448e-b27b-c5efaa15a61c___YLCV_NREC 2482.JPG,Tomato__Tomato_YellowLeaf__Curl_Virus,PlantVillage external crop disease dataset
data/PlantVillage/Tomato_Early_blight/20a276c8-90b5-475f-811b-1d63f34f1c10___RS_Erly.B 9551.JPG,Tomato_Early_blight,PlantVillage external crop disease dataset
data/PlantVillage/Tomato_healthy/1d8bb370-3c10-4806-b2ff-1621e21355ba___RS_HL 9882.JPG,Tomato_healthy,PlantVillage external crop disease dataset
data/PlantVillage/Tomato_Early_blight/2ab7f21e-4a55-4895-acdb-5f161167a0f1___RS_Erly.B 8318.JPG,Tomato_Early_blight,PlantVillage external crop disease dataset
data/PlantVillage/Tomato_Spider_mites_Two_spotted_spider_mite/0db2da38-8650-461a-a785-814cc442f44d___Com.G_SpM_FL 1378.JPG,Tomato_Spider_mites_Two_spotted_spider_mite,PlantVillage external crop disease dataset
data/PlantVillage/Tomato__Tomato_YellowLeaf__Curl_Virus/07814785-df21-4b4c-9e52-b43131eaaa76___UF.GRC_YLCV_Lab 09327.JPG,Tomato__Tomato_YellowLeaf__Curl_Virus,PlantVillage external crop disease dataset
data/PlantVillage/PlantVillage/Pepper__bell___Bacterial_spot/42ef264d-f255-4674-885a-0921a0e7f649___JR_B.Spot 9022.JPG,PlantVillage,PlantVillage external crop disease dataset
data/PlantVillage/Tomato__Tomato_YellowLeaf__Curl_Virus/00139ae8-d881-4edb-925f-46584b0bd68c___YLCV_NREC 2944.JPG,Tomato__Tomato_YellowLeaf__Curl_Virus,PlantVillage external crop disease dataset
data/PlantVillage/Tomato__Tomato_mosaic_virus/146eaf68-7f61-4717-ac81-2f8bb4533fec___PSU_CG 2406.JPG,Tomato__Tomato_mosaic_virus,PlantVillage external crop disease dataset
data/PlantVillage/Tomato_Spider_mites_Two_spotted_spider_mite/264feee4-5e1c-4bd4-94d8-7b27da8940d7___Com.G_SpM_FL 1613.JPG,Tomato_Spider_mites_Two_spotted_spider_mite,PlantVillage external crop disease dataset
data/PlantVillage/PlantVillage/Pepper__bell___Bacterial_spot/1aeb4d06-0069-4fea-be9f-3200ac2e9373___NREC_B.Spot 1909.JPG,PlantVillage,PlantVillage external crop disease dataset
data/PlantVillage/Tomato_Septoria_leaf_spot/286a4fc5-4657-472f-bcbe-dbf38e94bb8e___JR_Sept.L.S 8417.JPG,Tomato_Septoria_leaf_spot,PlantVillage external crop disease dataset
data/PlantVillage/PlantVillage/Pepper__bell___Bacterial_spot/1f838b54-c372-4b51-b398-6988377b2218___JR_B.Spot 8977.JPG,PlantVillage,PlantVillage external crop disease dataset
data/PlantVillage/Potato___Early_blight/4a7c680d-9c18-4065-a6e0-70cd2d0a3207___RS_Early.B 8107.JPG,Potato___Early_blight,PlantVillage external crop disease dataset
data/PlantVillage/Tomato_Bacterial_spot/16899432-0c58-4c00-a212-f24faed4d040___GCREC_Bact.Sp 2981.JPG,Tomato_Bacterial_spot,PlantVillage external crop disease dataset
data/PlantVillage/Tomato_healthy/25080b1c-6c0f-4b11-bb31-b5cfb2429395___GH_HL Leaf 238.JPG,Tomato_healthy,PlantVillage external crop disease dataset
data/PlantVillage/Tomato_Bacterial_spot/01f13167-f508-4ef2-8720-4e973438f8fc___GCREC_Bact.Sp 5892.JPG,Tomato_Bacterial_spot,PlantVillage external crop disease dataset
data/PlantVillage/Potato___Early_blight/2b8cfa81-e20f-4c28-b403-2cec2e5c0f2a___RS_Early.B 8145.JPG,Potato___Early_blight,PlantVillage external crop disease dataset
data/PlantVillage/Tomato_Late_blight/231be16a-304a-48ce-a243-0b4d95c59681___GHLB2 Leaf 121.2.JPG,Tomato_Late_blight,PlantVillage external crop disease dataset
data/PlantVillage/Tomato_Late_blight/06a7cfd9-0992-4020-8a11-79249d657c0c___GHLB2 Leaf 131.JPG,Tomato_Late_blight,PlantVillage external crop disease dataset
data/PlantVillage/Potato___Early_blight/4f20f0e5-b870-414c-99a0-136575a61ce5___RS_Early.B 6724.JPG,Potato___Early_blight,PlantVillage external crop disease dataset
data/PlantVillage/Tomato__Tomato_mosaic_virus/bd22aa4a-ea90-41af-862d-7e887eb57a00___PSU_CG 2416.JPG,Tomato__Tomato_mosaic_virus,PlantVillage external crop disease dataset
data/PlantVillage/Tomato_Early_blight/394ebb8a-49b8-4122-bd81-f3c862491db9___RS_Erly.B 7513.JPG,Tomato_Early_blight,PlantVillage external crop disease dataset
data/PlantVillage/Potato___Early_blight/2b982641-10ea-4426-874f-509e6377ff59___RS_Early.B 7663.JPG,Potato___Early_blight,PlantVillage external crop disease dataset
data/PlantVillage/Tomato_Leaf_Mold/0857ce1f-5347-493a-acd9-77b698950b45___Crnl_L.Mold 6748.JPG,Tomato_Leaf_Mold,PlantVillage external crop disease dataset
data/PlantVillage/Tomato__Tomato_mosaic_virus/b32647fc-d502-4bb4-99f6-3003874daee4___PSU_CG 2246.JPG,Tomato__Tomato_mosaic_virus,PlantVillage external crop disease dataset
data/PlantVillage/Tomato_Late_blight/2482cadb-d097-4091-8b10-099abca71a72___RS_Late.B 5078.JPG,Tomato_Late_blight,PlantVillage external crop disease dataset
data/PlantVillage/Tomato_Leaf_Mold/080ae890-cc9c-487e-94a2-f3bcc7decb32___Crnl_L.Mold 7043.JPG,Tomato_Leaf_Mold,PlantVillage external crop disease dataset
data/PlantVillage/Tomato__Target_Spot/05afadf4-12e7-478e-bb0c-334e2bf553f3___Com.G_TgS_FL 0744.JPG,Tomato__Target_Spot,PlantVillage external crop disease dataset
data/PlantVillage/Tomato_Early_blight/29fb6588-a368-4143-9cdd-8a131f0d50f4___RS_Erly.B 7779.JPG,Tomato_Early_blight,PlantVillage external crop disease dataset
data/PlantVillage/Tomato__Tomato_mosaic_virus/6881c9a5-04b2-41c3-b29f-1ca04bd73967___PSU_CG 2390.JPG,Tomato__Tomato_mosaic_virus,PlantVillage external crop disease dataset
data/PlantVillage/Tomato_Bacterial_spot/1e982ff7-1d2f-43e9-9c10-8735b84de1aa___GCREC_Bact.Sp 3329.JPG,Tomato_Bacterial_spot,PlantVillage external crop disease dataset
data/PlantVillage/Tomato__Target_Spot/0c2bd887-092f-410d-ac56-9b96110665c8___Com.G_TgS_FL 8285.JPG,Tomato__Target_Spot,PlantVillage external crop disease dataset
data/PlantVillage/Tomato_Early_blight/25430871-a740-4dd8-a836-bf2d52eb233b___RS_Erly.B 6420.JPG,Tomato_Early_blight,PlantVillage external crop disease dataset
data/PlantVillage/PlantVillage/Pepper__bell___Bacterial_spot/41b84d9f-07b5-49a9-b928-b9be65ea5e3d___JR_B.Spot 3153.JPG,PlantVillage,PlantVillage external crop disease dataset
data/PlantVillage/Potato___Early_blight/1b0a2898-00b9-4a12-b4dc-a89b77b9e8b7___RS_Early.B 6928.JPG,Potato___Early_blight,PlantVillage external crop disease dataset
data/PlantVillage/Tomato_healthy/0e3feb72-86e5-41c2-a7ca-3295800e5777___RS_HL 0158.JPG,Tomato_healthy,PlantVillage external crop disease dataset
data/PlantVillage/Pepper__bell___healthy/322bea7e-a6c3-4c86-99f5-76c2225243cc___JR_HL 5929.JPG,Pepper__bell___healthy,PlantVillage external crop disease dataset
data/PlantVillage/Tomato__Tomato_mosaic_virus/006e354b-c054-4b72-a83c-e3feb038942e___PSU_CG 2330.JPG,Tomato__Tomato_mosaic_virus,PlantVillage external crop disease dataset
data/PlantVillage/Tomato_Spider_mites_Two_spotted_spider_mite/08672d79-7f11-4900-9e12-aad35778f463___Com.G_SpM_FL 8753.JPG,Tomato_Spider_mites_Two_spotted_spider_mite,PlantVillage external crop disease dataset
data/PlantVillage/Pepper__bell___healthy/2fefe600-7bb1-4edd-86e7-0847c9e0e33c___JR_HL 8750.JPG,Pepper__bell___healthy,PlantVillage external crop disease dataset
data/PlantVillage/Tomato_Early_blight/0e03c87e-b43f-4cfe-a837-71306c68f4c0___RS_Erly.B 7733.JPG,Tomato_Early_blight,PlantVillage external crop disease dataset
data/PlantVillage/Tomato_Late_blight/0d7a68e9-3df0-4ef8-88f7-c0a202725c5d___RS_Late.B 6787.JPG,Tomato_Late_blight,PlantVillage external crop disease dataset
data/PlantVillage/Tomato_Leaf_Mold/4babadaf-7d3f-4cc8-8179-05d86893dd97___Crnl_L.Mold 9096.JPG,Tomato_Leaf_Mold,PlantVillage external crop disease dataset
data/PlantVillage/Tomato__Tomato_YellowLeaf__Curl_Virus/00e8f0db-abfd-4991-b51f-b87ab7e24612___YLCV_GCREC 2519.JPG,Tomato__Tomato_YellowLeaf__Curl_Virus,PlantVillage external crop disease dataset
data/PlantVillage/Tomato_healthy/16f3a461-aafc-49e9-8973-39a52190985a___RS_HL 9803.JPG,Tomato_healthy,PlantVillage external crop disease dataset
data/PlantVillage/Pepper__bell___Bacterial_spot/3d87a319-d032-4bac-9b6c-0160a23531b9___NREC_B.Spot 1853.JPG,Pepper__bell___Bacterial_spot,PlantVillage external crop disease dataset
data/PlantVillage/Tomato_Spider_mites_Two_spotted_spider_mite/0ade19e4-c48b-4e58-bddf-153d44d48c3e___Com.G_SpM_FL 9449.JPG,Tomato_Spider_mites_Two_spotted_spider_mite,PlantVillage external crop disease dataset
data/PlantVillage/Potato___Late_blight/12d72127-7880-4481-b3c6-caff04116a86___RS_LB 2632.JPG,Potato___Late_blight,PlantVillage external crop disease dataset
data/PlantVillage/Pepper__bell___healthy/1a629a1c-1000-48ce-a7d8-2064aa7e24ae___JR_HL 6001.JPG,Pepper__bell___healthy,PlantVillage external crop disease dataset
data/PlantVillage/Tomato_healthy/1b855a60-d30c-4ed9-8f25-cffe523b436b___GH_HL Leaf 249.1.JPG,Tomato_healthy,PlantVillage external crop disease dataset
data/PlantVillage/Tomato_Late_blight/1c0bc46f-d72f-4826-9cb4-8879d80cac73___GHLB2 Leaf 9012.JPG,Tomato_Late_blight,PlantVillage external crop disease dataset
data/PlantVillage/Tomato__Tomato_YellowLeaf__Curl_Virus/0e05041e-0302-4a10-ab94-73b92e360540___YLCV_GCREC 2538.JPG,Tomato__Tomato_YellowLeaf__Curl_Virus,PlantVillage external crop disease dataset
data/PlantVillage/Tomato_Early_blight/313ff9e3-e43c-45b6-9879-b76a1e040eef___RS_Erly.B 8454.JPG,Tomato_Early_blight,PlantVillage external crop disease dataset
data/PlantVillage/Potato___Early_blight/43ddad18-d70a-49d3-97d6-9a5f82ddeecd___RS_Early.B 9069.JPG,Potato___Early_blight,PlantVillage external crop disease dataset
data/PlantVillage/Tomato__Target_Spot/1fb8b2d9-f0ac-4af2-8ac7-9304558a88e8___Com.G_TgS_FL 7998.JPG,Tomato__Target_Spot,PlantVillage external crop disease dataset
data/PlantVillage/Potato___Early_blight/2771e005-3cb4-4e12-8868-80adca5ce02a___RS_Early.B 8640.JPG,Potato___Early_blight,PlantVillage external crop disease dataset
data/PlantVillage/PlantVillage/Pepper__bell___Bacterial_spot/28f23e77-e556-40c8-8bc2-835227732de2___JR_B.Spot 8848.JPG,PlantVillage,PlantVillage external crop disease dataset
data/PlantVillage/Tomato__Tomato_mosaic_virus/42896f16-bf4c-4db1-b488-08d830dff66b___PSU_CG 2341.JPG,Tomato__Tomato_mosaic_virus,PlantVillage external crop disease dataset
data/PlantVillage/Pepper__bell___Bacterial_spot/0576dd21-3958-46a5-ab99-f9865371bd1a___NREC_B.Spot 1957.JPG,Pepper__bell___Bacterial_spot,PlantVillage external crop disease dataset
data/PlantVillage/Tomato_Late_blight/048eddf2-6142-4031-b23a-654cc3803d01___RS_Late.B 6097.JPG,Tomato_Late_blight,PlantVillage external crop disease dataset
data/PlantVillage/Pepper__bell___healthy/2accd1d7-e6b4-4114-9f8b-11130d583320___JR_HL 8841.JPG,Pepper__bell___healthy,PlantVillage external crop disease dataset
data/PlantVillage/Tomato_Bacterial_spot/02dfe58f-0ad1-4bf6-838a-e145978b1eed___GCREC_Bact.Sp 5841.JPG,Tomato_Bacterial_spot,PlantVillage external crop disease dataset
data/PlantVillage/Potato___Early_blight/38a72c90-ed53-4432-b625-01c1f962f791___RS_Early.B 7302.JPG,Potato___Early_blight,PlantVillage external crop disease dataset
data/PlantVillage/Tomato_Spider_mites_Two_spotted_spider_mite/0a167675-0317-4105-b885-b707b6ea52cf___Com.G_SpM_FL 9327.JPG,Tomato_Spider_mites_Two_spotted_spider_mite,PlantVillage external crop disease dataset
data/PlantVillage/Tomato_Leaf_Mold/465b62a2-faff-4309-a9c7-1ac7663f47fd___Crnl_L.Mold 6964.JPG,Tomato_Leaf_Mold,PlantVillage external crop disease dataset
data/PlantVillage/Tomato__Target_Spot/1d51081c-bd57-42aa-9a2b-c394912e87c7___Com.G_TgS_FL 9740.JPG,Tomato__Target_Spot,PlantVillage external crop disease dataset
data/PlantVillage/Potato___Early_blight/08194ca3-f0b2-4aaa-8df8-5ec5ddc6696a___RS_Early.B 8151.JPG,Potato___Early_blight,PlantVillage external crop disease dataset
data/PlantVillage/Potato___Late_blight/3f6bce87-fb66-44fb-8e76-e282af4869b9___RS_LB 3013.JPG,Potato___Late_blight,PlantVillage external crop disease dataset
data/PlantVillage/Tomato__Target_Spot/0e9c0af8-facc-4240-b498-41f8004c8061___Com.G_TgS_FL 0915.JPG,Tomato__Target_Spot,PlantVillage external crop disease dataset
data/PlantVillage/Tomato_Bacterial_spot/180f9ef5-6709-4660-8444-617bf357106a___GCREC_Bact.Sp 5726.JPG,Tomato_Bacterial_spot,PlantVillage external crop disease dataset
data/PlantVillage/Tomato_healthy/23a4712e-8805-43f7-9ae4-655d1c4799b0___RS_HL 0619.JPG,Tomato_healthy,PlantVillage external crop disease dataset
data/PlantVillage/Potato___Early_blight/41eccd84-6a67-4b04-ae69-59c1bcf17728___RS_Early.B 7964.JPG,Potato___Early_blight,PlantVillage external crop disease dataset
data/PlantVillage/Tomato__Target_Spot/29290d4b-f5ac-4c05-9408-60a0e5fcf867___Com.G_TgS_FL 1009.JPG,Tomato__Target_Spot,PlantVillage external crop disease dataset
data/PlantVillage/Pepper__bell___healthy/2853ccb3-5c5e-49b9-a2ff-988224505f23___JR_HL 7851.JPG,Pepper__bell___healthy,PlantVillage external crop disease dataset
data/PlantVillage/Tomato_Early_blight/4283992b-ab8a-41aa-baeb-17a5b0f75af1___RS_Erly.B 7621.JPG,Tomato_Early_blight,PlantVillage external crop disease dataset
data/PlantVillage/Tomato_Septoria_leaf_spot/17c7e5bd-f44e-4dbd-9cd0-f0dbcc654306___JR_Sept.L.S 8557.JPG,Tomato_Septoria_leaf_spot,PlantVillage external crop disease dataset
data/PlantVillage/Potato___Early_blight/3b1e3161-b02e-4aa0-a490-8a50c242d10e___RS_Early.B 8553.JPG,Potato___Early_blight,PlantVillage external crop disease dataset
data/PlantVillage/Tomato_Leaf_Mold/17ea3930-bd36-4e02-8bef-91511c6a716e___Crnl_L.Mold 6862.JPG,Tomato_Leaf_Mold,PlantVillage external crop disease dataset
data/PlantVillage/Tomato_Septoria_leaf_spot/08233234-a3af-4040-8814-eb13f89802dd___Keller.St_CG 2009.JPG,Tomato_Septoria_leaf_spot,PlantVillage external crop disease dataset
data/PlantVillage/Tomato_Bacterial_spot/1eb86f3d-7d18-41b8-b33c-807662b2d2df___GCREC_Bact.Sp 5555.JPG,Tomato_Bacterial_spot,PlantVillage external crop disease dataset
data/PlantVillage/Tomato_healthy/2d6ecece-b67e-42f1-924b-3a5dbd95d5ef___RS_HL 0282.JPG,Tomato_healthy,PlantVillage external crop disease dataset
data/PlantVillage/Tomato_Bacterial_spot/0740bf94-09c3-4718-8375-6ceed7db97a3___GCREC_Bact.Sp 3628.JPG,Tomato_Bacterial_spot,PlantVillage external crop disease dataset
data/PlantVillage/Potato___Early_blight/29922d76-0eda-4e7c-89af-7688c656bfdd___RS_Early.B 8353.JPG,Potato___Early_blight,PlantVillage external crop disease dataset
data/PlantVillage/Potato___Late_blight/36d2885d-0bc7-4346-8a13-383e1533a68c___RS_LB 5098.JPG,Potato___Late_blight,PlantVillage external crop disease dataset
data/PlantVillage/Pepper__bell___Bacterial_spot/315668fd-452d-43c1-8a63-e3b4d3d634a7___JR_B.Spot 3097.JPG,Pepper__bell___Bacterial_spot,PlantVillage external crop disease dataset
data/PlantVillage/PlantVillage/Pepper__bell___Bacterial_spot/4702d273-50d0-4b7c-b759-7ef62cdb441f___NREC_B.Spot 1828.JPG,PlantVillage,PlantVillage external crop disease dataset
data/PlantVillage/Tomato_Early_blight/30f2c918-bb60-4d4f-b171-7fecdfac7cac___RS_Erly.B 9543.JPG,Tomato_Early_blight,PlantVillage external crop disease dataset
data/PlantVillage/Potato___healthy/3f369e63-81eb-4194-a145-df9ed91abc5d___RS_HL 1745.JPG,Potato___healthy,PlantVillage external crop disease dataset
data/PlantVillage/Pepper__bell___Bacterial_spot/46372226-cfbe-4206-951b-93b8b411d2e7___JR_B.Spot 8890.JPG,Pepper__bell___Bacterial_spot,PlantVillage external crop disease dataset
data/PlantVillage/Tomato_Septoria_leaf_spot/0751ddb1-c3ee-46ee-bee1-46c24c567dc2___Matt.S_CG 6116.JPG,Tomato_Septoria_leaf_spot,PlantVillage external crop disease dataset
data/PlantVillage/Tomato_Leaf_Mold/38abb8ca-88ca-4f79-8521-ccbff4819c97___Crnl_L.Mold 9170.JPG,Tomato_Leaf_Mold,PlantVillage external crop disease dataset
data/PlantVillage/Tomato_Early_blight/1bb0101c-d0a4-41a5-85b9-6e8634d01a36___RS_Erly.B 9585.JPG,Tomato_Early_blight,PlantVillage external crop disease dataset
data/PlantVillage/Pepper__bell___Bacterial_spot/11b85334-0029-430e-873d-9402bd9e5e9f___JR_B.Spot 9031.JPG,Pepper__bell___Bacterial_spot,PlantVillage external crop disease dataset
data/PlantVillage/Tomato_Bacterial_spot/00b7e89a-e129-4576-b51f-48923888bff9___GCREC_Bact.Sp 6202.JPG,Tomato_Bacterial_spot,PlantVillage external crop disease dataset
data/PlantVillage/Pepper__bell___Bacterial_spot/2d553272-2101-4d56-9819-9f08de938418___NREC_B.Spot 9087.JPG,Pepper__bell___Bacterial_spot,PlantVillage external crop disease dataset
data/PlantVillage/Tomato__Target_Spot/19f500f4-67a4-48ab-ba8d-e9cebbc5352d___Com.G_TgS_FL 7897.JPG,Tomato__Target_Spot,PlantVillage external crop disease dataset
data/PlantVillage/Tomato_healthy/1ca3c77d-13d8-43cc-929f-9c3a79e5dd1b___RS_HL 0250.JPG,Tomato_healthy,PlantVillage external crop disease dataset
data/PlantVillage/Tomato_Septoria_leaf_spot/0cba2d69-c73b-472b-9fc1-beca9b3f02a0___JR_Sept.L.S 8369.JPG,Tomato_Septoria_leaf_spot,PlantVillage external crop disease dataset
data/PlantVillage/Tomato_Leaf_Mold/35343df4-2017-47f9-a5ef-d08bd52dfd7c___Crnl_L.Mold 8827.JPG,Tomato_Leaf_Mold,PlantVillage external crop disease dataset
data/PlantVillage/Tomato_Early_blight/24379205-969e-4cd0-9232-176c83364d60___RS_Erly.B 7617.JPG,Tomato_Early_blight,PlantVillage external crop disease dataset
data/PlantVillage/Pepper__bell___Bacterial_spot/05287bcb-610b-440f-9337-c4ce98bc3bbe___JR_B.Spot 3327.JPG,Pepper__bell___Bacterial_spot,PlantVillage external crop disease dataset
data/PlantVillage/Pepper__bell___healthy/09c7fa21-c544-4a90-86ec-c56d3996602d___JR_HL 8578.JPG,Pepper__bell___healthy,PlantVillage external crop disease dataset
data/PlantVillage/Potato___Late_blight/42451eb3-fb45-4b9a-8dd3-c9b9aa3a29c8___RS_LB 4340.JPG,Potato___Late_blight,PlantVillage external crop disease dataset
data/PlantVillage/Pepper__bell___healthy/075e9bdc-4921-440b-948d-83f30151317c___JR_HL 7958.JPG,Pepper__bell___healthy,PlantVillage external crop disease dataset
data/PlantVillage/Tomato_Septoria_leaf_spot/1ab6abd3-f48e-4176-9871-84e611f5b53f___Matt.S_CG 1363.JPG,Tomato_Septoria_leaf_spot,PlantVillage external crop disease dataset
data/PlantVillage/Tomato_Late_blight/0da23640-656e-4f03-be14-4b4b36811861___GHLB2 Leaf 9072.JPG,Tomato_Late_blight,PlantVillage external crop disease dataset
data/PlantVillage/Potato___healthy/56ae1281-5ee5-4f2a-8678-c2e4491878c6___RS_HL 1869.JPG,Potato___healthy,PlantVillage external crop disease dataset
data/PlantVillage/Potato___Late_blight/00b1f292-23dd-44d4-aad3-c1ffb6a6ad5a___RS_LB 4479.JPG,Potato___Late_blight,PlantVillage external crop disease dataset
data/PlantVillage/Pepper__bell___Bacterial_spot/377f30e6-bf06-41d6-885e-85bfe5146a9b___NREC_B.Spot 9072.JPG,Pepper__bell___Bacterial_spot,PlantVillage external crop disease dataset
data/PlantVillage/Tomato__Tomato_YellowLeaf__Curl_Virus/01717e9f-ac1b-4d16-8c9d-4ad09e95d832___YLCV_NREC 2463.JPG,Tomato__Tomato_YellowLeaf__Curl_Virus,PlantVillage external crop disease dataset
data/PlantVillage/Potato___Early_blight/12f7b8bd-7aab-48de-ba2e-d2562408542f___RS_Early.B 7386.JPG,Potato___Early_blight,PlantVillage external crop disease dataset
data/PlantVillage/Potato___healthy/57e24d88-fd01-4422-b8b5-d688d2296184___RS_HL 5401.JPG,Potato___healthy,PlantVillage external crop disease dataset
data/PlantVillage/Tomato__Tomato_mosaic_virus/9563b3bb-b942-4d32-9582-0b4021aaf116___PSU_CG 2229.JPG,Tomato__Tomato_mosaic_virus,PlantVillage external crop disease dataset
data/PlantVillage/Tomato__Tomato_YellowLeaf__Curl_Virus/04d1d26d-181b-4f7a-b586-44aefe1c9af9___YLCV_NREC 0286.JPG,Tomato__Tomato_YellowLeaf__Curl_Virus,PlantVillage external crop disease dataset
data/PlantVillage/Tomato_Spider_mites_Two_spotted_spider_mite/0a7714a4-530b-49e0-821f-be8d33c588ac___Com.G_SpM_FL 1775.JPG,Tomato_Spider_mites_Two_spotted_spider_mite,PlantVillage external crop disease dataset
data/PlantVillage/Tomato_Spider_mites_Two_spotted_spider_mite/2bc44ebe-0c50-4e13-b174-c7af34098ed9___Com.G_SpM_FL 9399.JPG,Tomato_Spider_mites_Two_spotted_spider_mite,PlantVillage external crop disease dataset
data/PlantVillage/Tomato__Target_Spot/0b0e5158-180e-487c-b4a7-1ee496473147___Com.G_TgS_FL 9932.JPG,Tomato__Target_Spot,PlantVillage external crop disease dataset
data/PlantVillage/Potato___healthy/111cd9d8-4d27-4225-be9e-d29b21cf56b9___RS_HL 5419.JPG,Potato___healthy,PlantVillage external crop disease dataset
data/PlantVillage/Tomato_Early_blight/42a9a952-29d4-4a66-9dd9-65ebaac0db93___RS_Erly.B 7815.JPG,Tomato_Early_blight,PlantVillage external crop disease dataset
data/PlantVillage/Tomato__Target_Spot/26150f8e-52df-4b1e-b37c-01f3cfc8d746___Com.G_TgS_FL 9958.JPG,Tomato__Target_Spot,PlantVillage external crop disease dataset
data/PlantVillage/PlantVillage/Pepper__bell___Bacterial_spot/4617631e-a75a-4cd0-a1f5-c06ed41a182a___JR_B.Spot 3281.JPG,PlantVillage,PlantVillage external crop disease dataset
data/PlantVillage/Tomato__Target_Spot/359abcae-1893-4382-9d85-994affce4d66___Com.G_TgS_FL 8231.JPG,Tomato__Target_Spot,PlantVillage external crop disease dataset
data/PlantVillage/Tomato_Spider_mites_Two_spotted_spider_mite/0f94b000-c54f-45c1-b976-22cb57dda0c4___Com.G_SpM_FL 9640.JPG,Tomato_Spider_mites_Two_spotted_spider_mite,PlantVillage external crop disease dataset
data/PlantVillage/Tomato_Bacterial_spot/1a47b569-a868-4a45-ad81-eec12a9dae7a___GCREC_Bact.Sp 6148.JPG,Tomato_Bacterial_spot,PlantVillage external crop disease dataset
data/PlantVillage/Tomato_Septoria_leaf_spot/15de3678-aed3-4887-8bba-6cf5e1efdde0___Matt.S_CG 1317.JPG,Tomato_Septoria_leaf_spot,PlantVillage external crop disease dataset
data/PlantVillage/Pepper__bell___Bacterial_spot/168a11c9-159b-468c-a6d9-07d0b61c42c9___JR_B.Spot 3193.JPG,Pepper__bell___Bacterial_spot,PlantVillage external crop disease dataset
data/PlantVillage/Tomato_healthy/063d05a7-1a53-4631-818d-44b34126974e___GH_HL Leaf 453.JPG,Tomato_healthy,PlantVillage external crop disease dataset
data/PlantVillage/Pepper__bell___healthy/2d93ee5a-6562-49c4-82fd-f5fbc950f4df___JR_HL 5943.JPG,Pepper__bell___healthy,PlantVillage external crop disease dataset
data/PlantVillage/Pepper__bell___Bacterial_spot/2d5def2a-c79d-444e-88be-a5961c9107d0___JR_B.Spot 3249.JPG,Pepper__bell___Bacterial_spot,PlantVillage external crop disease dataset
data/PlantVillage/Tomato_healthy/221b0575-215a-430d-a728-60020b7ad160___GH_HL Leaf 340.JPG,Tomato_healthy,PlantVillage external crop disease dataset
data/PlantVillage/Tomato__Target_Spot/068f872e-1b06-423a-8f37-40e75ac14b97___Com.G_TgS_FL 0879.JPG,Tomato__Target_Spot,PlantVillage external crop disease dataset
data/PlantVillage/Tomato_Septoria_leaf_spot/145dca9b-2a53-42a9-bc14-5089ff8cd5ed___JR_Sept.L.S 2643.JPG,Tomato_Septoria_leaf_spot,PlantVillage external crop disease dataset
data/PlantVillage/Pepper__bell___healthy/32aa6f21-cdb9-41a8-8135-cd07c9341b25___JR_HL 5961.JPG,Pepper__bell___healthy,PlantVillage external crop disease dataset
data/PlantVillage/Potato___Late_blight/1e3e04cc-3778-4d78-b8f9-d60faa0534b0___RS_LB 5246.JPG,Potato___Late_blight,PlantVillage external crop disease dataset
data/PlantVillage/Tomato_Septoria_leaf_spot/11971add-1e25-4f5c-8a7e-2fa5ae46cfc6___Matt.S_CG 0740.JPG,Tomato_Septoria_leaf_spot,PlantVillage external crop disease dataset
data/PlantVillage/Tomato_Septoria_leaf_spot/1764aae7-ae4b-45f9-b364-23cd799cee12___JR_Sept.L.S 8458.JPG,Tomato_Septoria_leaf_spot,PlantVillage external crop disease dataset
data/PlantVillage/Tomato_Spider_mites_Two_spotted_spider_mite/0b437fa8-c1c8-45f4-b608-bdc6f7e09f84___Com.G_SpM_FL 1137.JPG,Tomato_Spider_mites_Two_spotted_spider_mite,PlantVillage external crop disease dataset
data/PlantVillage/Tomato__Target_Spot/3015f64d-6fe8-4673-948a-9bdb854ce207___Com.G_TgS_FL 9972.JPG,Tomato__Target_Spot,PlantVillage external crop disease dataset
data/PlantVillage/Pepper__bell___Bacterial_spot/080b107a-192f-40ce-8942-d8ccca8dfc52___NREC_B.Spot 1872.JPG,Pepper__bell___Bacterial_spot,PlantVillage external crop disease dataset
data/PlantVillage/Tomato_Late_blight/151c010a-021f-459d-a456-63ebaf19b2d5___GHLB2 Leaf 9104.JPG,Tomato_Late_blight,PlantVillage external crop disease dataset
data/PlantVillage/Potato___Early_blight/4eacc117-bab5-40ff-bde0-dbc6b2a35822___RS_Early.B 7999.JPG,Potato___Early_blight,PlantVillage external crop disease dataset
data/PlantVillage/Potato___Early_blight/450b4a32-39ae-4daa-aeb6-87559afb0b42___RS_Early.B 9202.JPG,Potato___Early_blight,PlantVillage external crop disease dataset
data/PlantVillage/Tomato__Tomato_YellowLeaf__Curl_Virus/0402077e-1231-48b4-8aa6-3a9c492dc7e6___YLCV_GCREC 2163.JPG,Tomato__Tomato_YellowLeaf__Curl_Virus,PlantVillage external crop disease dataset
data/PlantVillage/Tomato_Early_blight/13e96f82-68c6-4331-9b05-92a6767a400b___RS_Erly.B 9502.JPG,Tomato_Early_blight,PlantVillage external crop disease dataset
data/PlantVillage/Tomato_Early_blight/3b1caf5d-9b90-4adc-bde6-8a16af479f0a___RS_Erly.B 8270.JPG,Tomato_Early_blight,PlantVillage external crop disease dataset
data/PlantVillage/Tomato_Bacterial_spot/1d2bcd85-fdb7-4294-ba11-eb58373b4474___GCREC_Bact.Sp 3092.JPG,Tomato_Bacterial_spot,PlantVillage external crop disease dataset
data/PlantVillage/Tomato_Septoria_leaf_spot/1f01e6fc-e4a2-4f40-bd17-bb3852cef631___Keller.St_CG 1825.JPG,Tomato_Septoria_leaf_spot,PlantVillage external crop disease dataset
data/PlantVillage/Potato___healthy/9b5be0c5-7d7e-493d-88ba-c721c85f73ca___RS_HL 5405.JPG,Potato___healthy,PlantVillage external crop disease dataset
data/PlantVillage/Tomato_Leaf_Mold/19547a57-651f-4f9c-b1df-a4ce5b5fdffd___Crnl_L.Mold 8731.JPG,Tomato_Leaf_Mold,PlantVillage external crop disease dataset
data/PlantVillage/Tomato_Bacterial_spot/1c34f218-4416-44ad-b6dc-81b8fc1e10a8___GCREC_Bact.Sp 6381.JPG,Tomato_Bacterial_spot,PlantVillage external crop disease dataset
data/PlantVillage/Tomato_Spider_mites_Two_spotted_spider_mite/187be065-ec6f-4e93-a647-e7385dca9272___Com.G_SpM_FL 9305.JPG,Tomato_Spider_mites_Two_spotted_spider_mite,PlantVillage external crop disease dataset
data/PlantVillage/Potato___healthy/30937333-8898-4634-8c00-af57d3020ba6___RS_HL 1922.JPG,Potato___healthy,PlantVillage external crop disease dataset
data/PlantVillage/Potato___healthy/a3ec91aa-8503-4711-a912-0d1427e25686___RS_HL 5409.JPG,Potato___healthy,PlantVillage external crop disease dataset
data/PlantVillage/Potato___Late_blight/49ffd4fb-07ef-4377-9f14-3648deaa8dd2___RS_LB 4453.JPG,Potato___Late_blight,PlantVillage external crop disease dataset
data/PlantVillage/Tomato__Tomato_mosaic_virus/9c96bbe3-5599-4e31-996f-ae37d75872f5___PSU_CG 2215.JPG,Tomato__Tomato_mosaic_virus,PlantVillage external crop disease dataset
data/PlantVillage/Potato___healthy/5a3fc4bb-a78c-4276-8934-f0b037ffb860___RS_HL 5412.JPG,Potato___healthy,PlantVillage external crop disease dataset
data/PlantVillage/Tomato_Leaf_Mold/2aa4f976-9ac1-496d-9b58-0ec03e4bbad8___Crnl_L.Mold 7067.JPG,Tomato_Leaf_Mold,PlantVillage external crop disease dataset
data/PlantVillage/Tomato_Leaf_Mold/13fa2773-ccce-4f1d-85cd-e5cb2c3b6c72___Crnl_L.Mold 8996.JPG,Tomato_Leaf_Mold,PlantVillage external crop disease dataset
data/PlantVillage/Pepper__bell___healthy/2359f487-7e4a-4480-a788-72fbc570afba___JR_HL 7739.JPG,Pepper__bell___healthy,PlantVillage external crop disease dataset
data/PlantVillage/Tomato_healthy/1a972145-610d-4efe-96e7-e0253c4ece4a___GH_HL Leaf 237.1.JPG,Tomato_healthy,PlantVillage external crop disease dataset
data/PlantVillage/Potato___Late_blight/4c846678-1c22-4734-b2bf-fb774bf3bb13___RS_LB 4090.JPG,Potato___Late_blight,PlantVillage external crop disease dataset
data/PlantVillage/Tomato__Tomato_mosaic_virus/16f91dc7-59a2-4cc3-b896-64e28bc60ced___PSU_CG 2108.JPG,Tomato__Tomato_mosaic_virus,PlantVillage external crop disease dataset
data/PlantVillage/Potato___Late_blight/21d8b66f-1ea5-48ad-92e2-9f708a969b7f___RS_LB 4097.JPG,Potato___Late_blight,PlantVillage external crop disease dataset
data/PlantVillage/Pepper__bell___healthy/26973212-3931-4a98-909f-4607af0142e2___JR_HL 8131.JPG,Pepper__bell___healthy,PlantVillage external crop disease dataset
data/PlantVillage/Tomato_Leaf_Mold/0bc63b4c-e41b-4338-a8ac-af664048fdbb___Crnl_L.Mold 6913.JPG,Tomato_Leaf_Mold,PlantVillage external crop disease dataset
data/PlantVillage/PlantVillage/Pepper__bell___Bacterial_spot/092b3e29-d29a-482f-9207-3cd5fbed6710___JR_B.Spot 3238.JPG,PlantVillage,PlantVillage external crop disease dataset
data/PlantVillage/Tomato__Tomato_YellowLeaf__Curl_Virus/078713ce-c5a0-4351-adcb-00c481417d34___YLCV_GCREC 2304.JPG,Tomato__Tomato_YellowLeaf__Curl_Virus,PlantVillage external crop disease dataset
data/PlantVillage/Tomato_healthy/16c1b712-2c55-4a8d-899f-cc0e725d4835___GH_HL Leaf 314.JPG,Tomato_healthy,PlantVillage external crop disease dataset
data/PlantVillage/Tomato_healthy/1ebf9add-aa7f-4a84-adbf-67f700f918bc___GH_HL Leaf 437.JPG,Tomato_healthy,PlantVillage external crop disease dataset
data/PlantVillage/Potato___Late_blight/1a18d84a-8811-4806-830f-d10e98b1800e___RS_LB 3919.JPG,Potato___Late_blight,PlantVillage external crop disease dataset
data/PlantVillage/Tomato_Bacterial_spot/23f67e39-1b4b-4296-a8a2-2a15890d0529___GCREC_Bact.Sp 3364.JPG,Tomato_Bacterial_spot,PlantVillage external crop disease dataset
data/PlantVillage/Potato___Early_blight/094fbf4c-da00-4037-82af-03e712d8db47___RS_Early.B 6908.JPG,Potato___Early_blight,PlantVillage external crop disease dataset
data/PlantVillage/Tomato__Target_Spot/1a519d98-24e1-48bc-af8b-1e9c6ede95e8___Com.G_TgS_FL 9678.JPG,Tomato__Target_Spot,PlantVillage external crop disease dataset
data/PlantVillage/Tomato_Leaf_Mold/2ba2d560-919c-48cd-8f98-c4caf8fc37e7___Crnl_L.Mold 8994.JPG,Tomato_Leaf_Mold,PlantVillage external crop disease dataset
data/PlantVillage/Tomato_Bacterial_spot/1061c5d5-6c61-40a6-b8e7-4cc735109f94___GCREC_Bact.Sp 3341.JPG,Tomato_Bacterial_spot,PlantVillage external crop disease dataset
data/PlantVillage/Tomato__Tomato_mosaic_virus/4c518a8d-6ecc-45c2-b14c-f610a400c950___PSU_CG 2370.JPG,Tomato__Tomato_mosaic_virus,PlantVillage external crop disease dataset
data/PlantVillage/Tomato_Late_blight/121097dd-b0cb-436b-9b2f-7dab30c86872___GHLB_PS Leaf 37.1 Day 13.jpg,Tomato_Late_blight,PlantVillage external crop disease dataset
data/PlantVillage/Potato___healthy/38faf81d-c83b-42ca-b4c3-e3bbfa070589___RS_HL 1805.JPG,Potato___healthy,PlantVillage external crop disease dataset
data/PlantVillage/Tomato_Early_blight/42ee69ea-4c2d-4e65-9c66-e3154dd08375___RS_Erly.B 8428.JPG,Tomato_Early_blight,PlantVillage external crop disease dataset
data/PlantVillage/Potato___Early_blight/2b1718b3-c951-4f24-b6ec-4eb7df77c913___RS_Early.B 7475.JPG,Potato___Early_blight,PlantVillage external crop disease dataset
data/PlantVillage/Tomato_healthy/264a08a7-74a4-4492-aff1-8a3ab8b35c46___GH_HL Leaf 314.1.JPG,Tomato_healthy,PlantVillage external crop disease dataset
data/PlantVillage/Tomato__Tomato_mosaic_virus/55e25156-7b0c-43c6-b6f8-37d0b7097a38___PSU_CG 2347.JPG,Tomato__Tomato_mosaic_virus,PlantVillage external crop disease dataset
data/PlantVillage/PlantVillage/Pepper__bell___Bacterial_spot/1044c742-39a0-4b1a-984f-3cb2bdeda94b___NREC_B.Spot 9219.JPG,PlantVillage,PlantVillage external crop disease dataset
data/PlantVillage/PlantVillage/Pepper__bell___Bacterial_spot/4591498b-f2d2-4138-b603-8f734df28c1b___NREC_B.Spot 9063.JPG,PlantVillage,PlantVillage external crop disease dataset
data/PlantVillage/Potato___Early_blight/419611a4-5597-43d6-ae92-c3c09bc549d7___RS_Early.B 7182.JPG,Potato___Early_blight,PlantVillage external crop disease dataset
data/PlantVillage/Pepper__bell___healthy/0354e474-d930-4098-97f8-0acee01817ea___JR_HL 7623.JPG,Pepper__bell___healthy,PlantVillage external crop disease dataset
data/PlantVillage/Pepper__bell___healthy/2a42396f-f9a9-47cc-9dd7-7149faf1e0e2___JR_HL 8544.JPG,Pepper__bell___healthy,PlantVillage external crop disease dataset
data/PlantVillage/Tomato_Early_blight/21ad39db-c205-4220-a7e6-566042e70007___RS_Erly.B 7633.JPG,Tomato_Early_blight,PlantVillage external crop disease dataset
data/PlantVillage/Pepper__bell___healthy/18570bd8-1b60-4773-b618-ef34fe3f602f___JR_HL 5915.JPG,Pepper__bell___healthy,PlantVillage external crop disease dataset
data/PlantVillage/Tomato_Early_blight/2f3c483a-b18d-4571-8c00-fb24f166d328___RS_Erly.B 7667.JPG,Tomato_Early_blight,PlantVillage external crop disease dataset
data/PlantVillage/Potato___Early_blight/0f9c098f-a6df-4a73-8c14-8e7d4dbb1b0b___RS_Early.B 7991.JPG,Potato___Early_blight,PlantVillage external crop disease dataset
data/PlantVillage/Tomato_Spider_mites_Two_spotted_spider_mite/0cc75e2e-9e6f-4b8e-b564-3840c9ecff58___Com.G_SpM_FL 1442.JPG,Tomato_Spider_mites_Two_spotted_spider_mite,PlantVillage external crop disease dataset
data/PlantVillage/Tomato_Septoria_leaf_spot/17387441-89a3-4172-8195-fae50dba7a58___JR_Sept.L.S 2514.JPG,Tomato_Septoria_leaf_spot,PlantVillage external crop disease dataset
data/PlantVillage/Tomato__Tomato_YellowLeaf__Curl_Virus/06614c9d-ed87-4269-a987-03ac3cc41a2d___YLCV_NREC 2086.JPG,Tomato__Tomato_YellowLeaf__Curl_Virus,PlantVillage external crop disease dataset
data/PlantVillage/Tomato_Septoria_leaf_spot/1f55c2e9-67b2-4377-a426-4932a77c3439___Matt.S_CG 7778.JPG,Tomato_Septoria_leaf_spot,PlantVillage external crop disease dataset
data/PlantVillage/Tomato__Target_Spot/10bbf909-db34-43f1-9a05-eaca805eace2___Com.G_TgS_FL 7997.JPG,Tomato__Target_Spot,PlantVillage external crop disease dataset
data/PlantVillage/Tomato_Spider_mites_Two_spotted_spider_mite/13a2ffdb-0bf0-40e2-96f0-d8ce463a73d8___Com.G_SpM_FL 9300.JPG,Tomato_Spider_mites_Two_spotted_spider_mite,PlantVillage external crop disease dataset
data/PlantVillage/Pepper__bell___Bacterial_spot/1b589f92-a658-4e58-96de-db41acc411ce___JR_B.Spot 3239.JPG,Pepper__bell___Bacterial_spot,PlantVillage external crop disease dataset
data/PlantVillage/Potato___Early_blight/334fd34b-f4aa-4cc2-9ac9-8b85df65b96c___RS_Early.B 6773.JPG,Potato___Early_blight,PlantVillage external crop disease dataset
data/PlantVillage/Tomato__Tomato_YellowLeaf__Curl_Virus/04edcd31-202d-43bd-8a61-2985c27e3be3___UF.GRC_YLCV_Lab 01805.JPG,Tomato__Tomato_YellowLeaf__Curl_Virus,PlantVillage external crop disease dataset
data/PlantVillage/Tomato_Leaf_Mold/53853659-7886-4d19-87a0-65318154b8e2___Crnl_L.Mold 8865.JPG,Tomato_Leaf_Mold,PlantVillage external crop disease dataset
data/PlantVillage/Tomato_Bacterial_spot/1120ddb9-d30f-4683-adf6-a30779648b49___GCREC_Bact.Sp 3408.JPG,Tomato_Bacterial_spot,PlantVillage external crop disease dataset
data/PlantVillage/Potato___healthy/b4031970-60ea-4739-9fed-6c81be1bad1c___RS_HL 1752.JPG,Potato___healthy,PlantVillage external crop disease dataset
data/PlantVillage/Tomato_Early_blight/3537d467-9926-49dc-8d11-74a76b196354___RS_Erly.B 7665.JPG,Tomato_Early_blight,PlantVillage external crop disease dataset
data/PlantVillage/Tomato__Tomato_mosaic_virus/59e3d4c3-f6fe-4d68-82a5-d509b810b39d___PSU_CG 2303.JPG,Tomato__Tomato_mosaic_virus,PlantVillage external crop disease dataset
data/PlantVillage/Tomato__Target_Spot/066c4e6b-ec9d-4762-8cad-c0ba4ebd8b44___Com.G_TgS_FL 0825.JPG,Tomato__Target_Spot,PlantVillage external crop disease dataset
data/PlantVillage/Potato___Early_blight/268bb1c3-a714-46af-b6a5-bea66496158c___RS_Early.B 8678.JPG,Potato___Early_blight,PlantVillage external crop disease dataset
data/PlantVillage/Tomato__Tomato_mosaic_virus/b8a9c9dd-fbba-41e2-b75d-7fd7f990cda0___PSU_CG 2185.JPG,Tomato__Tomato_mosaic_virus,PlantVillage external crop disease dataset
data/PlantVillage/Tomato__Tomato_YellowLeaf__Curl_Virus/0bca3405-5d24-4780-a96c-6c51d91c2677___YLCV_NREC 2696.JPG,Tomato__Tomato_YellowLeaf__Curl_Virus,PlantVillage external crop disease dataset
data/PlantVillage/Tomato_Bacterial_spot/12159ce5-93ff-4ef3-b1ca-0bf130278818___GCREC_Bact.Sp 3565.JPG,Tomato_Bacterial_spot,PlantVillage external crop disease dataset
data/PlantVillage/Tomato_Leaf_Mold/0c0debed-e807-4236-a2e3-d9b72f54367f___Crnl_L.Mold 6899.JPG,Tomato_Leaf_Mold,PlantVillage external crop disease dataset
data/PlantVillage/Tomato_Late_blight/0cdd34fe-e8f2-41a7-b634-475338233f87___GHLB2 Leaf 8801.JPG,Tomato_Late_blight,PlantVillage external crop disease dataset
data/PlantVillage/Potato___healthy/f66af6c0-6fc6-4020-b1de-a73685d497c2___RS_HL 4181.JPG,Potato___healthy,PlantVillage external crop disease dataset
data/PlantVillage/Potato___Late_blight/2f419afc-a232-42c7-b0ff-92d928647a0f___RS_LB 4917.JPG,Potato___Late_blight,PlantVillage external crop disease dataset
data/PlantVillage/Tomato_Late_blight/1498c064-8f74-4706-bf27-4761c24b72bd___RS_Late.B 5120.JPG,Tomato_Late_blight,PlantVillage external crop disease dataset
data/PlantVillage/Tomato__Target_Spot/39f19b15-fe5c-427f-8f5b-e4f78ae9bfa8___Com.G_TgS_FL 0821.JPG,Tomato__Target_Spot,PlantVillage external crop disease dataset
data/PlantVillage/Potato___Late_blight/38f1a80d-6961-4763-ada2-7504f388cf2d___RS_LB 3217.JPG,Potato___Late_blight,PlantVillage external crop disease dataset
data/PlantVillage/Tomato__Tomato_YellowLeaf__Curl_Virus/0223bec0-2d13-42aa-b653-3aa3ee502b85___YLCV_GCREC 2507.JPG,Tomato__Tomato_YellowLeaf__Curl_Virus,PlantVillage external crop disease dataset
data/PlantVillage/Tomato_Bacterial_spot/2300bcf2-b682-4be7-a101-e4517c15a32b___GCREC_Bact.Sp 2980.JPG,Tomato_Bacterial_spot,PlantVillage external crop disease dataset
data/PlantVillage/Tomato_Early_blight/29645def-a571-4442-8f95-d7ebf71befde___RS_Erly.B 7751.JPG,Tomato_Early_blight,PlantVillage external crop disease dataset
data/PlantVillage/Tomato_Spider_mites_Two_spotted_spider_mite/04b0cccf-da6f-4ad8-9ff9-0055170a990c___Com.G_SpM_FL 1284.JPG,Tomato_Spider_mites_Two_spotted_spider_mite,PlantVillage external crop disease dataset
data/PlantVillage/Tomato_Septoria_leaf_spot/2a136f24-b2aa-42c6-b70b-78a95761d863___Matt.S_CG 6884.JPG,Tomato_Septoria_leaf_spot,PlantVillage external crop disease dataset
data/PlantVillage/Tomato_Late_blight/05a34df9-4fc9-460a-b675-3c4a37cfdf4c___GHLB2 Leaf 8917.JPG,Tomato_Late_blight,PlantVillage external crop disease dataset
data/PlantVillage/Pepper__bell___healthy/1617abfd-fc69-49b8-b985-06bfec65e2d1___JR_HL 7837.JPG,Pepper__bell___healthy,PlantVillage external crop disease dataset
data/PlantVillage/Tomato__Target_Spot/08359d7b-28c1-44d0-a1d9-320839f30d41___Com.G_TgS_FL 0842.JPG,Tomato__Target_Spot,PlantVillage external crop disease dataset
data/PlantVillage/Tomato_Early_blight/07324d80-17c5-4541-9702-62e9c744ac07___RS_Erly.B 7455.JPG,Tomato_Early_blight,PlantVillage external crop disease dataset
data/PlantVillage/Tomato_Septoria_leaf_spot/2e656e51-9eab-4873-9a8e-f27811215256___Matt.S_CG 2509.JPG,Tomato_Septoria_leaf_spot,PlantVillage external crop disease dataset
data/PlantVillage/Tomato_healthy/0b330273-890c-4995-af72-cba070fc0061___GH_HL Leaf 312.JPG,Tomato_healthy,PlantVillage external crop disease dataset
data/PlantVillage/PlantVillage/Pepper__bell___Bacterial_spot/208c40d0-cdd9-4988-a03a-22755febfafb___JR_B.Spot 8908.JPG,PlantVillage,PlantVillage external crop disease dataset
data/PlantVillage/Tomato_Spider_mites_Two_spotted_spider_mite/12166ab1-12f0-4480-8734-87f8164aa178___Com.G_SpM_FL 8951.JPG,Tomato_Spider_mites_Two_spotted_spider_mite,PlantVillage external crop disease dataset
data/PlantVillage/Tomato__Target_Spot/2a71aaa1-bbbc-4d44-a8b6-8ef1f0ebd8ff___Com.G_TgS_FL 1102.JPG,Tomato__Target_Spot,PlantVillage external crop disease dataset
data/PlantVillage/Potato___healthy/b0fe9fe9-52e7-40e4-b4c0-769f1a0c7fb9___RS_HL 4175.JPG,Potato___healthy,PlantVillage external crop disease dataset
data/PlantVillage/Pepper__bell___Bacterial_spot/43fb5703-5a76-47cf-b027-42a9bd601401___JR_B.Spot 9033.JPG,Pepper__bell___Bacterial_spot,PlantVillage external crop disease dataset
data/PlantVillage/Tomato_Spider_mites_Two_spotted_spider_mite/1030a8ae-d4f2-4a36-aac9-c5ca40e5ec03___Com.G_SpM_FL 9295.JPG,Tomato_Spider_mites_Two_spotted_spider_mite,PlantVillage external crop disease dataset
data/PlantVillage/Tomato_Bacterial_spot/1aeee055-1c5f-4aab-a4af-bfe860f7dc46___GCREC_Bact.Sp 3034.JPG,Tomato_Bacterial_spot,PlantVillage external crop disease dataset
data/PlantVillage/Tomato__Target_Spot/35320e88-f513-446d-949a-b5361b677009___Com.G_TgS_FL 9849.JPG,Tomato__Target_Spot,PlantVillage external crop disease dataset
data/PlantVillage/Tomato__Tomato_mosaic_virus/78c968a3-8083-4924-b351-3f36569cf33a___PSU_CG 2214.JPG,Tomato__Tomato_mosaic_virus,PlantVillage external crop disease dataset
data/PlantVillage/Tomato_healthy/0d259481-e08d-459d-aa92-fe05e1524742___GH_HL Leaf 253.1.JPG,Tomato_healthy,PlantVillage external crop disease dataset
data/PlantVillage/Tomato_Early_blight/089243e5-f319-4ed2-b10c-603328ff4143___RS_Erly.B 9428.JPG,Tomato_Early_blight,PlantVillage external crop disease dataset
data/PlantVillage/Tomato_Spider_mites_Two_spotted_spider_mite/0d6a202a-046f-47b2-beec-cc6a1e7deae6___Com.G_SpM_FL 8937.JPG,Tomato_Spider_mites_Two_spotted_spider_mite,PlantVillage external crop disease dataset
data/PlantVillage/Tomato_Spider_mites_Two_spotted_spider_mite/06c29099-98e3-46ae-88f9-7160c74dafea___Com.G_SpM_FL 9427.JPG,Tomato_Spider_mites_Two_spotted_spider_mite,PlantVillage external crop disease dataset
data/PlantVillage/Tomato_Late_blight/077c04cc-184d-4efd-bbc3-093cd61bedef___RS_Late.B 5560.JPG,Tomato_Late_blight,PlantVillage external crop disease dataset
data/PlantVillage/Potato___Late_blight/17d846d2-f2b7-4ba2-847c-7561159334a3___RS_LB 2695.JPG,Potato___Late_blight,PlantVillage external crop disease dataset
data/PlantVillage/Tomato_healthy/0f20443a-193e-46b1-aea9-7ea614eb98ec___RS_HL 9850.JPG,Tomato_healthy,PlantVillage external crop disease dataset
data/PlantVillage/Tomato_healthy/0cb10f98-491d-4e1f-b8ea-4fb0f1b3675f___GH_HL Leaf 333.JPG,Tomato_healthy,PlantVillage external crop disease dataset
data/PlantVillage/Tomato__Tomato_mosaic_virus/66778ba1-eb89-4597-913a-71c68eb0251e___PSU_CG 2274.JPG,Tomato__Tomato_mosaic_virus,PlantVillage external crop disease dataset
data/PlantVillage/Tomato_Early_blight/0cd1ebaf-3975-4749-b625-50b7b0751c36___RS_Erly.B 7508.JPG,Tomato_Early_blight,PlantVillage external crop disease dataset
data/PlantVillage/PlantVillage/Pepper__bell___Bacterial_spot/377f30e6-bf06-41d6-885e-85bfe5146a9b___NREC_B.Spot 9072.JPG,PlantVillage,PlantVillage external crop disease dataset
data/PlantVillage/Tomato__Tomato_mosaic_virus/8a000704-8eda-40bd-b07d-d04634d4fe72___PSU_CG 2238.JPG,Tomato__Tomato_mosaic_virus,PlantVillage external crop disease dataset
data/PlantVillage/Tomato_healthy/2763797b-4786-41ef-8ff1-73b088f9973c___GH_HL Leaf 231.JPG,Tomato_healthy,PlantVillage external crop disease dataset
data/PlantVillage/Potato___Early_blight/4699d1d8-f931-4b1c-8fd4-03a58350a86d___RS_Early.B 8972.JPG,Potato___Early_blight,PlantVillage external crop disease dataset
data/PlantVillage/Potato___Early_blight/37471260-d7b4-4ccd-901e-974332ef2eb9___RS_Early.B 7967.JPG,Potato___Early_blight,PlantVillage external crop disease dataset
data/PlantVillage/Potato___Early_blight/20e451e3-74a4-4a5b-b11c-257506f13a8f___RS_Early.B 6984.JPG,Potato___Early_blight,PlantVillage external crop disease dataset
data/PlantVillage/Tomato__Tomato_mosaic_virus/2f8c596f-15d8-4524-b527-8617329c1819___PSU_CG 2146.JPG,Tomato__Tomato_mosaic_virus,PlantVillage external crop disease dataset
data/PlantVillage/Tomato__Tomato_YellowLeaf__Curl_Virus/08f78a80-46f5-45a6-937c-4d05d61c08c2___UF.GRC_YLCV_Lab 01895.JPG,Tomato__Tomato_YellowLeaf__Curl_Virus,PlantVillage external crop disease dataset
data/PlantVillage/Potato___Early_blight/26d2af6a-f52e-457c-8006-fa106ad39fbe___RS_Early.B 8586.JPG,Potato___Early_blight,PlantVillage external crop disease dataset
data/PlantVillage/Tomato_Early_blight/397ffe67-e784-44d5-ae1a-d1e2990c041b___RS_Erly.B 7637.JPG,Tomato_Early_blight,PlantVillage external crop disease dataset
data/PlantVillage/Tomato_Bacterial_spot/111a63c7-6445-47a4-a0d6-9157fd82b804___UF.GRC_BS_Lab Leaf 0565.JPG,Tomato_Bacterial_spot,PlantVillage external crop disease dataset
data/PlantVillage/Tomato_healthy/0d515778-61ef-4f0b-ab54-75607c80220f___RS_HL 9745.JPG,Tomato_healthy,PlantVillage external crop disease dataset
data/PlantVillage/Tomato_Bacterial_spot/1ef34abf-812a-43c0-99e6-c29fb38f730d___GCREC_Bact.Sp 5594.JPG,Tomato_Bacterial_spot,PlantVillage external crop disease dataset
data/PlantVillage/Potato___Early_blight/0c4f6f72-c7a2-42e1-9671-41ab3bf37fe7___RS_Early.B 6752.JPG,Potato___Early_blight,PlantVillage external crop disease dataset
data/PlantVillage/Tomato_Spider_mites_Two_spotted_spider_mite/3046afbf-4a9a-41fb-a64f-3f9e75af08e7___Com.G_SpM_FL 1623.JPG,Tomato_Spider_mites_Two_spotted_spider_mite,PlantVillage external crop disease dataset
data/PlantVillage/Potato___Late_blight/3f7f719f-9849-47c5-8f79-0384a64f8e8f___RS_LB 2862.JPG,Potato___Late_blight,PlantVillage external crop disease dataset
data/PlantVillage/Pepper__bell___healthy/016c8a9f-8eab-41b2-bb4b-0eb6ed0b2a7d___JR_HL 8591.JPG,Pepper__bell___healthy,PlantVillage external crop disease dataset
data/PlantVillage/Tomato_Early_blight/21d6c7aa-20d7-4434-9248-e21d073e165a___RS_Erly.B 7495.JPG,Tomato_Early_blight,PlantVillage external crop disease dataset
data/PlantVillage/Pepper__bell___healthy/261f9a0f-eccc-41fb-be35-cabed2531059___JR_HL 8722.JPG,Pepper__bell___healthy,PlantVillage external crop disease dataset
data/PlantVillage/Pepper__bell___Bacterial_spot/11e6ce0a-8511-485a-b22c-21b978d28e5e___JR_B.Spot 3383.JPG,Pepper__bell___Bacterial_spot,PlantVillage external crop disease dataset
data/PlantVillage/Tomato_Early_blight/257ffdcb-bd8b-4d18-98cc-e63a118155ea___RS_Erly.B 9520.JPG,Tomato_Early_blight,PlantVillage external crop disease dataset
data/PlantVillage/Tomato_Late_blight/20ab7535-34d8-4bac-b3a7-4fa929a1bed3___GHLB2 Leaf 59.1.JPG,Tomato_Late_blight,PlantVillage external crop disease dataset
data/PlantVillage/Tomato_Bacterial_spot/177b8ce1-d77a-41d7-93ac-852d37d69faa___GCREC_Bact.Sp 3390.JPG,Tomato_Bacterial_spot,PlantVillage external crop disease dataset
data/PlantVillage/Tomato__Tomato_YellowLeaf__Curl_Virus/09b3387c-2054-4155-813a-ce66c3116286___YLCV_NREC 2916.JPG,Tomato__Tomato_YellowLeaf__Curl_Virus,PlantVillage external crop disease dataset
data/PlantVillage/Tomato_Late_blight/18ab423e-c11a-4800-a84b-4598f08560d8___RS_Late.B 6571.JPG,Tomato_Late_blight,PlantVillage external crop disease dataset
data/PlantVillage/Potato___Early_blight/29978e78-7d4a-4fff-a659-52e45e9b96b3___RS_Early.B 7672.JPG,Potato___Early_blight,PlantVillage external crop disease dataset
data/PlantVillage/PlantVillage/Pepper__bell___Bacterial_spot/32bc632f-7dfc-4a3a-b25a-f71fba5b02b1___JR_B.Spot 8967.JPG,PlantVillage,PlantVillage external crop disease dataset
data/PlantVillage/Tomato__Target_Spot/2a1190a6-0661-4066-a05d-2b6486788f10___Com.G_TgS_FL 8239.JPG,Tomato__Target_Spot,PlantVillage external crop disease dataset
data/PlantVillage/Tomato_Late_blight/08931b78-a571-41bf-b5b4-6904ffbbe8b7___GHLB Leaf 1.1 Day 12.JPG,Tomato_Late_blight,PlantVillage external crop disease dataset
data/PlantVillage/Pepper__bell___healthy/0d4e35c0-f6d6-4810-9522-14e1d491a05d___JR_HL 8673.JPG,Pepper__bell___healthy,PlantVillage external crop disease dataset
data/PlantVillage/Tomato__Target_Spot/11c87e02-aabb-4e93-a320-bae6cd4b0fb8___Com.G_TgS_FL 9842.JPG,Tomato__Target_Spot,PlantVillage external crop disease dataset
data/PlantVillage/Tomato_Spider_mites_Two_spotted_spider_mite/2028bc26-062e-4113-923e-7e0f7b47ad6b___Com.G_SpM_FL 9461.JPG,Tomato_Spider_mites_Two_spotted_spider_mite,PlantVillage external crop disease dataset
data/PlantVillage/Pepper__bell___healthy/296be9fb-0c43-48a4-9d05-8d906fee9c16___JR_HL 8643.JPG,Pepper__bell___healthy,PlantVillage external crop disease dataset
data/PlantVillage/Tomato__Target_Spot/164c168a-8d91-42b4-8f6d-08217b423068___Com.G_TgS_FL 7981.JPG,Tomato__Target_Spot,PlantVillage external crop disease dataset
data/PlantVillage/Tomato_Spider_mites_Two_spotted_spider_mite/0bc5e91c-637e-4a44-a44d-3ee6c941bb96___Com.G_SpM_FL 1592.JPG,Tomato_Spider_mites_Two_spotted_spider_mite,PlantVillage external crop disease dataset
data/PlantVillage/PlantVillage/Pepper__bell___Bacterial_spot/15f3b9e4-9127-4404-904b-173dbe878fd6___JR_B.Spot 3226.JPG,PlantVillage,PlantVillage external crop disease dataset
data/PlantVillage/Tomato_healthy/130c7763-2ace-42bc-b2f0-ef78be095e8c___RS_HL 0171.JPG,Tomato_healthy,PlantVillage external crop disease dataset
data/PlantVillage/Tomato_healthy/237ec7d7-d96f-434d-8a94-250ec92c8e86___RS_HL 0457.JPG,Tomato_healthy,PlantVillage external crop disease dataset
data/PlantVillage/Tomato_Early_blight/29e36e1e-0857-4985-8d33-505290dff591___RS_Erly.B 6343.JPG,Tomato_Early_blight,PlantVillage external crop disease dataset
data/PlantVillage/Tomato__Target_Spot/21aa9ddb-0051-41c7-b1e3-316c20c64483___Com.G_TgS_FL 8151.JPG,Tomato__Target_Spot,PlantVillage external crop disease dataset
data/PlantVillage/Potato___Early_blight/2cce6cd6-16c4-426f-84e6-2f3c192fac2c___RS_Early.B 8999.JPG,Potato___Early_blight,PlantVillage external crop disease dataset
data/PlantVillage/Potato___Early_blight/1c42eae7-29c8-42fd-b05a-9b8255790f6f___RS_Early.B 7719.JPG,Potato___Early_blight,PlantVillage external crop disease dataset
data/PlantVillage/Tomato_Septoria_leaf_spot/074642ac-c747-436b-bfd8-63969f221783___Matt.S_CG 1003.JPG,Tomato_Septoria_leaf_spot,PlantVillage external crop disease dataset
data/PlantVillage/Tomato_Late_blight/0ab172fa-ac7b-4a3e-90c8-0708703eb3bb___RS_Late.B 5572.JPG,Tomato_Late_blight,PlantVillage external crop disease dataset
data/PlantVillage/Potato___Late_blight/2846161c-9ac0-4ef3-b563-aee344dac80d___RS_LB 4851.JPG,Potato___Late_blight,PlantVillage external crop disease dataset
data/PlantVillage/Pepper__bell___healthy/0371d114-2c42-40c5-b2cd-acf2072520e2___JR_HL 7914.JPG,Pepper__bell___healthy,PlantVillage external crop disease dataset
data/PlantVillage/Potato___healthy/ad9b6cf4-e065-496d-91c7-5713ce14e19e___RS_HL 1926.JPG,Potato___healthy,PlantVillage external crop disease dataset
data/PlantVillage/Pepper__bell___healthy/01468dda-44f3-4de8-8aed-948bcc29b719___JR_HL 8704.JPG,Pepper__bell___healthy,PlantVillage external crop disease dataset
data/PlantVillage/Tomato_Late_blight/19bfccfd-5df8-41be-910e-2c5f3eae3573___GHLB2 Leaf 8597.JPG,Tomato_Late_blight,PlantVillage external crop disease dataset
data/PlantVillage/Potato___Early_blight/4722a31c-987f-4fac-afa1-37479556a056___RS_Early.B 6810.JPG,Potato___Early_blight,PlantVillage external crop disease dataset
data/PlantVillage/Potato___healthy/b536ea91-c5f8-413b-87f3-a22ac3d959d1___RS_HL 1825.JPG,Potato___healthy,PlantVillage external crop disease dataset
data/PlantVillage/Tomato__Tomato_YellowLeaf__Curl_Virus/0943c5de-fb84-4206-8b36-c4cd6f8cae90___UF.GRC_YLCV_Lab 03374.JPG,Tomato__Tomato_YellowLeaf__Curl_Virus,PlantVillage external crop disease dataset
data/PlantVillage/PlantVillage/Pepper__bell___Bacterial_spot/3fdbfdf3-ae31-49eb-8012-04cb4d3fc051___NREC_B.Spot 1973.JPG,PlantVillage,PlantVillage external crop disease dataset
data/PlantVillage/Tomato_Early_blight/16ae1b64-2954-4135-bea5-d599ba56740c___RS_Erly.B 7649.JPG,Tomato_Early_blight,PlantVillage external crop disease dataset
data/PlantVillage/Pepper__bell___healthy/1fdbead6-97f6-4712-8c5e-2a1285e1e777___JR_HL 8681.JPG,Pepper__bell___healthy,PlantVillage external crop disease dataset
data/PlantVillage/Tomato__Target_Spot/379d8b0b-aca7-450c-a1bb-80d0b3cd5033___Com.G_TgS_FL 9963.JPG,Tomato__Target_Spot,PlantVillage external crop disease dataset
data/PlantVillage/Tomato_Early_blight/05fab431-cc13-4d6d-b4e1-912e0059c7c1___RS_Erly.B 8349.JPG,Tomato_Early_blight,PlantVillage external crop disease dataset
data/PlantVillage/Potato___healthy/a4d1d8cb-26a2-413f-a229-021e2eea87ac___RS_HL 1819.JPG,Potato___healthy,PlantVillage external crop disease dataset
data/PlantVillage/Tomato_Leaf_Mold/4badfb88-91f8-49e0-baad-553c18b6bede___Crnl_L.Mold 6904.JPG,Tomato_Leaf_Mold,PlantVillage external crop disease dataset
data/PlantVillage/Tomato_Leaf_Mold/355b3ad0-1d3b-49ea-80c8-3254a06a660c___Crnl_L.Mold 8968.JPG,Tomato_Leaf_Mold,PlantVillage external crop disease dataset
data/PlantVillage/Tomato_Late_blight/08a723e4-6b51-4395-8013-b1f3f03709b8___GHLB2 Leaf 8967.JPG,Tomato_Late_blight,PlantVillage external crop disease dataset
data/PlantVillage/Pepper__bell___Bacterial_spot/01940b6d-7dea-4889-a7b8-a35f4e9bba34___NREC_B.Spot 9120.JPG,Pepper__bell___Bacterial_spot,PlantVillage external crop disease dataset
data/PlantVillage/Tomato_Septoria_leaf_spot/289314a0-89cc-423e-8aad-18fb13b57059___JR_Sept.L.S 8409.JPG,Tomato_Septoria_leaf_spot,PlantVillage external crop disease dataset
data/PlantVillage/Tomato_Spider_mites_Two_spotted_spider_mite/27074def-852f-45c0-8a45-006f8f7108c3___Com.G_SpM_FL 9633.JPG,Tomato_Spider_mites_Two_spotted_spider_mite,PlantVillage external crop disease dataset
data/PlantVillage/Tomato_Septoria_leaf_spot/2cb00d76-a875-4c94-a383-6e55534d1506___JR_Sept.L.S 8507.JPG,Tomato_Septoria_leaf_spot,PlantVillage external crop disease dataset
data/PlantVillage/Tomato__Tomato_YellowLeaf__Curl_Virus/01933767-8827-4a46-b089-76b1d8397eb6___YLCV_GCREC 2539.JPG,Tomato__Tomato_YellowLeaf__Curl_Virus,PlantVillage external crop disease dataset
data/PlantVillage/Tomato_Spider_mites_Two_spotted_spider_mite/123223d5-ec90-4df4-8a65-e474c88fda19___Com.G_SpM_FL 1664.JPG,Tomato_Spider_mites_Two_spotted_spider_mite,PlantVillage external crop disease dataset
data/PlantVillage/Tomato_healthy/190a6af7-d7b1-4265-b05b-c126a7962c93___GH_HL Leaf 408.JPG,Tomato_healthy,PlantVillage external crop disease dataset
data/PlantVillage/PlantVillage/Pepper__bell___Bacterial_spot/313c8e04-9195-4b11-9f63-72ce704f78f3___NREC_B.Spot 9245.JPG,PlantVillage,PlantVillage external crop disease dataset
data/PlantVillage/Tomato__Target_Spot/1bc7877c-d674-4242-bc37-a77b5e7d7dc6___Com.G_TgS_FL 8263.JPG,Tomato__Target_Spot,PlantVillage external crop disease dataset
data/PlantVillage/Tomato__Target_Spot/13358e3d-69ae-40e0-9b04-6d3237ffeded___Com.G_TgS_FL 0993.JPG,Tomato__Target_Spot,PlantVillage external crop disease dataset
data/PlantVillage/Potato___healthy/f4be3632-42a1-415a-9f7e-1d5ecb9f49d7___RS_HL 1783.JPG,Potato___healthy,PlantVillage external crop disease dataset
data/PlantVillage/Tomato_Early_blight/1d3d164e-43a9-4e0a-9e4f-9c9abab64d88___RS_Erly.B 7824.JPG,Tomato_Early_blight,PlantVillage external crop disease dataset
data/PlantVillage/Tomato_healthy/1d10291e-a1ce-4309-b6a4-d034319e3875___GH_HL Leaf 251.1.JPG,Tomato_healthy,PlantVillage external crop disease dataset
data/PlantVillage/Tomato_Early_blight/11922494-321b-4742-afbe-f6db6a8b4005___RS_Erly.B 9392.JPG,Tomato_Early_blight,PlantVillage external crop disease dataset
data/PlantVillage/Pepper__bell___Bacterial_spot/25d9d63d-08f1-45de-be1a-83ec25160b75___NREC_B.Spot 1919.JPG,Pepper__bell___Bacterial_spot,PlantVillage external crop disease dataset
data/PlantVillage/Pepper__bell___Bacterial_spot/11092e1c-9fdc-4405-85b9-a8d7548f12bb___JR_B.Spot 9051.JPG,Pepper__bell___Bacterial_spot,PlantVillage external crop disease dataset
data/PlantVillage/Tomato_Leaf_Mold/2d37debb-8e09-4461-8e58-a23a06b4722a___Crnl_L.Mold 8896.JPG,Tomato_Leaf_Mold,PlantVillage external crop disease dataset
data/PlantVillage/Tomato_Bacterial_spot/03e6cea1-1c09-420a-a22e-2c29844004d1___GCREC_Bact.Sp 3076.JPG,Tomato_Bacterial_spot,PlantVillage external crop disease dataset
data/PlantVillage/Tomato_healthy/1e8c2c4d-e787-45ff-87ac-56484ac8d3d4___GH_HL Leaf 472.JPG,Tomato_healthy,PlantVillage external crop disease dataset
data/PlantVillage/Tomato_Spider_mites_Two_spotted_spider_mite/245d8d65-da20-4d9e-9970-c3e6bbb08800___Com.G_SpM_FL 9624.JPG,Tomato_Spider_mites_Two_spotted_spider_mite,PlantVillage external crop disease dataset
data/PlantVillage/Tomato__Tomato_mosaic_virus/82a23930-4324-4d3e-b599-9861796f01db___PSU_CG 2366.JPG,Tomato__Tomato_mosaic_virus,PlantVillage external crop disease dataset
data/PlantVillage/Tomato_Early_blight/2763c9bc-ecc6-4f1a-86a7-ef8ffa370420___RS_Erly.B 8422.JPG,Tomato_Early_blight,PlantVillage external crop disease dataset
data/PlantVillage/Tomato__Target_Spot/0c80eea7-7c6f-4f3c-be3d-6cca9ec30c1b___Com.G_TgS_FL 0991.JPG,Tomato__Target_Spot,PlantVillage external crop disease dataset
data/PlantVillage/Potato___Late_blight/2425fba0-8d06-4f05-9d0c-258c39777a37___RS_LB 4915.JPG,Potato___Late_blight,PlantVillage external crop disease dataset
data/PlantVillage/Tomato_Early_blight/248f220e-56ac-43f1-8f17-641ed4637138___RS_Erly.B 7802.JPG,Tomato_Early_blight,PlantVillage external crop disease dataset
data/PlantVillage/Tomato_Leaf_Mold/0a9b3ff4-5343-4814-ac2c-fdb3613d4e4d___Crnl_L.Mold 6559.JPG,Tomato_Leaf_Mold,PlantVillage external crop disease dataset
data/PlantVillage/Tomato__Tomato_YellowLeaf__Curl_Virus/02cee277-e491-468a-8ffc-f64227d33b4c___YLCV_GCREC 2197.JPG,Tomato__Tomato_YellowLeaf__Curl_Virus,PlantVillage external crop disease dataset
data/PlantVillage/Pepper__bell___healthy/2384d372-37c9-4979-9245-7ee4f25bce11___JR_HL 8141.JPG,Pepper__bell___healthy,PlantVillage external crop disease dataset
data/PlantVillage/Tomato_Early_blight/264bc13b-2bcd-40f8-ae25-23aef0ccdc64___RS_Erly.B 7589.JPG,Tomato_Early_blight,PlantVillage external crop disease dataset
data/PlantVillage/Pepper__bell___healthy/1b574484-60cd-4ae4-83ed-511a5ae07ea8___JR_HL 7849.JPG,Pepper__bell___healthy,PlantVillage external crop disease dataset
data/PlantVillage/Tomato_Late_blight/1869d21d-5461-4378-bddb-8de766b836f7___GHLB Leaf 12 Day 6.JPG,Tomato_Late_blight,PlantVillage external crop disease dataset
data/PlantVillage/Tomato_Leaf_Mold/1f64f046-46e6-47b3-91ef-31c2433face3___Crnl_L.Mold 9089.JPG,Tomato_Leaf_Mold,PlantVillage external crop disease dataset
data/PlantVillage/Potato___Late_blight/418e398c-d710-4682-af82-82f1e8822311___RS_LB 5218.JPG,Potato___Late_blight,PlantVillage external crop disease dataset
data/PlantVillage/Tomato_Early_blight/0f12e22b-49a9-4d9a-84bc-76bb86ed2a14___RS_Erly.B 9572.JPG,Tomato_Early_blight,PlantVillage external crop disease dataset
data/PlantVillage/Potato___Late_blight/3f2d7c62-8d58-4a40-9df4-0ab3497b13b9___RS_LB 4487.JPG,Potato___Late_blight,PlantVillage external crop disease dataset
data/PlantVillage/Tomato_Bacterial_spot/1e0582c9-3b55-4aaf-b63b-f223c13eac86___GCREC_Bact.Sp 5571.JPG,Tomato_Bacterial_spot,PlantVillage external crop disease dataset
data/PlantVillage/Potato___healthy/a8d687be-3777-403f-bae7-5c8c19340b3f___RS_HL 1738.JPG,Potato___healthy,PlantVillage external crop disease dataset
data/PlantVillage/Tomato_Late_blight/021a9808-21f7-464a-8df2-2eda5ed98eda___RS_Late.B 5356.JPG,Tomato_Late_blight,PlantVillage external crop disease dataset
data/PlantVillage/Potato___Early_blight/1d466431-007d-4b3b-bd45-b09f1a6f7bad___RS_Early.B 8932.JPG,Potato___Early_blight,PlantVillage external crop disease dataset
data/PlantVillage/Tomato__Target_Spot/38f15749-918a-472e-b9c4-646543ad08aa___Com.G_TgS_FL 0827.JPG,Tomato__Target_Spot,PlantVillage external crop disease dataset
data/PlantVillage/Tomato_Late_blight/2260ae60-08dc-4e6e-abd7-c9aed84163ea___RS_Late.B 5032.JPG,Tomato_Late_blight,PlantVillage external crop disease dataset
data/PlantVillage/Tomato_Spider_mites_Two_spotted_spider_mite/2451545c-3a36-49ad-ad97-b81008d9e198___Com.G_SpM_FL 1654.JPG,Tomato_Spider_mites_Two_spotted_spider_mite,PlantVillage external crop disease dataset
data/PlantVillage/Tomato__Target_Spot/25e2f100-2c7b-4c06-a5f2-0bce10499905___Com.G_TgS_FL 1096.JPG,Tomato__Target_Spot,PlantVillage external crop disease dataset
data/PlantVillage/Tomato_Leaf_Mold/2f195926-6d02-4c40-bf4a-ba3a123fe66e___Crnl_L.Mold 9130.JPG,Tomato_Leaf_Mold,PlantVillage external crop disease dataset
data/PlantVillage/Tomato_Septoria_leaf_spot/1f11a23b-8dd3-4fc8-82cf-235cfcdaf5b2___Matt.S_CG 2783.JPG,Tomato_Septoria_leaf_spot,PlantVillage external crop disease dataset
data/PlantVillage/Pepper__bell___Bacterial_spot/0726c166-3471-41a8-8fe6-18600e89e802___NREC_B.Spot 1812.JPG,Pepper__bell___Bacterial_spot,PlantVillage external crop disease dataset
data/PlantVillage/Tomato_Late_blight/1745208a-82b2-4a82-9791-d812cb016850___GHLB2 Leaf 95.JPG,Tomato_Late_blight,PlantVillage external crop disease dataset
data/PlantVillage/Tomato__Tomato_mosaic_virus/15f1e22a-9c70-4060-a275-fac10c196341___PSU_CG 2118.JPG,Tomato__Tomato_mosaic_virus,PlantVillage external crop disease dataset
data/PlantVillage/Tomato__Target_Spot/21c8de33-5db5-4cd9-8f69-c424c0b63414___Com.G_TgS_FL 9888.JPG,Tomato__Target_Spot,PlantVillage external crop disease dataset
data/PlantVillage/Tomato__Tomato_YellowLeaf__Curl_Virus/0c5ab0f1-9f4c-47f0-980d-f9b67201ce51___YLCV_NREC 0058.JPG,Tomato__Tomato_YellowLeaf__Curl_Virus,PlantVillage external crop disease dataset
data/PlantVillage/Pepper__bell___Bacterial_spot/01dfb88b-cd5a-420c-b163-51f5fe07b74d___JR_B.Spot 9091.JPG,Pepper__bell___Bacterial_spot,PlantVillage external crop disease dataset
data/PlantVillage/Pepper__bell___Bacterial_spot/42b527a8-b3a7-47ae-981b-91727cd2f7e5___JR_B.Spot 3306.JPG,Pepper__bell___Bacterial_spot,PlantVillage external crop disease dataset
data/PlantVillage/Tomato__Target_Spot/39ce44af-475d-45ec-be37-30ec021ba930___Com.G_TgS_FL 7967.JPG,Tomato__Target_Spot,PlantVillage external crop disease dataset
data/PlantVillage/Tomato_Bacterial_spot/0afe3bbd-b18b-4c70-8fbd-072844e742a2___GCREC_Bact.Sp 3434.JPG,Tomato_Bacterial_spot,PlantVillage external crop disease dataset
data/PlantVillage/Tomato_Septoria_leaf_spot/02d2c484-8bdb-4ef2-8d07-0bdb3ac330cc___Matt.S_CG 0975.JPG,Tomato_Septoria_leaf_spot,PlantVillage external crop disease dataset
data/PlantVillage/Potato___healthy/8583c4ff-2d8b-4b6f-89a8-fcc98917ce9b___RS_HL 1961.JPG,Potato___healthy,PlantVillage external crop disease dataset
data/PlantVillage/Tomato__Tomato_YellowLeaf__Curl_Virus/029fb65e-a006-4a5d-8ee1-9f848e1f0eef___UF.GRC_YLCV_Lab 03243.JPG,Tomato__Tomato_YellowLeaf__Curl_Virus,PlantVillage external crop disease dataset
data/PlantVillage/Pepper__bell___healthy/1dcc5be2-abd6-4fb3-8e75-d75b7a123e45___JR_HL 8763.JPG,Pepper__bell___healthy,PlantVillage external crop disease dataset
data/PlantVillage/Tomato_Leaf_Mold/0f1ce7cf-da72-4ddb-9bdb-a1af620537c6___Crnl_L.Mold 6840.JPG,Tomato_Leaf_Mold,PlantVillage external crop disease dataset
data/PlantVillage/Tomato_Early_blight/3a8ed6b0-1566-4ab1-b0e2-6a670dfca65a___RS_Erly.B 7653.JPG,Tomato_Early_blight,PlantVillage external crop disease dataset
data/PlantVillage/Potato___Early_blight/0f223bbc-d2b4-4d58-8314-359d92d0102b___RS_Early.B 8052.JPG,Potato___Early_blight,PlantVillage external crop disease dataset
data/PlantVillage/Potato___Late_blight/259a9b63-d100-43bd-b611-1c707b9e8842___RS_LB 4562.JPG,Potato___Late_blight,PlantVillage external crop disease dataset
data/PlantVillage/Tomato__Tomato_YellowLeaf__Curl_Virus/07a69b1e-1b70-44cc-ad96-24d4200be7d3___UF.GRC_YLCV_Lab 02218.JPG,Tomato__Tomato_YellowLeaf__Curl_Virus,PlantVillage external crop disease dataset
data/PlantVillage/Tomato__Tomato_mosaic_virus/97aa541d-9ac5-4933-8977-2bd64094ad38___PSU_CG 2070.JPG,Tomato__Tomato_mosaic_virus,PlantVillage external crop disease dataset
data/PlantVillage/Tomato_healthy/1006c73b-19f8-4771-9fe5-3fc4908e8da3___RS_HL 0557.JPG,Tomato_healthy,PlantVillage external crop disease dataset
data/PlantVillage/Pepper__bell___Bacterial_spot/1d26f9c5-2f4e-4b1e-a7d6-a4e9584a3ab7___JR_B.Spot 8918.JPG,Pepper__bell___Bacterial_spot,PlantVillage external crop disease dataset
data/PlantVillage/Tomato_Septoria_leaf_spot/18d05aef-311a-4e99-9489-f702ecdaffb6___Matt.S_CG 1703.JPG,Tomato_Septoria_leaf_spot,PlantVillage external crop disease dataset
data/PlantVillage/Tomato__Tomato_YellowLeaf__Curl_Virus/0922e026-b563-438d-b9ed-7476153023ce___YLCV_GCREC 2258.JPG,Tomato__Tomato_YellowLeaf__Curl_Virus,PlantVillage external crop disease dataset
data/PlantVillage/Tomato__Target_Spot/0a610d40-f5b8-4580-8e32-cc90b3620017___Com.G_TgS_FL 8191.JPG,Tomato__Target_Spot,PlantVillage external crop disease dataset
data/PlantVillage/PlantVillage/Pepper__bell___Bacterial_spot/14a96020-2720-43c5-8638-e70b90ebd573___JR_B.Spot 9039.JPG,PlantVillage,PlantVillage external crop disease dataset
data/PlantVillage/Tomato_Bacterial_spot/07458546-6893-49c8-b94f-edde706b19fa___GCREC_Bact.Sp 3835.JPG,Tomato_Bacterial_spot,PlantVillage external crop disease dataset
data/PlantVillage/Tomato__Target_Spot/0f32cb0d-8a87-4d7b-beb1-945c4e1cd374___Com.G_TgS_FL 0642.JPG,Tomato__Target_Spot,PlantVillage external crop disease dataset
data/PlantVillage/Tomato_Late_blight/09d2deda-7403-489f-b723-5ae5e00e2311___GHLB2 Leaf 8756.JPG,Tomato_Late_blight,PlantVillage external crop disease dataset
data/PlantVillage/Potato___healthy/aa04db6d-645f-4e8a-88dc-c9f9396f0800___RS_HL 1975.JPG,Potato___healthy,PlantVillage external crop disease dataset
data/PlantVillage/Tomato__Tomato_mosaic_virus/0c779116-043c-4715-b080-16be2e8d2552___PSU_CG 2285.JPG,Tomato__Tomato_mosaic_virus,PlantVillage external crop disease dataset
data/PlantVillage/Tomato_Bacterial_spot/12e9560a-01a5-4d97-a911-409c11cd0301___GCREC_Bact.Sp 3117.JPG,Tomato_Bacterial_spot,PlantVillage external crop disease dataset
data/PlantVillage/Potato___Early_blight/33019904-ac3b-4083-a192-ce4092758ddd___RS_Early.B 8344.JPG,Potato___Early_blight,PlantVillage external crop disease dataset
data/PlantVillage/Potato___Late_blight/3e379b4f-29dd-4f14-86e6-11fa37cf3ae9___RS_LB 4789.JPG,Potato___Late_blight,PlantVillage external crop disease dataset
data/PlantVillage/PlantVillage/Pepper__bell___Bacterial_spot/2adcf097-e515-49f1-9716-c0d06d8b52b4___NREC_B.Spot 1933.JPG,PlantVillage,PlantVillage external crop disease dataset
data/PlantVillage/PlantVillage/Pepper__bell___Bacterial_spot/3bf80a4f-7a2b-4cdf-a93f-dfa12ddb4128___NREC_B.Spot 9233.JPG,PlantVillage,PlantVillage external crop disease dataset
data/PlantVillage/Potato___Late_blight/01a8cc9f-074a-4866-87c8-bb5a9e3895b4___RS_LB 2968.JPG,Potato___Late_blight,PlantVillage external crop disease dataset
data/PlantVillage/Tomato__Tomato_mosaic_virus/119554ae-c777-46da-abb7-591404fdc65f___PSU_CG 2393.JPG,Tomato__Tomato_mosaic_virus,PlantVillage external crop disease dataset
data/PlantVillage/Potato___Early_blight/1f80f111-6a3e-4dfc-8456-0f3e9a19ae10___RS_Early.B 6879.JPG,Potato___Early_blight,PlantVillage external crop disease dataset
data/PlantVillage/Pepper__bell___Bacterial_spot/12342367-f62b-40d0-897b-77bd1edbd3d1___JR_B.Spot 3199.JPG,Pepper__bell___Bacterial_spot,PlantVillage external crop disease dataset
data/PlantVillage/Tomato_Leaf_Mold/022a4dfb-84cc-45cb-81c5-a620817e31cb___Crnl_L.Mold 6926.JPG,Tomato_Leaf_Mold,PlantVillage external crop disease dataset
data/PlantVillage/Tomato_Leaf_Mold/354c1fb7-f8ee-4a39-af91-0e5ef49b20bb___Crnl_L.Mold 8959.JPG,Tomato_Leaf_Mold,PlantVillage external crop disease dataset
data/PlantVillage/Tomato_Leaf_Mold/19fc6cfd-7430-4695-a4e1-5c947193ab46___Crnl_L.Mold 6922.JPG,Tomato_Leaf_Mold,PlantVillage external crop disease dataset
data/PlantVillage/Tomato_Bacterial_spot/1afcd540-c746-4c02-8611-686ec35caaf5___GCREC_Bact.Sp 5654.JPG,Tomato_Bacterial_spot,PlantVillage external crop disease dataset
data/PlantVillage/Potato___Early_blight/07d777f8-2c5a-48da-935e-f17c572b1e6e___RS_Early.B 7880.JPG,Potato___Early_blight,PlantVillage external crop disease dataset
data/PlantVillage/Potato___Late_blight/1562e8f9-f2d1-43b3-8deb-6b1687bd20dc___RS_LB 2726.JPG,Potato___Late_blight,PlantVillage external crop disease dataset
data/PlantVillage/Tomato__Target_Spot/21c3078a-7741-49f6-87af-394cc005e18f___Com.G_TgS_FL 7891.JPG,Tomato__Target_Spot,PlantVillage external crop disease dataset
data/PlantVillage/Tomato__Tomato_mosaic_virus/b2cb36e6-ff72-4518-b344-a6500af4fa40___PSU_CG 2332.JPG,Tomato__Tomato_mosaic_virus,PlantVillage external crop disease dataset
data/PlantVillage/Tomato__Tomato_YellowLeaf__Curl_Virus/0a24f0eb-982d-4611-8a0c-088ef1ac8cb5___YLCV_GCREC 5454.JPG,Tomato__Tomato_YellowLeaf__Curl_Virus,PlantVillage external crop disease dataset
data/PlantVillage/Tomato__Tomato_YellowLeaf__Curl_Virus/0b6dc215-ed6c-4c32-acb3-527447eca603___YLCV_NREC 0204.JPG,Tomato__Tomato_YellowLeaf__Curl_Virus,PlantVillage external crop disease dataset
data/PlantVillage/Tomato_Bacterial_spot/0c9b7dd9-a0c7-4b6e-bb4d-b2e3cab833d0___GCREC_Bact.Sp 6081.JPG,Tomato_Bacterial_spot,PlantVillage external crop disease dataset
data/PlantVillage/Tomato_Bacterial_spot/1664fff5-8d2e-4615-a448-2dd093c0df82___GCREC_Bact.Sp 3290.JPG,Tomato_Bacterial_spot,PlantVillage external crop disease dataset
data/PlantVillage/Tomato_Late_blight/0a8967d4-bb72-4fe4-8096-55fc57437557___RS_Late.B 6974.JPG,Tomato_Late_blight,PlantVillage external crop disease dataset
data/PlantVillage/Tomato__Tomato_YellowLeaf__Curl_Virus/01cc37b3-ab08-44bc-be70-7f14b610f011___UF.GRC_YLCV_Lab 09617.JPG,Tomato__Tomato_YellowLeaf__Curl_Virus,PlantVillage external crop disease dataset
data/PlantVillage/Tomato_Late_blight/09e2fe63-c535-4986-a697-ed275752dc75___GHLB2 Leaf 9030.JPG,Tomato_Late_blight,PlantVillage external crop disease dataset
data/PlantVillage/Tomato_healthy/2d66100e-9a61-412b-95da-2b852de7a447___RS_HL 9950.JPG,Tomato_healthy,PlantVillage external crop disease dataset
data/PlantVillage/Tomato_Septoria_leaf_spot/2c4f9430-88b0-4796-a4b1-5dd262650f40___Matt.S_CG 6195.JPG,Tomato_Septoria_leaf_spot,PlantVillage external crop disease dataset
data/PlantVillage/Tomato__Tomato_YellowLeaf__Curl_Virus/0d07c65d-0a4f-4a0b-8e5a-ade16407928a___UF.GRC_YLCV_Lab 02450.JPG,Tomato__Tomato_YellowLeaf__Curl_Virus,PlantVillage external crop disease dataset
data/PlantVillage/Tomato_Bacterial_spot/07de82e1-7258-4c8d-a595-cb2334f02fb4___UF.GRC_BS_Lab Leaf 0418.JPG,Tomato_Bacterial_spot,PlantVillage external crop disease dataset
data/PlantVillage/Potato___healthy/414f6249-9f78-4af5-9593-9d5a7e7d979f___RS_HL 1918.JPG,Potato___healthy,PlantVillage external crop disease dataset
data/PlantVillage/PlantVillage/Pepper__bell___Bacterial_spot/1c0c1501-f362-49d0-9e99-e72006441c8c___JR_B.Spot 8869.JPG,PlantVillage,PlantVillage external crop disease dataset
data/PlantVillage/Tomato_Leaf_Mold/077218cb-00b9-4bdf-b091-108a42c7a601___Crnl_L.Mold 7118.JPG,Tomato_Leaf_Mold,PlantVillage external crop disease dataset
data/PlantVillage/Tomato_Septoria_leaf_spot/2741b105-dacf-4ed8-bedf-4fc395f8947c___Keller.St_CG 1943.JPG,Tomato_Septoria_leaf_spot,PlantVillage external crop disease dataset
data/PlantVillage/Tomato__Tomato_mosaic_virus/6a2c0438-3207-4998-893a-02ddb3a26081___PSU_CG 2294.JPG,Tomato__Tomato_mosaic_virus,PlantVillage external crop disease dataset
data/PlantVillage/Tomato_Leaf_Mold/528ee5e6-6c7f-4676-9fe2-fe3956a73b00___Crnl_L.Mold 6739.JPG,Tomato_Leaf_Mold,PlantVillage external crop disease dataset
data/PlantVillage/Tomato__Tomato_mosaic_virus/6804695f-56f8-4ff9-90f8-69ee95097463___PSU_CG 2067.JPG,Tomato__Tomato_mosaic_virus,PlantVillage external crop disease dataset
data/PlantVillage/Tomato_Late_blight/0fd882fa-471d-4bcc-ab2b-efdfaf904bc3___GHLB2 Leaf 8915.JPG,Tomato_Late_blight,PlantVillage external crop disease dataset
data/PlantVillage/Pepper__bell___Bacterial_spot/1360c0b1-4eb4-491b-8544-738d3c420828___NREC_B.Spot 1977.JPG,Pepper__bell___Bacterial_spot,PlantVillage external crop disease dataset
data/PlantVillage/Pepper__bell___Bacterial_spot/1a1af0c4-9e4a-4158-b982-f81d487a3b68___NREC_B.Spot 9148.JPG,Pepper__bell___Bacterial_spot,PlantVillage external crop disease dataset
data/PlantVillage/Tomato__Target_Spot/1321a438-2e26-42d0-81f5-2c04df6d7392___Com.G_TgS_FL 8412.JPG,Tomato__Target_Spot,PlantVillage external crop disease dataset
data/PlantVillage/Tomato_Late_blight/081d1e25-3f06-46a1-95ef-d10a62faa80f___GHLB2 Leaf 8600.JPG,Tomato_Late_blight,PlantVillage external crop disease dataset
data/PlantVillage/Tomato_Septoria_leaf_spot/224c7002-2660-42fb-9be0-f55f7fa49e14___Matt.S_CG 7647.JPG,Tomato_Septoria_leaf_spot,PlantVillage external crop disease dataset
data/PlantVillage/Tomato_healthy/23ffcd05-2b2a-48d2-a694-5c292e910b66___RS_HL 9842.JPG,Tomato_healthy,PlantVillage external crop disease dataset
data/PlantVillage/Tomato_Late_blight/16984239-2e67-407e-b600-4a3666500534___RS_Late.B 5182.JPG,Tomato_Late_blight,PlantVillage external crop disease dataset
data/PlantVillage/Tomato_Bacterial_spot/090e981e-4e75-48db-806d-c28c970f3c9a___UF.GRC_BS_Lab Leaf 9256.JPG,Tomato_Bacterial_spot,PlantVillage external crop disease dataset
data/PlantVillage/Tomato__Tomato_mosaic_virus/99879471-2f23-494a-be42-a5817fabde96___PSU_CG 2381.JPG,Tomato__Tomato_mosaic_virus,PlantVillage external crop disease dataset
data/PlantVillage/Tomato__Tomato_YellowLeaf__Curl_Virus/021c4cd6-30ea-465e-9396-515520ead6b2___YLCV_GCREC 2422.JPG,Tomato__Tomato_YellowLeaf__Curl_Virus,PlantVillage external crop disease dataset
data/PlantVillage/Tomato_Leaf_Mold/06885d98-1412-4073-8800-9da44c3935c6___Crnl_L.Mold 6794.JPG,Tomato_Leaf_Mold,PlantVillage external crop disease dataset
data/PlantVillage/Pepper__bell___Bacterial_spot/184221a3-0f0e-4acc-b5be-7b853349cd0d___JR_B.Spot 3286.JPG,Pepper__bell___Bacterial_spot,PlantVillage external crop disease dataset
data/PlantVillage/Potato___Late_blight/29ad1bd3-9eca-4975-97b9-80d497a62811___RS_LB 2847.JPG,Potato___Late_blight,PlantVillage external crop disease dataset
data/PlantVillage/PlantVillage/Pepper__bell___Bacterial_spot/1694ae00-3c5f-488c-9402-e65c70c73cf2___JR_B.Spot 3179.JPG,PlantVillage,PlantVillage external crop disease dataset
data/PlantVillage/Tomato__Tomato_YellowLeaf__Curl_Virus/089806a4-72a6-4a9d-aed1-5ae29f2bfa2e___YLCV_NREC 2193.JPG,Tomato__Tomato_YellowLeaf__Curl_Virus,PlantVillage external crop disease dataset
data/PlantVillage/Pepper__bell___Bacterial_spot/32927179-338a-4157-ab64-d5bea77834c1___JR_B.Spot 8933.JPG,Pepper__bell___Bacterial_spot,PlantVillage external crop disease dataset
data/PlantVillage/PlantVillage/Pepper__bell___Bacterial_spot/3bb93b52-4419-4882-9a35-0533f48757df___JR_B.Spot 3311.JPG,PlantVillage,PlantVillage external crop disease dataset
data/PlantVillage/Potato___Late_blight/1a5f4258-21df-4334-a933-2ef073c932ba___RS_LB 3089.JPG,Potato___Late_blight,PlantVillage external crop disease dataset
data/PlantVillage/Tomato_Spider_mites_Two_spotted_spider_mite/0c817d69-a13f-47d9-be7b-a17eea45774d___Com.G_SpM_FL 8613.JPG,Tomato_Spider_mites_Two_spotted_spider_mite,PlantVillage external crop disease dataset
data/PlantVillage/Potato___Early_blight/17a06d03-8a7b-48a8-aaf9-3300741c65de___RS_Early.B 7625.JPG,Potato___Early_blight,PlantVillage external crop disease dataset
data/PlantVillage/Potato___Late_blight/2b7f92a9-9bd8-4461-9588-ab98abf54be0___RS_LB 2575.JPG,Potato___Late_blight,PlantVillage external crop disease dataset
data/PlantVillage/Potato___Early_blight/23546e04-7151-4dbd-95a1-687d963eb132___RS_Early.B 7402.JPG,Potato___Early_blight,PlantVillage external crop disease dataset
data/PlantVillage/Pepper__bell___Bacterial_spot/435993b8-c7f7-47fd-85ad-bdb04ab3e8bb___JR_B.Spot 8976.JPG,Pepper__bell___Bacterial_spot,PlantVillage external crop disease dataset
data/PlantVillage/Pepper__bell___Bacterial_spot/1b0cfb07-f452-49e0-85ad-45f3f519ca7a___JR_B.Spot 9094.JPG,Pepper__bell___Bacterial_spot,PlantVillage external crop disease dataset
data/PlantVillage/Tomato_Late_blight/03a15d38-e1b5-4586-b763-2bad2d268290___RS_Late.B 5207.JPG,Tomato_Late_blight,PlantVillage external crop disease dataset
data/PlantVillage/Pepper__bell___healthy/36601aca-8bb5-4a68-91a5-4d11641250e0___JR_HL 8419.JPG,Pepper__bell___healthy,PlantVillage external crop disease dataset
data/PlantVillage/Tomato_Late_blight/142fbb48-886a-4b2b-8a2a-52e548e7e2b7___GHLB2 Leaf 117.3.JPG,Tomato_Late_blight,PlantVillage external crop disease dataset
data/PlantVillage/Tomato_healthy/0f5a5880-c1f1-4356-8336-d65c69b54cc1___GH_HL Leaf 380.1JPG.JPG,Tomato_healthy,PlantVillage external crop disease dataset
data/PlantVillage/Pepper__bell___Bacterial_spot/27388bbc-c768-427c-94d4-c195af364507___JR_B.Spot 8935.JPG,Pepper__bell___Bacterial_spot,PlantVillage external crop disease dataset
data/PlantVillage/Tomato_healthy/2b815107-e4d1-4f97-b8eb-72a06b2198f3___RS_HL 0399.JPG,Tomato_healthy,PlantVillage external crop disease dataset
data/PlantVillage/PlantVillage/Pepper__bell___Bacterial_spot/3d5f977b-126e-4c4b-b6c2-5d81a69cf2d0___JR_B.Spot 3220.JPG,PlantVillage,PlantVillage external crop disease dataset
data/PlantVillage/Tomato_Late_blight/03e8a2f9-6a7e-43dd-8a1b-3eb7cf99b89b___RS_Late.B 5034.JPG,Tomato_Late_blight,PlantVillage external crop disease dataset
data/PlantVillage/Tomato_Late_blight/226a2cf0-d065-492d-93bf-502dae8aca94___RS_Late.B 6417.JPG,Tomato_Late_blight,PlantVillage external crop disease dataset
data/PlantVillage/Tomato__Tomato_YellowLeaf__Curl_Virus/0d613c80-738a-42da-834f-7db6203018ff___UF.GRC_YLCV_Lab 02393.JPG,Tomato__Tomato_YellowLeaf__Curl_Virus,PlantVillage external crop disease dataset
data/PlantVillage/Tomato_Spider_mites_Two_spotted_spider_mite/01720a27-7595-496b-bf53-dbe5c8c1e2c3___Com.G_SpM_FL 8476.JPG,Tomato_Spider_mites_Two_spotted_spider_mite,PlantVillage external crop disease dataset
data/PlantVillage/Potato___Early_blight/16133ed7-f960-44a5-bd03-8e665e777363___RS_Early.B 7504.JPG,Potato___Early_blight,PlantVillage external crop disease dataset
data/PlantVillage/PlantVillage/Pepper__bell___Bacterial_spot/41fed9b9-d409-4b56-a9d6-3e98f31a4e3a___JR_B.Spot 3275.JPG,PlantVillage,PlantVillage external crop disease dataset
data/PlantVillage/Tomato__Target_Spot/1d8579f3-ef8b-4a8e-be98-7e39fe8bbf9a___Com.G_TgS_FL 7944.JPG,Tomato__Target_Spot,PlantVillage external crop disease dataset
data/PlantVillage/Potato___Early_blight/38807f81-ce49-4978-916a-a6cd2a95bfb0___RS_Early.B 8397.JPG,Potato___Early_blight,PlantVillage external crop disease dataset
data/PlantVillage/Tomato__Target_Spot/1ecca1a2-c028-4cf8-8861-6fcb365bffca___Com.G_TgS_FL 9707.JPG,Tomato__Target_Spot,PlantVillage external crop disease dataset
data/PlantVillage/Tomato__Tomato_mosaic_virus/21fe0741-4ff6-4f8f-8969-6b8bdeea58fa___PSU_CG 2278.JPG,Tomato__Tomato_mosaic_virus,PlantVillage external crop disease dataset
data/PlantVillage/Pepper__bell___Bacterial_spot/13955856-c347-4039-ba30-09ea39d66534___NREC_B.Spot 9114.JPG,Pepper__bell___Bacterial_spot,PlantVillage external crop disease dataset
data/PlantVillage/Tomato__Tomato_mosaic_virus/a3f05d12-0e65-4f04-8f7d-5299124eb392___PSU_CG 2204.JPG,Tomato__Tomato_mosaic_virus,PlantVillage external crop disease dataset
data/PlantVillage/Potato___Early_blight/028f9b73-142f-499a-9c7b-d7c1ed5e5506___RS_Early.B 8546.JPG,Potato___Early_blight,PlantVillage external crop disease dataset
data/PlantVillage/Tomato_Late_blight/136d79a3-4eea-4415-9f3e-0ccb61d7aeef___RS_Late.B 5216.JPG,Tomato_Late_blight,PlantVillage external crop disease dataset
data/PlantVillage/Tomato_Spider_mites_Two_spotted_spider_mite/221cfaea-f871-4675-91fd-fab2cf534d69___Com.G_SpM_FL 9655.JPG,Tomato_Spider_mites_Two_spotted_spider_mite,PlantVillage external crop disease dataset
data/PlantVillage/Tomato_Septoria_leaf_spot/18f7f428-70e1-42d2-be8f-44e0dab35e17___JR_Sept.L.S 2648.JPG,Tomato_Septoria_leaf_spot,PlantVillage external crop disease dataset
data/PlantVillage/Potato___Late_blight/440adc9e-3f21-4373-ab9a-ed003c3588f3___RS_LB 4152.JPG,Potato___Late_blight,PlantVillage external crop disease dataset
data/PlantVillage/Tomato_Late_blight/1cb5d336-3649-49bf-aa9a-72950067b8b0___GHLB_PS Leaf 12 Day 9.jpg,Tomato_Late_blight,PlantVillage external crop disease dataset
data/PlantVillage/Tomato__Tomato_YellowLeaf__Curl_Virus/054013a2-1b8d-4ed8-82f1-1e90fae528ae___UF.GRC_YLCV_Lab 02676.JPG,Tomato__Tomato_YellowLeaf__Curl_Virus,PlantVillage external crop disease dataset
data/PlantVillage/Tomato_Bacterial_spot/04da1f61-623b-4878-86ed-3ea24723b515___GCREC_Bact.Sp 5700.JPG,Tomato_Bacterial_spot,PlantVillage external crop disease dataset
data/PlantVillage/PlantVillage/Pepper__bell___Bacterial_spot/3b9a94fb-856a-4576-94e3-6c16bf01118f___JR_B.Spot 8956.JPG,PlantVillage,PlantVillage external crop disease dataset
data/PlantVillage/Tomato_Late_blight/0cc44f97-c421-4824-92a9-c9a18b005d1d___GHLB2 Leaf 8540.JPG,Tomato_Late_blight,PlantVillage external crop disease dataset
data/PlantVillage/Potato___Early_blight/37d5791e-19e8-4095-a1cd-36aede6d0802___RS_Early.B 7172.JPG,Potato___Early_blight,PlantVillage external crop disease dataset
data/PlantVillage/Tomato__Tomato_mosaic_virus/021accd9-bbb2-4777-8f94-93295e6de49e___PSU_CG 2075.JPG,Tomato__Tomato_mosaic_virus,PlantVillage external crop disease dataset
data/PlantVillage/Tomato__Target_Spot/1ae385d6-0c21-402d-b291-d3b7c0ed57c5___Com.G_TgS_FL 8131.JPG,Tomato__Target_Spot,PlantVillage external crop disease dataset
data/PlantVillage/Tomato_healthy/017a4026-813a-4983-887a-4052bb78c397___RS_HL 0218.JPG,Tomato_healthy,PlantVillage external crop disease dataset
data/PlantVillage/Tomato_healthy/21d294dd-0c03-457d-a02d-1243bdf0ff4f___RS_HL 9887.JPG,Tomato_healthy,PlantVillage external crop disease dataset
data/PlantVillage/Tomato__Tomato_mosaic_virus/27ebc6ca-9094-46c1-9fa7-35432b9adb93___PSU_CG 2310.JPG,Tomato__Tomato_mosaic_virus,PlantVillage external crop disease dataset
data/PlantVillage/Tomato_Early_blight/19427ace-5a24-4e30-8a4d-228ab4a3b99b___RS_Erly.B 7403.JPG,Tomato_Early_blight,PlantVillage external crop disease dataset
data/PlantVillage/Tomato_Bacterial_spot/17bcc3fa-9905-4fcf-938b-c5e63e214718___GCREC_Bact.Sp 6329.JPG,Tomato_Bacterial_spot,PlantVillage external crop disease dataset
data/PlantVillage/Tomato_Septoria_leaf_spot/24d02979-1bba-4ecf-965f-756e41d6bb90___JR_Sept.L.S 8347.JPG,Tomato_Septoria_leaf_spot,PlantVillage external crop disease dataset
data/PlantVillage/Tomato_Septoria_leaf_spot/231f9534-833a-48b3-9da1-d3c4be1747e9___JR_Sept.L.S 2475.JPG,Tomato_Septoria_leaf_spot,PlantVillage external crop disease dataset
data/PlantVillage/Tomato_Septoria_leaf_spot/0ca7ed02-4540-47df-b01d-194b23226a2d___Matt.S_CG 1733.JPG,Tomato_Septoria_leaf_spot,PlantVillage external crop disease dataset
data/PlantVillage/Potato___Early_blight/34f44be4-9dc5-460b-896d-cd6593166fe7___RS_Early.B 8175.JPG,Potato___Early_blight,PlantVillage external crop disease dataset
data/PlantVillage/Tomato_Spider_mites_Two_spotted_spider_mite/1687e54f-583f-4ecb-9b63-c36ea438baba___Com.G_SpM_FL 9577.JPG,Tomato_Spider_mites_Two_spotted_spider_mite,PlantVillage external crop disease dataset
data/PlantVillage/Tomato_healthy/2bc7f6c3-7765-4ab0-926b-57fc918bfbf0___GH_HL Leaf 305.JPG,Tomato_healthy,PlantVillage external crop disease dataset
data/PlantVillage/Tomato_healthy/1a308834-fdd7-4121-ae03-5736d8d52e26___RS_HL 9689.JPG,Tomato_healthy,PlantVillage external crop disease dataset
data/PlantVillage/Tomato__Target_Spot/356ff048-7937-4c55-b0d4-f831c7cb80e4___Com.G_TgS_FL 0680.JPG,Tomato__Target_Spot,PlantVillage external crop disease dataset
data/PlantVillage/Tomato_Spider_mites_Two_spotted_spider_mite/28e17f4d-3d61-4a61-9be7-71aafd78864b___Com.G_SpM_FL 9312.JPG,Tomato_Spider_mites_Two_spotted_spider_mite,PlantVillage external crop disease dataset
data/PlantVillage/Tomato__Tomato_mosaic_virus/01b32f27-2b9b-4961-805b-8066bf4d90f1___PSU_CG 2417.JPG,Tomato__Tomato_mosaic_virus,PlantVillage external crop disease dataset
data/PlantVillage/Tomato_Early_blight/1863e110-8422-400b-89a6-f0ef457659cc___RS_Erly.B 6462.JPG,Tomato_Early_blight,PlantVillage external crop disease dataset
data/PlantVillage/Pepper__bell___healthy/023f9133-6194-41d5-b4b0-e82821bda698___JR_HL 5884.JPG,Pepper__bell___healthy,PlantVillage external crop disease dataset
data/PlantVillage/Potato___healthy/bb04f738-1848-4dda-8834-384a48b335cd___RS_HL 1765.JPG,Potato___healthy,PlantVillage external crop disease dataset
data/PlantVillage/Tomato_Late_blight/149b8460-2bf2-409a-ad61-b8f34d33cd82___RS_Late.B 6826.JPG,Tomato_Late_blight,PlantVillage external crop disease dataset
data/PlantVillage/Tomato_Leaf_Mold/41510736-fe3f-4ad7-888d-2b527f63672d___Crnl_L.Mold 8780.JPG,Tomato_Leaf_Mold,PlantVillage external crop disease dataset
data/PlantVillage/Pepper__bell___Bacterial_spot/176a9f0a-b815-4e4d-88d4-0960610f723b___NREC_B.Spot 1820.JPG,Pepper__bell___Bacterial_spot,PlantVillage external crop disease dataset
data/PlantVillage/Tomato__Target_Spot/3a12d335-da9d-454c-925d-157e5b59f3b9___Com.G_TgS_FL 8144.JPG,Tomato__Target_Spot,PlantVillage external crop disease dataset
data/PlantVillage/Potato___Late_blight/4324e62b-d7e0-4caa-a417-5eb3dd8712ee___RS_LB 5452.JPG,Potato___Late_blight,PlantVillage external crop disease dataset
data/PlantVillage/Tomato_Bacterial_spot/057e3333-e63f-4259-888e-12869cc457c7___GCREC_Bact.Sp 3317.JPG,Tomato_Bacterial_spot,PlantVillage external crop disease dataset
data/PlantVillage/Tomato__Tomato_mosaic_virus/0ce34f26-3bd6-420e-ba31-0373b465f267___PSU_CG 2099.JPG,Tomato__Tomato_mosaic_virus,PlantVillage external crop disease dataset
data/PlantVillage/Tomato_Leaf_Mold/3d203bd1-7814-4d66-a2eb-cf97193c1fbb___Crnl_L.Mold 8960.JPG,Tomato_Leaf_Mold,PlantVillage external crop disease dataset
data/PlantVillage/Tomato__Tomato_mosaic_virus/9a3a36e0-b0eb-4844-84f5-db08e2d9adef___PSU_CG 2300.JPG,Tomato__Tomato_mosaic_virus,PlantVillage external crop disease dataset
data/PlantVillage/Potato___healthy/dca8ac5c-b925-435a-a5e9-da09fa8938a1___RS_HL 4182.JPG,Potato___healthy,PlantVillage external crop disease dataset
data/PlantVillage/Tomato_Leaf_Mold/158d72b9-7f14-4466-9b20-13909636294f___Crnl_L.Mold 8829.JPG,Tomato_Leaf_Mold,PlantVillage external crop disease dataset
data/PlantVillage/Potato___Early_blight/3b090cee-ba51-44c2-9cc6-4581db95070e___RS_Early.B 7789.JPG,Potato___Early_blight,PlantVillage external crop disease dataset
data/PlantVillage/Potato___Early_blight/3ec5894d-dcc2-4276-ba28-0048b6d5605a___RS_Early.B 8027.JPG,Potato___Early_blight,PlantVillage external crop disease dataset
data/PlantVillage/Potato___healthy/8665efd2-fa3d-45f8-b1c0-746c99fb7d1e___RS_HL 1924.JPG,Potato___healthy,PlantVillage external crop disease dataset
data/PlantVillage/Potato___Early_blight/4e478f6a-b8cf-425f-85e8-d80d6aaab8e1___RS_Early.B 9026.JPG,Potato___Early_blight,PlantVillage external crop disease dataset
data/PlantVillage/Tomato__Tomato_YellowLeaf__Curl_Virus/0c4b231f-3230-448f-91f0-2c70a23fb3d6___UF.GRC_YLCV_Lab 09353.JPG,Tomato__Tomato_YellowLeaf__Curl_Virus,PlantVillage external crop disease dataset
data/PlantVillage/Potato___Late_blight/051089cf-e083-4fdb-9256-aac12b8a55d2___RS_LB 4078.JPG,Potato___Late_blight,PlantVillage external crop disease dataset
data/PlantVillage/Tomato_Spider_mites_Two_spotted_spider_mite/0bfd3a50-768e-4661-a134-43aaee7a1c1d___Com.G_SpM_FL 8837.JPG,Tomato_Spider_mites_Two_spotted_spider_mite,PlantVillage external crop disease dataset
data/PlantVillage/Tomato_Early_blight/289972f1-4f80-432d-8f44-39c16ea787c3___RS_Erly.B 7542.JPG,Tomato_Early_blight,PlantVillage external crop disease dataset
data/PlantVillage/Potato___Early_blight/4138df1f-b8f7-429f-9e95-a627f6aba912___RS_Early.B 7667.JPG,Potato___Early_blight,PlantVillage external crop disease dataset
data/PlantVillage/Potato___Early_blight/22d1678a-3abd-4fe6-ac13-b654e2589280___RS_Early.B 8523.JPG,Potato___Early_blight,PlantVillage external crop disease dataset
data/PlantVillage/Potato___Late_blight/4cc2dba7-6871-481d-8989-07ea683e58b5___RS_LB 4979.JPG,Potato___Late_blight,PlantVillage external crop disease dataset
data/PlantVillage/Tomato_Septoria_leaf_spot/046a86f0-bdae-438b-9c1f-b840c706f409___JR_Sept.L.S 8530.JPG,Tomato_Septoria_leaf_spot,PlantVillage external crop disease dataset
data/PlantVillage/PlantVillage/Pepper__bell___Bacterial_spot/20a9aed4-ba56-413d-b88d-f4491cf184b3___JR_B.Spot 3265.JPG,PlantVillage,PlantVillage external crop disease dataset
data/PlantVillage/Tomato_healthy/199f4f32-6e91-4031-b861-bac1abe3452a___RS_HL 9763.JPG,Tomato_healthy,PlantVillage external crop disease dataset
data/PlantVillage/PlantVillage/Pepper__bell___Bacterial_spot/3e71a4e5-32e9-404e-815c-95208f7a79fd___JR_B.Spot 3258.JPG,PlantVillage,PlantVillage external crop disease dataset
data/PlantVillage/Potato___Early_blight/403aa255-393c-43b4-8f68-f68efbf4f5df___RS_Early.B 8544.JPG,Potato___Early_blight,PlantVillage external crop disease dataset
data/PlantVillage/Tomato__Tomato_YellowLeaf__Curl_Virus/00c16232-5beb-41a1-9a05-b18a02f10ca1___YLCV_NREC 2536.JPG,Tomato__Tomato_YellowLeaf__Curl_Virus,PlantVillage external crop disease dataset
data/PlantVillage/Pepper__bell___healthy/023563f1-a71a-433d-aefc-d6c7aef8e9eb___JR_HL 8067.JPG,Pepper__bell___healthy,PlantVillage external crop disease dataset
data/PlantVillage/Potato___Late_blight/224d9d63-c097-4142-b1a6-56f88a7bae2e___RS_LB 2630.JPG,Potato___Late_blight,PlantVillage external crop disease dataset
data/PlantVillage/Tomato__Tomato_YellowLeaf__Curl_Virus/08b0de32-ab59-46cc-81e2-cef690a3e2b7___YLCV_GCREC 2401.JPG,Tomato__Tomato_YellowLeaf__Curl_Virus,PlantVillage external crop disease dataset
data/PlantVillage/Tomato_Spider_mites_Two_spotted_spider_mite/1b9607e3-1eec-4a0f-876b-f7923515b7e6___Com.G_SpM_FL 9288.JPG,Tomato_Spider_mites_Two_spotted_spider_mite,PlantVillage external crop disease dataset
data/PlantVillage/Tomato__Tomato_YellowLeaf__Curl_Virus/0068fe04-aa0c-4d92-8af0-f05c9d8db6eb___UF.GRC_YLCV_Lab 01755.JPG,Tomato__Tomato_YellowLeaf__Curl_Virus,PlantVillage external crop disease dataset
data/PlantVillage/Tomato_Late_blight/0418161a-871a-4d36-b988-c95f89e0feaf___RS_Late.B 7063.JPG,Tomato_Late_blight,PlantVillage external crop disease dataset
data/PlantVillage/Tomato__Target_Spot/100058f3-57c8-4237-b57b-b46a48db3730___Com.G_TgS_FL 7973.JPG,Tomato__Target_Spot,PlantVillage external crop disease dataset
data/PlantVillage/Tomato_Early_blight/0f065614-a53a-4c83-9d29-5d3e4ab5b41d___RS_Erly.B 7676.JPG,Tomato_Early_blight,PlantVillage external crop disease dataset
data/PlantVillage/Tomato_healthy/2b37cb9f-75c0-4e26-b82a-053525aa3d2d___RS_HL 9989.JPG,Tomato_healthy,PlantVillage external crop disease dataset
data/PlantVillage/Tomato__Target_Spot/14f0c0f2-b40f-446d-94f8-e1a2bc3246fd___Com.G_TgS_FL 0840.JPG,Tomato__Target_Spot,PlantVillage external crop disease dataset
data/PlantVillage/Potato___Early_blight/41f4502c-34aa-45a5-b593-7191f7a62f96___RS_Early.B 8774.JPG,Potato___Early_blight,PlantVillage external crop disease dataset
data/PlantVillage/Potato___Early_blight/357426c8-5b7b-4d56-9cb0-13cfaecc219f___RS_Early.B 7326.JPG,Potato___Early_blight,PlantVillage external crop disease dataset
data/PlantVillage/Tomato_Late_blight/079f7695-a60e-4a35-a1f3-fbe71cf19126___GHLB2 Leaf 8783.JPG,Tomato_Late_blight,PlantVillage external crop disease dataset
data/PlantVillage/Tomato__Tomato_YellowLeaf__Curl_Virus/0112d4b1-6cf3-4a5b-a87c-792eef80637a___YLCV_NREC 2744.JPG,Tomato__Tomato_YellowLeaf__Curl_Virus,PlantVillage external crop disease dataset
data/PlantVillage/Pepper__bell___Bacterial_spot/46414704-3483-4a44-b786-6b8ee1814ed7___NREC_B.Spot 9133.JPG,Pepper__bell___Bacterial_spot,PlantVillage external crop disease dataset
data/PlantVillage/Potato___Late_blight/0acdc2b2-0dde-4073-8542-6fca275ab974___RS_LB 4857.JPG,Potato___Late_blight,PlantVillage external crop disease dataset
data/PlantVillage/Pepper__bell___Bacterial_spot/3da16030-36bd-4866-826f-70945a9f8b60___JR_B.Spot 8934.JPG,Pepper__bell___Bacterial_spot,PlantVillage external crop disease dataset
data/PlantVillage/Tomato__Tomato_mosaic_virus/046a2559-23b4-4018-a3db-337347ceb391___PSU_CG 2321.JPG,Tomato__Tomato_mosaic_virus,PlantVillage external crop disease dataset
data/PlantVillage/Tomato__Tomato_YellowLeaf__Curl_Virus/0a14b65b-2e45-4bed-be45-c482a40a4f7c___UF.GRC_YLCV_Lab 02090.JPG,Tomato__Tomato_YellowLeaf__Curl_Virus,PlantVillage external crop disease dataset
data/PlantVillage/Tomato_Spider_mites_Two_spotted_spider_mite/25942223-0e8b-43f0-af12-f156ff075486___Com.G_SpM_FL 1560.JPG,Tomato_Spider_mites_Two_spotted_spider_mite,PlantVillage external crop disease dataset
data/PlantVillage/Tomato_Leaf_Mold/16cf47c0-abb4-47e3-bab3-4a7c6348b7ab___Crnl_L.Mold 6995.JPG,Tomato_Leaf_Mold,PlantVillage external crop disease dataset
data/PlantVillage/Tomato_healthy/06d3fe74-beca-4722-ae07-eeb671b82780___RS_HL 9701.JPG,Tomato_healthy,PlantVillage external crop disease dataset
data/PlantVillage/PlantVillage/Pepper__bell___Bacterial_spot/17737361-6967-452a-ac5d-efebaa1d8a35___NREC_B.Spot 9127.JPG,PlantVillage,PlantVillage external crop disease dataset
data/PlantVillage/Potato___Late_blight/14691d2b-446b-4f0e-921b-60d3b76cbf03___RS_LB 2518.JPG,Potato___Late_blight,PlantVillage external crop disease dataset
data/PlantVillage/Potato___healthy/c85bacb0-e5e8-4127-a0b0-a7342f2cab5f___RS_HL 5406.JPG,Potato___healthy,PlantVillage external crop disease dataset
data/PlantVillage/Potato___Early_blight/1daae61a-7014-4efe-b855-018999a5be9b___RS_Early.B 6852.JPG,Potato___Early_blight,PlantVillage external crop disease dataset
data/PlantVillage/Pepper__bell___Bacterial_spot/12c953a0-bd3e-45d0-aaea-5139f5d63e01___JR_B.Spot 8863.JPG,Pepper__bell___Bacterial_spot,PlantVillage external crop disease dataset
data/PlantVillage/Potato___Late_blight/006cc01a-1888-4326-9b62-a65cb55a6377___RS_LB 5207.JPG,Potato___Late_blight,PlantVillage external crop disease dataset
data/PlantVillage/Tomato__Tomato_YellowLeaf__Curl_Virus/09188838-cc89-4925-94c5-d9563c4cb4bf___UF.GRC_YLCV_Lab 02974.JPG,Tomato__Tomato_YellowLeaf__Curl_Virus,PlantVillage external crop disease dataset
data/PlantVillage/Pepper__bell___healthy/31394cd0-c576-4d84-9318-63e7a4ee4170___JR_HL 8640.JPG,Pepper__bell___healthy,PlantVillage external crop disease dataset
data/PlantVillage/Potato___Late_blight/1c6ec55e-182e-4b7c-b416-07029edfc970___RS_LB 3950.JPG,Potato___Late_blight,PlantVillage external crop disease dataset
data/PlantVillage/Pepper__bell___healthy/31123ed4-ec77-4c22-8a11-0fa1efbdf2bc___JR_HL 8540.JPG,Pepper__bell___healthy,PlantVillage external crop disease dataset
data/PlantVillage/Tomato__Tomato_mosaic_virus/a409fdf6-263d-4160-b007-52e531010def___PSU_CG 2291.JPG,Tomato__Tomato_mosaic_virus,PlantVillage external crop disease dataset
data/PlantVillage/Tomato_healthy/0d615a38-cfa4-45e4-b1b4-9977220e19ca___RS_HL 9815.JPG,Tomato_healthy,PlantVillage external crop disease dataset
data/PlantVillage/PlantVillage/Pepper__bell___Bacterial_spot/33952a4a-ef41-4eff-9a2a-35bbea1b6686___JR_B.Spot 3200.JPG,PlantVillage,PlantVillage external crop disease dataset
data/PlantVillage/Tomato_Septoria_leaf_spot/262d9b58-6733-4da4-aa2e-4fa0ca34b3e1___Matt.S_CG 7523.JPG,Tomato_Septoria_leaf_spot,PlantVillage external crop disease dataset
data/PlantVillage/Pepper__bell___Bacterial_spot/141a46fa-9293-4810-9cf6-b329346f8fb2___JR_B.Spot 8995.JPG,Pepper__bell___Bacterial_spot,PlantVillage external crop disease dataset
data/PlantVillage/Tomato__Target_Spot/17cc92e0-8ca2-4917-8a55-1c4eb0e66182___Com.G_TgS_FL 9857.JPG,Tomato__Target_Spot,PlantVillage external crop disease dataset
data/PlantVillage/Tomato__Target_Spot/0da91f19-f1bb-4129-b122-459648794512___Com.G_TgS_FL 8276.JPG,Tomato__Target_Spot,PlantVillage external crop disease dataset
data/PlantVillage/Tomato_Early_blight/21f9a0a5-b145-40e7-8884-df2bb52eb592___RS_Erly.B 7391.JPG,Tomato_Early_blight,PlantVillage external crop disease dataset
data/PlantVillage/Pepper__bell___healthy/25f0c780-fe79-473f-914a-d7201eb2a3c1___JR_HL 8512.JPG,Pepper__bell___healthy,PlantVillage external crop disease dataset
data/PlantVillage/PlantVillage/Pepper__bell___Bacterial_spot/3c237d3f-7242-4009-a08a-b4eb7cd662fc___NREC_B.Spot 1969.JPG,PlantVillage,PlantVillage external crop disease dataset
data/PlantVillage/Tomato_Early_blight/1829d517-53ae-48a9-b721-5043dd10d0d2___RS_Erly.B 9518.JPG,Tomato_Early_blight,PlantVillage external crop disease dataset
data/PlantVillage/Tomato_Leaf_Mold/2a27ed39-5f6c-490e-8dae-8b1df4683dbc___Crnl_L.Mold 9099.JPG,Tomato_Leaf_Mold,PlantVillage external crop disease dataset
data/PlantVillage/Tomato__Tomato_mosaic_virus/c03d1596-7911-42f1-bbf3-3f3c052b3e76___PSU_CG 2223.JPG,Tomato__Tomato_mosaic_virus,PlantVillage external crop disease dataset
data/PlantVillage/Tomato__Target_Spot/04889d08-6298-45d8-ab6c-0119fd1c2104___Com.G_TgS_FL 0778.JPG,Tomato__Target_Spot,PlantVillage external crop disease dataset
data/PlantVillage/Tomato__Tomato_YellowLeaf__Curl_Virus/0a1d1def-462c-46d3-90e6-2a11fcb45a21___UF.GRC_YLCV_Lab 01675.JPG,Tomato__Tomato_YellowLeaf__Curl_Virus,PlantVillage external crop disease dataset
data/PlantVillage/Potato___Early_blight/034959c1-f1e8-4a79-a6d5-3c1d14efa2f3___RS_Early.B 7136.JPG,Potato___Early_blight,PlantVillage external crop disease dataset
data/PlantVillage/Tomato_Late_blight/024dc5bb-7990-4256-b2b4-a8495b71cbd4___RS_Late.B 6064.JPG,Tomato_Late_blight,PlantVillage external crop disease dataset
data/PlantVillage/Potato___Early_blight/454203b9-0376-4db3-92ed-047545daa7c6___RS_Early.B 6953.JPG,Potato___Early_blight,PlantVillage external crop disease dataset
data/PlantVillage/Tomato_healthy/22e8c73b-41bf-4974-a244-d79730bcc5b1___RS_HL 0628.JPG,Tomato_healthy,PlantVillage external crop disease dataset
data/PlantVillage/Tomato_healthy/06040967-7b02-43b5-a3fc-4490a9a7ded6___RS_HL 0508.JPG,Tomato_healthy,PlantVillage external crop disease dataset
data/PlantVillage/Potato___Late_blight/29a30aec-e060-43f2-bd81-27d8ad1cebf2___RS_LB 4911.JPG,Potato___Late_blight,PlantVillage external crop disease dataset
data/PlantVillage/Tomato__Target_Spot/0d15f8d7-a777-4c3b-b5e4-5b1d31661e89___Com.G_TgS_FL 1094.JPG,Tomato__Target_Spot,PlantVillage external crop disease dataset
data/PlantVillage/PlantVillage/Pepper__bell___Bacterial_spot/0d524d59-fb02-481b-9034-64f1de0da914___NREC_B.Spot 9060.JPG,PlantVillage,PlantVillage external crop disease dataset
data/PlantVillage/Tomato_Bacterial_spot/0d922399-7ba5-4d12-b84e-bb4b966c58ae___GCREC_Bact.Sp 6307.JPG,Tomato_Bacterial_spot,PlantVillage external crop disease dataset
data/PlantVillage/Tomato__Tomato_mosaic_virus/9a3941e6-32bc-4417-862b-2f03e4040b65___PSU_CG 2159.JPG,Tomato__Tomato_mosaic_virus,PlantVillage external crop disease dataset
data/PlantVillage/Potato___Early_blight/232c8d25-3bfe-41ea-b24f-2b3629a0253a___RS_Early.B 9200.JPG,Potato___Early_blight,PlantVillage external crop disease dataset
data/PlantVillage/Tomato_Septoria_leaf_spot/04eb9fee-df68-4917-a639-d68e12c08bbc___JR_Sept.L.S 8475.JPG,Tomato_Septoria_leaf_spot,PlantVillage external crop disease dataset
data/PlantVillage/Potato___Late_blight/031672c9-bf0a-46bf-8b52-d7cdc067612e___RS_LB 5019.JPG,Potato___Late_blight,PlantVillage external crop disease dataset
data/PlantVillage/Tomato_Septoria_leaf_spot/131407de-62dc-44bf-81c8-b0c4c173df9e___JR_Sept.L.S 2726.JPG,Tomato_Septoria_leaf_spot,PlantVillage external crop disease dataset
data/PlantVillage/Tomato__Target_Spot/289e2174-b0a2-4b6b-9b18-fcb87b08a165___Com.G_TgS_FL 9791.JPG,Tomato__Target_Spot,PlantVillage external crop disease dataset
data/PlantVillage/Tomato_Early_blight/0401adc0-0998-4d8e-90de-4eae8caf4248___RS_Erly.B 8446.JPG,Tomato_Early_blight,PlantVillage external crop disease dataset
data/PlantVillage/Tomato_Spider_mites_Two_spotted_spider_mite/15f6c5bf-d689-4ffd-a27f-821c0517224c___Com.G_SpM_FL 1591.JPG,Tomato_Spider_mites_Two_spotted_spider_mite,PlantVillage external crop disease dataset
data/PlantVillage/Tomato_Early_blight/366e550d-8604-44cd-b239-325d9e14a4f4___RS_Erly.B 6378.JPG,Tomato_Early_blight,PlantVillage external crop disease dataset
data/PlantVillage/Tomato__Tomato_YellowLeaf__Curl_Virus/0b1dcb63-9519-4b34-af8f-cd2292c86df5___YLCV_GCREC 5294.JPG,Tomato__Tomato_YellowLeaf__Curl_Virus,PlantVillage external crop disease dataset
data/PlantVillage/Tomato__Target_Spot/2cfdcad0-ed4d-496a-80dc-38852264f4cc___Com.G_TgS_FL 0893.JPG,Tomato__Target_Spot,PlantVillage external crop disease dataset
data/PlantVillage/Tomato_Leaf_Mold/44167946-e66c-4206-9501-4f1777bac9ae___Crnl_L.Mold 8639.JPG,Tomato_Leaf_Mold,PlantVillage external crop disease dataset
data/PlantVillage/Pepper__bell___healthy/32f0cd4f-3786-4fc6-84e0-4ffb72e96741___JR_HL 8155.JPG,Pepper__bell___healthy,PlantVillage external crop disease dataset
data/PlantVillage/Tomato_Early_blight/1f402ddb-f3e8-4907-a793-320c8e43446a___RS_Erly.B 9460.JPG,Tomato_Early_blight,PlantVillage external crop disease dataset
data/PlantVillage/Potato___Late_blight/3456a2d1-59d1-4111-9cc8-16a6b12e973e___RS_LB 5249.JPG,Potato___Late_blight,PlantVillage external crop disease dataset
data/PlantVillage/Tomato_Late_blight/0e669afb-1315-4903-b7ca-1a0ffa95d454___RS_Late.B 5626.JPG,Tomato_Late_blight,PlantVillage external crop disease dataset
data/PlantVillage/Tomato_healthy/06704d9f-3bbc-40cd-a5eb-258ed55e172b___GH_HL Leaf 491.1.JPG,Tomato_healthy,PlantVillage external crop disease dataset
data/PlantVillage/Tomato_Leaf_Mold/26088b3b-58c2-4037-90e3-8c8d8c4cf441___Crnl_L.Mold 9119.JPG,Tomato_Leaf_Mold,PlantVillage external crop disease dataset
data/PlantVillage/Potato___Late_blight/2c33381e-78d8-47fc-8cea-1459164f46d6___RS_LB 4115.JPG,Potato___Late_blight,PlantVillage external crop disease dataset
data/PlantVillage/Tomato_Early_blight/0fbc786c-62a7-44f3-8db8-2649809bf1aa___RS_Erly.B 9514.JPG,Tomato_Early_blight,PlantVillage external crop disease dataset
data/PlantVillage/Tomato_Late_blight/0ab391bd-e5ba-479c-919b-3aa9a94f66db___GHLB2 Leaf 8934.JPG,Tomato_Late_blight,PlantVillage external crop disease dataset
data/PlantVillage/Tomato_Early_blight/2bdecb58-7e31-4129-83ff-125b7a31c0f6___RS_Erly.B 9506.JPG,Tomato_Early_blight,PlantVillage external crop disease dataset
data/PlantVillage/Tomato__Target_Spot/242cf310-927e-4933-85b6-d4d019ae6db1___Com.G_TgS_FL 0017.JPG,Tomato__Target_Spot,PlantVillage external crop disease dataset
data/PlantVillage/Tomato_Early_blight/47465f0e-80ef-4641-b24b-7147dd82596d___RS_Erly.B 9473.JPG,Tomato_Early_blight,PlantVillage external crop disease dataset
data/PlantVillage/Potato___Early_blight/320be8ee-2f9a-48f2-86fa-1c1d993a2fe2___RS_Early.B 8186.JPG,Potato___Early_blight,PlantVillage external crop disease dataset
data/PlantVillage/Tomato_Bacterial_spot/13b8bbd3-32cf-4c69-bffb-870b7b6720e0___UF.GRC_BS_Lab Leaf 8890.JPG,Tomato_Bacterial_spot,PlantVillage external crop disease dataset
data/PlantVillage/Tomato__Tomato_mosaic_virus/9492201b-e31b-463f-9ffc-1669b8afc908___PSU_CG 2409.JPG,Tomato__Tomato_mosaic_virus,PlantVillage external crop disease dataset
data/PlantVillage/Tomato_Spider_mites_Two_spotted_spider_mite/0e74fa9e-a63f-46b3-a976-46510e7fdfba___Com.G_SpM_FL 8579.JPG,Tomato_Spider_mites_Two_spotted_spider_mite,PlantVillage external crop disease dataset
data/PlantVillage/Tomato_Spider_mites_Two_spotted_spider_mite/12a4f265-5ed5-4818-be8a-5225f8043446___Com.G_SpM_FL 1554.JPG,Tomato_Spider_mites_Two_spotted_spider_mite,PlantVillage external crop disease dataset
data/PlantVillage/Potato___Late_blight/25978f86-dca7-4052-bf6b-7d14ce0438ad___RS_LB 5016.JPG,Potato___Late_blight,PlantVillage external crop disease dataset
data/PlantVillage/Tomato_Early_blight/15fb19ad-8a5a-4e1b-8ed2-c8d48b006b1d___RS_Erly.B 7674.JPG,Tomato_Early_blight,PlantVillage external crop disease dataset
data/PlantVillage/PlantVillage/Pepper__bell___Bacterial_spot/1b0cfb07-f452-49e0-85ad-45f3f519ca7a___JR_B.Spot 9094.JPG,PlantVillage,PlantVillage external crop disease dataset
data/PlantVillage/Tomato_Late_blight/14f55718-8942-41c1-9f1b-f5062aeb0ad8___GHLB2 Leaf 8905.JPG,Tomato_Late_blight,PlantVillage external crop disease dataset
data/PlantVillage/Tomato__Target_Spot/36c496c8-403b-4f76-abea-0834dcda8d0c___Com.G_TgS_FL 8222.JPG,Tomato__Target_Spot,PlantVillage external crop disease dataset
data/PlantVillage/Tomato_Leaf_Mold/3fdba933-d33b-45e3-877c-aaf869a83df4___Crnl_L.Mold 8952.JPG,Tomato_Leaf_Mold,PlantVillage external crop disease dataset
data/PlantVillage/Tomato__Tomato_YellowLeaf__Curl_Virus/0c19cb59-85ac-4ed9-bc56-ccf75915973b___YLCV_GCREC 5345.JPG,Tomato__Tomato_YellowLeaf__Curl_Virus,PlantVillage external crop disease dataset
data/PlantVillage/Potato___healthy/36bdc44c-96a4-40bb-86f7-63a91d706e96___RS_HL 4203.JPG,Potato___healthy,PlantVillage external crop disease dataset
data/PlantVillage/Tomato__Target_Spot/1e5f36a1-69fd-4256-be5d-ae451546b94c___Com.G_TgS_FL 8094.JPG,Tomato__Target_Spot,PlantVillage external crop disease dataset
data/PlantVillage/PlantVillage/Pepper__bell___Bacterial_spot/3b03d630-d2a3-4c76-9c95-0783b50895d8___NREC_B.Spot 9168.JPG,PlantVillage,PlantVillage external crop disease dataset
data/PlantVillage/Tomato_Leaf_Mold/030ea180-4eb5-4f91-918e-56c7cfe2c001___Crnl_L.Mold 7076.JPG,Tomato_Leaf_Mold,PlantVillage external crop disease dataset
data/PlantVillage/Tomato_healthy/2b91175f-d3de-47dd-b386-5fd639e8b531___RS_HL 0216.JPG,Tomato_healthy,PlantVillage external crop disease dataset
data/PlantVillage/Tomato_Spider_mites_Two_spotted_spider_mite/20dcc445-3179-4092-8083-0c55be8e9579___Com.G_SpM_FL 1698.JPG,Tomato_Spider_mites_Two_spotted_spider_mite,PlantVillage external crop disease dataset
data/PlantVillage/Pepper__bell___Bacterial_spot/2a8a3b2f-d65a-416b-a251-63bb89f448c3___JR_B.Spot 3322.JPG,Pepper__bell___Bacterial_spot,PlantVillage external crop disease dataset
data/PlantVillage/Pepper__bell___healthy/35c7f0ff-2b3b-4d07-be50-08ff0edfc51f___JR_HL 7625.JPG,Pepper__bell___healthy,PlantVillage external crop disease dataset
data/PlantVillage/Tomato_Early_blight/04747279-48b2-4ce1-932b-e511424beb6b___RS_Erly.B 8240.JPG,Tomato_Early_blight,PlantVillage external crop disease dataset
data/PlantVillage/Tomato_Early_blight/3069555f-45e9-4208-bc5e-015ce47e34e2___RS_Erly.B 7663.JPG,Tomato_Early_blight,PlantVillage external crop disease dataset
data/PlantVillage/Pepper__bell___Bacterial_spot/139a5c07-332c-4a2d-8bf2-bf33ce9184c6___NREC_B.Spot 1892.JPG,Pepper__bell___Bacterial_spot,PlantVillage external crop disease dataset
data/PlantVillage/Tomato_Spider_mites_Two_spotted_spider_mite/2150b3d6-e3fe-4a45-8355-107954d843c8___Com.G_SpM_FL 8578.JPG,Tomato_Spider_mites_Two_spotted_spider_mite,PlantVillage external crop disease dataset
data/PlantVillage/Pepper__bell___healthy/0e5d9ac1-4de8-491e-ab95-809850866805___JR_HL 8534.JPG,Pepper__bell___healthy,PlantVillage external crop disease dataset
data/PlantVillage/Tomato_Leaf_Mold/3796e4d7-4ff5-411e-988b-893f7d8b701c___Crnl_L.Mold 8800.JPG,Tomato_Leaf_Mold,PlantVillage external crop disease dataset
data/PlantVillage/Tomato__Tomato_YellowLeaf__Curl_Virus/077f081a-67f2-48d2-8084-53b912e65f3c___YLCV_GCREC 2935.JPG,Tomato__Tomato_YellowLeaf__Curl_Virus,PlantVillage external crop disease dataset
data/PlantVillage/PlantVillage/Pepper__bell___Bacterial_spot/42268507-28e9-4fb2-bd74-a2afdb3eebfa___JR_B.Spot 3240.JPG,PlantVillage,PlantVillage external crop disease dataset
data/PlantVillage/Potato___healthy/b28c43f9-5844-4e9b-86bf-36bc114cae07___RS_HL 1736.JPG,Potato___healthy,PlantVillage external crop disease dataset
data/PlantVillage/PlantVillage/Pepper__bell___Bacterial_spot/11e6ce0a-8511-485a-b22c-21b978d28e5e___JR_B.Spot 3383.JPG,PlantVillage,PlantVillage external crop disease dataset
data/PlantVillage/Tomato__Tomato_mosaic_virus/9586aed6-53c5-4245-8994-a60ac12e422c___PSU_CG 2361.JPG,Tomato__Tomato_mosaic_virus,PlantVillage external crop disease dataset
data/PlantVillage/Tomato_healthy/27c1515c-743f-4f4d-8342-fbe3cee29e7e___RS_HL 0344.JPG,Tomato_healthy,PlantVillage external crop disease dataset
data/PlantVillage/Potato___healthy/9c620128-2872-4bbb-bc14-d5b785242cf6___RS_HL 1751.JPG,Potato___healthy,PlantVillage external crop disease dataset
data/PlantVillage/Tomato_Leaf_Mold/36c7da77-dcbc-43d6-bbbf-e3bda0be03f4___Crnl_L.Mold 9041.JPG,Tomato_Leaf_Mold,PlantVillage external crop disease dataset
data/PlantVillage/Tomato_Late_blight/06f654df-cf43-4fd6-b30f-78425136bc35___GHLB2 Leaf 86.2.JPG,Tomato_Late_blight,PlantVillage external crop disease dataset
data/PlantVillage/Tomato__Tomato_mosaic_virus/5c49d086-dc47-480e-b5b1-0b69bacb66bf___PSU_CG 2241.JPG,Tomato__Tomato_mosaic_virus,PlantVillage external crop disease dataset
data/PlantVillage/Potato___Late_blight/4ca06863-f89b-497c-bd3a-9bca78f02942___RS_LB 3088.JPG,Potato___Late_blight,PlantVillage external crop disease dataset
data/PlantVillage/Tomato_healthy/0eb4ba9a-6626-4e46-b561-c226b495073d___RS_HL 9862.JPG,Tomato_healthy,PlantVillage external crop disease dataset
data/PlantVillage/Pepper__bell___Bacterial_spot/286c3d56-edde-4185-89f2-048ee0e7d6aa___JR_B.Spot 3287.JPG,Pepper__bell___Bacterial_spot,PlantVillage external crop disease dataset
data/PlantVillage/Potato___Early_blight/1131b92e-ef46-441e-ac5f-c18ac09bf69a___RS_Early.B 8064.JPG,Potato___Early_blight,PlantVillage external crop disease dataset
data/PlantVillage/Tomato_Septoria_leaf_spot/15c00319-bd7f-45ef-9142-9295a62d701b___Matt.S_CG 0769.JPG,Tomato_Septoria_leaf_spot,PlantVillage external crop disease dataset
data/PlantVillage/Tomato_healthy/1ddf5950-e27f-4928-8f4e-33242953e306___RS_HL 0181.JPG,Tomato_healthy,PlantVillage external crop disease dataset
data/PlantVillage/Pepper__bell___Bacterial_spot/34b6c910-b4aa-416b-a89d-98f63be5055c___NREC_B.Spot 9201.JPG,Pepper__bell___Bacterial_spot,PlantVillage external crop disease dataset
data/PlantVillage/Tomato_Spider_mites_Two_spotted_spider_mite/2c0e3e42-3856-46e3-b12f-57719eeb5ef4___Com.G_SpM_FL 9598.JPG,Tomato_Spider_mites_Two_spotted_spider_mite,PlantVillage external crop disease dataset
data/PlantVillage/Tomato_healthy/0a86ddc0-4950-4efc-9260-0f16d4db046b___RS_HL 0469.JPG,Tomato_healthy,PlantVillage external crop disease dataset
data/PlantVillage/Tomato_Spider_mites_Two_spotted_spider_mite/141ec6e2-9ff8-436c-9d18-9edb8b26d861___Com.G_SpM_FL 8644.JPG,Tomato_Spider_mites_Two_spotted_spider_mite,PlantVillage external crop disease dataset
data/PlantVillage/Tomato_Bacterial_spot/1d83362f-5ea5-40f4-aa21-dfff0e99aff7___UF.GRC_BS_Lab Leaf 0566.JPG,Tomato_Bacterial_spot,PlantVillage external crop disease dataset
data/PlantVillage/PlantVillage/Pepper__bell___Bacterial_spot/04d46cfb-9cc8-4083-82af-ca2bb57c8182___NREC_B.Spot 1814.JPG,PlantVillage,PlantVillage external crop disease dataset
data/PlantVillage/Tomato_Leaf_Mold/36bed8e9-0b39-48f9-a8f7-d776469ce245___Crnl_L.Mold 8912.JPG,Tomato_Leaf_Mold,PlantVillage external crop disease dataset
data/PlantVillage/Tomato_Late_blight/083bd43d-7dcb-4f3c-a0ca-6de1f468c9ef___RS_Late.B 5173.JPG,Tomato_Late_blight,PlantVillage external crop disease dataset
data/PlantVillage/Potato___Early_blight/36548ca6-33b3-4a74-9b2a-52eba7aee9a3___RS_Early.B 9205.JPG,Potato___Early_blight,PlantVillage external crop disease dataset
data/PlantVillage/PlantVillage/Pepper__bell___Bacterial_spot/19a868e4-5e24-43e8-b61b-a41022340f8e___NREC_B.Spot 1886.JPG,PlantVillage,PlantVillage external crop disease dataset
data/PlantVillage/Tomato__Target_Spot/0ac9e61f-8dda-4628-bbf9-4fd81012b7a3___Com.G_TgS_FL 8245.JPG,Tomato__Target_Spot,PlantVillage external crop disease dataset
data/PlantVillage/Tomato_Septoria_leaf_spot/1a88e419-7d5c-45c7-a10f-4e1f80280cd2___Matt.S_CG 1584.JPG,Tomato_Septoria_leaf_spot,PlantVillage external crop disease dataset
data/PlantVillage/Potato___Late_blight/4cd2f7ef-e3aa-4b2a-b382-6fea00bfd070___RS_LB 5006.JPG,Potato___Late_blight,PlantVillage external crop disease dataset
data/PlantVillage/Tomato__Target_Spot/31ea8f3f-dd6c-4a88-bce3-b2311799ff6a___Com.G_TgS_FL 8390.JPG,Tomato__Target_Spot,PlantVillage external crop disease dataset
data/PlantVillage/Tomato_Late_blight/0fca6d09-1931-4767-a195-1dd2b7cd10b7___GHLB Leaf 8 Day 12.JPG,Tomato_Late_blight,PlantVillage external crop disease dataset
data/PlantVillage/Tomato__Target_Spot/1cc31c92-0fbd-488a-b0a2-ef25f985bf13___Com.G_TgS_FL 9840.JPG,Tomato__Target_Spot,PlantVillage external crop disease dataset
data/PlantVillage/Tomato_Septoria_leaf_spot/213cae74-0bfd-4b12-99c8-4ec8bdc69433___Matt.S_CG 2555.JPG,Tomato_Septoria_leaf_spot,PlantVillage external crop disease dataset
data/PlantVillage/Tomato__Tomato_mosaic_virus/739ccd84-1026-4871-8f5c-2320c205fe2e___PSU_CG 2399.JPG,Tomato__Tomato_mosaic_virus,PlantVillage external crop disease dataset
data/PlantVillage/Pepper__bell___healthy/350cc75f-850d-42c3-8312-9cdad63697ab___JR_HL 8587.JPG,Pepper__bell___healthy,PlantVillage external crop disease dataset
data/PlantVillage/Tomato_Early_blight/113562f3-fe24-4b28-9ec8-7ca432bded47___RS_Erly.B 9402.JPG,Tomato_Early_blight,PlantVillage external crop disease dataset
data/PlantVillage/Tomato__Target_Spot/0e8a96d7-528a-4d09-8263-2a2d92f3c3b1___Com.G_TgS_FL 8337.JPG,Tomato__Target_Spot,PlantVillage external crop disease dataset
data/PlantVillage/Pepper__bell___healthy/344a9b3a-0748-4fb0-9622-83be2ebfccf1___JR_HL 8574.JPG,Pepper__bell___healthy,PlantVillage external crop disease dataset
data/PlantVillage/Tomato_Bacterial_spot/177b313d-c3e5-417f-b17b-d945ca4e48ea___GCREC_Bact.Sp 5687.JPG,Tomato_Bacterial_spot,PlantVillage external crop disease dataset
data/PlantVillage/Tomato_Septoria_leaf_spot/14d466da-8b4b-42e1-89b1-cf5f461bd64a___Matt.S_CG 6538.JPG,Tomato_Septoria_leaf_spot,PlantVillage external crop disease dataset
data/PlantVillage/Tomato_Spider_mites_Two_spotted_spider_mite/116999e1-33f4-41bc-a3a3-fbb3332bf143___Com.G_SpM_FL 1603.JPG,Tomato_Spider_mites_Two_spotted_spider_mite,PlantVillage external crop disease dataset
data/PlantVillage/Tomato_Spider_mites_Two_spotted_spider_mite/1ba7b39c-c687-42da-b283-edf7a03b17b7___Com.G_SpM_FL 9484.JPG,Tomato_Spider_mites_Two_spotted_spider_mite,PlantVillage external crop disease dataset
data/PlantVillage/Potato___Late_blight/16e37160-9dca-4110-a914-955304e7daf5___RS_LB 3033.JPG,Potato___Late_blight,PlantVillage external crop disease dataset
data/PlantVillage/Tomato__Target_Spot/1081a896-2b4a-447c-a882-361817ab94b8___Com.G_TgS_FL 0909.JPG,Tomato__Target_Spot,PlantVillage external crop disease dataset
data/PlantVillage/Potato___Early_blight/109730cd-03f3-4139-a464-5f9151483e8c___RS_Early.B 6738.JPG,Potato___Early_blight,PlantVillage external crop disease dataset
data/PlantVillage/Pepper__bell___healthy/07aae897-44cd-4a0c-9471-1bd6234135b0___JR_HL 8745.JPG,Pepper__bell___healthy,PlantVillage external crop disease dataset
data/PlantVillage/Tomato_Early_blight/422802e1-cee5-43b7-b735-7f90b5e5d4e2___RS_Erly.B 7349.JPG,Tomato_Early_blight,PlantVillage external crop disease dataset
data/PlantVillage/Tomato__Tomato_mosaic_virus/c7f8e876-66c2-4014-82a4-47d4556bfb7d___PSU_CG 2418.JPG,Tomato__Tomato_mosaic_virus,PlantVillage external crop disease dataset
data/PlantVillage/Tomato_Leaf_Mold/4541dd58-9728-4492-8729-f4f174d774ac___Crnl_L.Mold 8992.JPG,Tomato_Leaf_Mold,PlantVillage external crop disease dataset
data/PlantVillage/Tomato_Spider_mites_Two_spotted_spider_mite/105833d3-690a-44fa-abd7-0a8c6245f7b0___Com.G_SpM_FL 1277.JPG,Tomato_Spider_mites_Two_spotted_spider_mite,PlantVillage external crop disease dataset
data/PlantVillage/Tomato_Early_blight/1ba9a636-a673-45bc-b515-4fe6848f271e___RS_Erly.B 9605.JPG,Tomato_Early_blight,PlantVillage external crop disease dataset
data/PlantVillage/Potato___Early_blight/37c72e1c-7981-4d84-9587-f5014b609230___RS_Early.B 7457.JPG,Potato___Early_blight,PlantVillage external crop disease dataset
data/PlantVillage/Potato___healthy/77c75478-e1f0-4aaa-9cbc-af1fed928a74___RS_HL 1748.JPG,Potato___healthy,PlantVillage external crop disease dataset
data/PlantVillage/Tomato_Septoria_leaf_spot/0806cabf-f026-43bd-a508-0e8e5a185341___Matt.S_CG 1266.JPG,Tomato_Septoria_leaf_spot,PlantVillage external crop disease dataset
data/PlantVillage/Tomato__Tomato_mosaic_virus/5ecb9930-250d-4fac-9547-e3b5142eec46___PSU_CG 2164.JPG,Tomato__Tomato_mosaic_virus,PlantVillage external crop disease dataset
data/PlantVillage/Tomato__Tomato_mosaic_virus/bdcbce9a-e672-47e2-97d0-1b4e7e57f188___PSU_CG 2403.JPG,Tomato__Tomato_mosaic_virus,PlantVillage external crop disease dataset
data/PlantVillage/Tomato_Late_blight/1aa4ebf9-7329-4108-94f6-8b6e9592d690___GHLB2 Leaf 98.1.JPG,Tomato_Late_blight,PlantVillage external crop disease dataset
data/PlantVillage/Pepper__bell___Bacterial_spot/3d6a3d51-8a9f-42ff-b4bf-299778c3e0a8___JR_B.Spot 3184.JPG,Pepper__bell___Bacterial_spot,PlantVillage external crop disease dataset
data/PlantVillage/Pepper__bell___Bacterial_spot/0fdb66e8-b17d-42c2-bc6d-30dcfab8fcae___JR_B.Spot 9058.JPG,Pepper__bell___Bacterial_spot,PlantVillage external crop disease dataset
data/PlantVillage/Pepper__bell___Bacterial_spot/0b27c03f-b3bc-4d96-9b76-6fbd779404b9___NREC_B.Spot 1799.JPG,Pepper__bell___Bacterial_spot,PlantVillage external crop disease dataset
data/PlantVillage/Pepper__bell___healthy/234945aa-456b-4f88-856c-40ea3dacf0d7___JR_HL 5889.JPG,Pepper__bell___healthy,PlantVillage external crop disease dataset
data/PlantVillage/Tomato_healthy/2e0a7517-332f-4799-a083-5d393172909a___RS_HL 0612.JPG,Tomato_healthy,PlantVillage external crop disease dataset
data/PlantVillage/Tomato_Early_blight/39da27eb-fde9-474b-bf0a-1374901ed82b___RS_Erly.B 7394.JPG,Tomato_Early_blight,PlantVillage external crop disease dataset
data/PlantVillage/Pepper__bell___healthy/190c892d-83a8-42f5-ada3-aaad39d1e7b1___JR_HL 7561.JPG,Pepper__bell___healthy,PlantVillage external crop disease dataset
data/PlantVillage/Tomato_Leaf_Mold/2ecf7371-b3e3-4206-be7c-5a8f3656be8a___Crnl_L.Mold 8921.JPG,Tomato_Leaf_Mold,PlantVillage external crop disease dataset
data/PlantVillage/Potato___healthy/c3caa84b-6078-4489-80ac-919d92d25ff7___RS_HL 1772.JPG,Potato___healthy,PlantVillage external crop disease dataset
data/PlantVillage/Tomato__Target_Spot/225b37a6-449f-4436-92be-ae3299f968a4___Com.G_TgS_FL 8197.JPG,Tomato__Target_Spot,PlantVillage external crop disease dataset
data/PlantVillage/PlantVillage/Pepper__bell___Bacterial_spot/018e494e-d2eb-468b-9d02-40219d9f4921___JR_B.Spot 9045.JPG,PlantVillage,PlantVillage external crop disease dataset
data/PlantVillage/Tomato_Late_blight/03d8267a-c675-439f-9b98-a9c7653dd05e___GHLB2 Leaf 8558.JPG,Tomato_Late_blight,PlantVillage external crop disease dataset
data/PlantVillage/Tomato__Tomato_YellowLeaf__Curl_Virus/031014d0-92fb-40a7-87d0-f000697551ef___YLCV_NREC 2679.JPG,Tomato__Tomato_YellowLeaf__Curl_Virus,PlantVillage external crop disease dataset
data/PlantVillage/Tomato__Target_Spot/3629c94e-1f71-4ec6-91e6-7b3f327c199b___Com.G_TgS_FL 8301.JPG,Tomato__Target_Spot,PlantVillage external crop disease dataset
data/PlantVillage/Tomato_Bacterial_spot/14d87e41-89b0-4872-aa2c-3a85de708d2a___UF.GRC_BS_Lab Leaf 8992.JPG,Tomato_Bacterial_spot,PlantVillage external crop disease dataset
data/PlantVillage/Tomato_Early_blight/0fc8cb27-a10f-4587-a91d-4dbec9f839c7___RS_Erly.B 7715.JPG,Tomato_Early_blight,PlantVillage external crop disease dataset
data/PlantVillage/PlantVillage/Pepper__bell___Bacterial_spot/11b85334-0029-430e-873d-9402bd9e5e9f___JR_B.Spot 9031.JPG,PlantVillage,PlantVillage external crop disease dataset
data/PlantVillage/Pepper__bell___healthy/2a5eb7c8-4c8b-43a6-9448-b3983beef06c___JR_HL 8248.JPG,Pepper__bell___healthy,PlantVillage external crop disease dataset
data/PlantVillage/Tomato__Target_Spot/394f1883-2bd6-488f-b8f1-5d3e363b68b0___Com.G_TgS_FL 0892.JPG,Tomato__Target_Spot,PlantVillage external crop disease dataset
data/PlantVillage/Potato___Late_blight/1650365d-437c-4d36-b110-113a88c1090a___RS_LB 5459.JPG,Potato___Late_blight,PlantVillage external crop disease dataset
data/PlantVillage/Tomato_Spider_mites_Two_spotted_spider_mite/2885962a-dc26-4951-a934-34c726bc32a5___Com.G_SpM_FL 8657.JPG,Tomato_Spider_mites_Two_spotted_spider_mite,PlantVillage external crop disease dataset
data/PlantVillage/Tomato_Spider_mites_Two_spotted_spider_mite/0730f5a3-7001-4d2c-9949-5633c30ce3a5___Com.G_SpM_FL 8809.JPG,Tomato_Spider_mites_Two_spotted_spider_mite,PlantVillage external crop disease dataset
data/PlantVillage/Potato___Early_blight/21d50c27-900e-4644-ab01-0cc96214d2f6___RS_Early.B 7153.JPG,Potato___Early_blight,PlantVillage external crop disease dataset
data/PlantVillage/Pepper__bell___healthy/1d0430f7-af9b-4e3d-9d4a-47cf676556fe___JR_HL 5938.JPG,Pepper__bell___healthy,PlantVillage external crop disease dataset
data/PlantVillage/Tomato_healthy/14f9c049-aeb8-4cfb-84a7-cd39526b8b20___RS_HL 0534.JPG,Tomato_healthy,PlantVillage external crop disease dataset
data/PlantVillage/Pepper__bell___Bacterial_spot/2adcf097-e515-49f1-9716-c0d06d8b52b4___NREC_B.Spot 1933.JPG,Pepper__bell___Bacterial_spot,PlantVillage external crop disease dataset
data/PlantVillage/Pepper__bell___Bacterial_spot/35a552c8-feba-4b4a-9aee-3833e8b1daea___NREC_B.Spot 9200.JPG,Pepper__bell___Bacterial_spot,PlantVillage external crop disease dataset
data/PlantVillage/Tomato_Septoria_leaf_spot/086f38cc-ea15-4625-aa96-9a74c65f7f7f___Matt.S_CG 6713.JPG,Tomato_Septoria_leaf_spot,PlantVillage external crop disease dataset
data/PlantVillage/Tomato_Bacterial_spot/12440deb-4c37-42ed-a6ea-dcb018b52620___GCREC_Bact.Sp 3436.JPG,Tomato_Bacterial_spot,PlantVillage external crop disease dataset
data/PlantVillage/Tomato_Late_blight/20593434-37e3-490e-b619-cdb3d6515517___GHLB2 Leaf 8688.JPG,Tomato_Late_blight,PlantVillage external crop disease dataset
data/PlantVillage/Potato___Early_blight/306c45ac-6f97-4b7e-9fad-1c8c39870138___RS_Early.B 7673.JPG,Potato___Early_blight,PlantVillage external crop disease dataset
data/PlantVillage/Tomato__Target_Spot/37fbfab6-0bb9-4b4a-9094-ee71418d8abd___Com.G_TgS_FL 1016.JPG,Tomato__Target_Spot,PlantVillage external crop disease dataset
data/PlantVillage/Tomato_Late_blight/0b3c7107-cef9-455e-8fa0-30039b9fc206___RS_Late.B 5038.JPG,Tomato_Late_blight,PlantVillage external crop disease dataset
data/PlantVillage/Tomato_healthy/09e0f4bb-e933-4969-8097-58cf47065790___RS_HL 0387.JPG,Tomato_healthy,PlantVillage external crop disease dataset
data/PlantVillage/Tomato_Septoria_leaf_spot/1096dcdd-94e3-4752-bd19-2fba23b6c206___Matt.S_CG 1567.JPG,Tomato_Septoria_leaf_spot,PlantVillage external crop disease dataset
data/PlantVillage/Potato___healthy/60e9a878-13e0-4345-964c-fd807cd20bbb___RS_HL 1876.JPG,Potato___healthy,PlantVillage external crop disease dataset
data/PlantVillage/Potato___Late_blight/2ed031ef-c77f-42d2-83fa-4fbfc66d67b2___RS_LB 5254.JPG,Potato___Late_blight,PlantVillage external crop disease dataset
data/PlantVillage/Tomato_healthy/0b5cfce2-38fd-4984-8926-2d2911c48490___RS_HL 9733.JPG,Tomato_healthy,PlantVillage external crop disease dataset
data/PlantVillage/Tomato__Tomato_YellowLeaf__Curl_Virus/0a9e37a2-95d5-4af7-95a1-2cbb67074452___YLCV_NREC 2291.JPG,Tomato__Tomato_YellowLeaf__Curl_Virus,PlantVillage external crop disease dataset
data/PlantVillage/Tomato_Early_blight/32065728-b0b0-4840-b2cc-7461b371e57f___RS_Erly.B 6407.JPG,Tomato_Early_blight,PlantVillage external crop disease dataset
data/PlantVillage/Tomato__Target_Spot/0ff32a4f-e1d2-4ab4-98ae-41ef143c56b1___Com.G_TgS_FL 1084.JPG,Tomato__Target_Spot,PlantVillage external crop disease dataset
data/PlantVillage/Tomato__Target_Spot/1cf38c9a-f005-455f-9101-a04239ccb9a4___Com.G_TgS_FL 0749.JPG,Tomato__Target_Spot,PlantVillage external crop disease dataset
data/PlantVillage/Potato___Early_blight/4e7faad5-4f3c-432a-8a71-bbe198aece77___RS_Early.B 7354.JPG,Potato___Early_blight,PlantVillage external crop disease dataset
data/PlantVillage/Tomato_healthy/1ae5cf7c-f03a-4591-93e9-61d9784763e0___RS_HL 0043.JPG,Tomato_healthy,PlantVillage external crop disease dataset
data/PlantVillage/Tomato__Tomato_mosaic_virus/67662638-1bfa-4ff6-8305-2d8544277ef0___PSU_CG 2222.JPG,Tomato__Tomato_mosaic_virus,PlantVillage external crop disease dataset
data/PlantVillage/Pepper__bell___Bacterial_spot/09035eae-2a1c-4718-8877-5270a1fe8462___JR_B.Spot 3280.JPG,Pepper__bell___Bacterial_spot,PlantVillage external crop disease dataset
data/PlantVillage/Tomato_Late_blight/0e244a32-08cd-471c-90dd-141c354c20b3___GHLB2 Leaf 8634.JPG,Tomato_Late_blight,PlantVillage external crop disease dataset
data/PlantVillage/Tomato_Spider_mites_Two_spotted_spider_mite/093aecee-3211-4aad-8f09-45ccdc92eeb6___Com.G_SpM_FL 9040.JPG,Tomato_Spider_mites_Two_spotted_spider_mite,PlantVillage external crop disease dataset
data/PlantVillage/Tomato__Tomato_YellowLeaf__Curl_Virus/0c6d4620-cb78-4896-884d-b07cef71dfd3___YLCV_NREC 2640.JPG,Tomato__Tomato_YellowLeaf__Curl_Virus,PlantVillage external crop disease dataset
data/PlantVillage/Potato___Late_blight/1dc41475-aa79-43f1-8648-0c8733d246ca___RS_LB 3319.JPG,Potato___Late_blight,PlantVillage external crop disease dataset
data/PlantVillage/Tomato_Leaf_Mold/128f8a8f-257f-4fb1-b4c3-4eeb524af355___Crnl_L.Mold 8985.JPG,Tomato_Leaf_Mold,PlantVillage external crop disease dataset
data/PlantVillage/Tomato__Tomato_mosaic_virus/457f4e02-65b3-4e02-ba87-7f20ab44f89e___PSU_CG 2180.JPG,Tomato__Tomato_mosaic_virus,PlantVillage external crop disease dataset
data/PlantVillage/Tomato_Spider_mites_Two_spotted_spider_mite/2035804b-547e-473b-a510-7773a7ff2c58___Com.G_SpM_FL 9359.JPG,Tomato_Spider_mites_Two_spotted_spider_mite,PlantVillage external crop disease dataset
data/PlantVillage/Pepper__bell___Bacterial_spot/313665a9-0f55-4f00-9373-74bf7349e6a6___NREC_B.Spot 1982.JPG,Pepper__bell___Bacterial_spot,PlantVillage external crop disease dataset
data/PlantVillage/Pepper__bell___Bacterial_spot/1aeb4d06-0069-4fea-be9f-3200ac2e9373___NREC_B.Spot 1909.JPG,Pepper__bell___Bacterial_spot,PlantVillage external crop disease dataset
data/PlantVillage/Tomato_Spider_mites_Two_spotted_spider_mite/0f3b55b7-39de-4a05-9ed0-9ceaa32a2c34___Com.G_SpM_FL 8873.JPG,Tomato_Spider_mites_Two_spotted_spider_mite,PlantVillage external crop disease dataset
data/PlantVillage/Tomato_Leaf_Mold/4b6a59ef-a004-4581-a2c4-d8f94893817e___Crnl_L.Mold 6541.JPG,Tomato_Leaf_Mold,PlantVillage external crop disease dataset
data/PlantVillage/Pepper__bell___healthy/3688ae98-5f85-4df3-a51f-07ad8707d5a5___JR_HL 8751.JPG,Pepper__bell___healthy,PlantVillage external crop disease dataset
data/PlantVillage/Tomato_Bacterial_spot/05530c50-5cb9-484f-91d0-82c9df7689d5___GCREC_Bact.Sp 6051.JPG,Tomato_Bacterial_spot,PlantVillage external crop disease dataset
data/PlantVillage/Tomato__Target_Spot/23030173-1999-4b35-b096-59a70bdc2682___Com.G_TgS_FL 8375.JPG,Tomato__Target_Spot,PlantVillage external crop disease dataset
data/PlantVillage/Tomato__Tomato_mosaic_virus/8a01c89e-3a9f-465a-ac47-79cc99f5ffaa___PSU_CG 2329.JPG,Tomato__Tomato_mosaic_virus,PlantVillage external crop disease dataset
data/PlantVillage/PlantVillage/Pepper__bell___Bacterial_spot/1d46d97c-17ae-41e2-9ac3-6a984804760e___JR_B.Spot 8825.JPG,PlantVillage,PlantVillage external crop disease dataset
